종목명,코드,시장,섹터,현재가,갭일,갭후일수,갭크기%,거래량배수,갭시가,갭저가,박스고점,박스저점,횡보주,횡보폭%,6개월고점,성곽돌파,완전돌파,갭유지,갭시가대비%,박스위%,막돌파,사상최고가,최고가대비%,52주고점대비%,신규상장,상대강도,갭점수,연속일,NEW,투자포인트,소개
TSE7552,7552.T,JP,미분류,4885.0,2026-09-29,1,9.44,6.27,4695.0,4400.0,4335.0,3605.0,5.0,20.2,4335.0,True,True,True,4.05,12.69,True,4990.0,-2.1,2.1,False,87.0,90.0,15,False,- · 박스 5주 · 폭 20% · 완전돌파 · 주가강도 상위 13%,-
YAMAGUCHI FINANCIAL GROUP IN,8418.T,JP,금융,3494.0,2026-09-18,5,2.15,4.18,3326.0,3293.0,3307.0,2563.5,19.0,29.0,3307.0,True,False,True,5.05,5.65,True,3589.0,-2.6,2.6,False,80.0,68.0,10,False,"금융 중형주 · 시총 6,939억엔 · ROE 6% · 박스 19주 · 폭 29% · 주가강도 상위 20%",금융
KYUSHU FINANCIAL GROUP INC,7180.T,JP,금융,1718.0,2026-09-18,5,3.38,2.3,1680.0,1641.5,1649.0,1299.0,18.0,26.9,1649.0,True,False,True,2.26,4.18,True,1756.0,-2.2,2.2,False,81.0,54.0,10,False,"금융 중형주 · 시총 7,060억엔 · ROE 5% · 박스 18주 · 폭 27% · 주가강도 상위 19%",금융
Mistras Group Inc Common Stock,MG,US,산업재,21.59,2026-09-18,6,4.13,11.47,20.66,20.65,20.4,17.33,5.0,17.7,20.4,True,True,True,4.5,5.83,True,26.98,-20.0,0.8,False,84.0,72.0,10,False,보안 서비스 소형주 · 시총 7억달러 · 분기이익 +130% 급증 · ROE 12% · 박스 5주 · 폭 18% · 완전돌파 · 주가강도 상위 16%,보안 서비스
Kodiak Sciences Inc - Common Stock,KOD,US,미분류,89.92,2026-09-28,0,90.76,57.38,61.71,60.49,43.04,29.81,6.0,44.4,47.84,True,True,True,45.71,108.92,False,171.21,-47.5,6.1,False,99.0,79.0,1,True,- · 박스 6주 · 폭 44% · 완전돌파 · 주가강도 상위 1% (최상위권),-
"Amprius Technologies, Inc. Common Stoc",AMPX,US,미분류,9.6,2026-09-28,0,11.59,2.9,10.88,9.47,10.64,8.76,5.0,21.5,24.23,False,False,False,-11.76,-9.77,False,26.01,-63.1,60.4,False,8.0,55.0,1,True,- · 박스 5주 · 폭 22% · 주가강도 8점,-
TSE6730,6730.T,JP,미분류,1610.0,2026-09-30,0,7.86,1.87,1646.0,1594.0,1526.0,1065.0,8.0,43.3,1526.0,True,True,True,-2.19,5.5,False,4080.0,-60.5,5.3,False,74.0,54.0,15,False,- · 박스 8주 · 폭 43% · 완전돌파 · 주가강도 74점,-
博纳影业,001330.SZ,CN,미분류,6.63,2026-09-29,0,6.92,3.26,6.8,6.16,6.53,5.05,4.0,29.3,10.13,False,False,True,-2.5,1.53,False,15.23,-56.5,51.7,False,30.0,49.0,1,True,- · 박스 4주 · 폭 29% · 주가강도 30점,-
吉鑫科技,601218.SS,CN,산업재,6.13,2026-09-29,0,4.13,4.77,6.3,5.75,6.05,4.22,8.0,43.4,7.15,False,False,True,-2.7,1.32,False,16.52,-62.9,25.3,False,61.0,48.0,14,False,산업기계 소형주 · 시총 51억위안 · ROE 6% · 박스 8주 · 폭 43% · 주가강도 61점,산업기계
HLB,028300.KQ,KR,미분류,38950.0,2026-09-29,1,17.38,5.83,46600.0,38700.0,39700.0,29400.0,5.0,35.0,68500.0,False,False,False,-16.42,-1.89,False,3398705.75,-98.9,43.7,False,8.0,58.0,2,False,- · 박스 5주 · 폭 35% · 주가강도 8점,-
HLB이노베이션,024850.KQ,KR,미분류,15650.0,2026-09-28,2,29.79,5.45,19650.0,19010.0,17450.0,12520.0,6.0,39.4,28100.0,False,True,False,-20.36,-10.32,False,35550.0,-56.0,46.2,False,64.0,68.0,2,False,- · 박스 6주 · 폭 39% · 완전돌파 · 주가강도 64점,-
루닛,328130.KQ,KR,헬스케어,11030.0,2026-09-28,2,15.8,11.41,11360.0,11110.0,10500.0,8180.0,5.0,28.4,24550.0,False,True,True,-2.9,5.05,False,61101.71,-81.9,55.1,False,4.0,68.0,9,False,"의료정보 서비스 소형주 · 시총 7,319억원 · 박스 5주 · 폭 28% · 완전돌파 · 주가강도 4점",의료정보 서비스
康强电子,002119.SZ,CN,미분류,28.27,2026-09-24,2,5.94,3.13,28.52,28.01,26.92,21.65,7.0,24.3,41.8,False,True,True,-0.88,5.01,False,41.8,-32.4,32.4,False,61.0,59.0,15,False,- · 박스 7주 · 폭 24% · 완전돌파 · 주가강도 61점,-
"Everpure, Inc. Class A common stock",P,US,미분류,129.4,2026-09-24,2,3.92,2.56,113.95,113.51,113.8,89.64,4.0,26.9,119.1,False,False,True,13.56,13.71,False,132.43,-2.3,1.5,False,92.0,54.0,15,False,- · 분기이익 +50% 급증 · 박스 4주 · 폭 27% · 주가강도 상위 8% (최상위권),-
"TSS, Inc. - Common Stock",TSSI,US,미분류,9.72,2026-09-24,2,7.54,3.52,9.98,9.54,9.58,7.62,5.0,25.7,17.49,False,False,True,-2.61,1.46,False,31.94,-69.6,55.4,False,11.0,49.0,3,False,- · 분기이익 -17% · 박스 5주 · 폭 26% · 주가강도 11점,-
"Worthington Enterprises, Inc. Common S",WOR,US,미분류,60.87,2026-09-23,3,13.86,5.4,67.11,56.74,63.13,51.16,24.0,23.4,63.13,True,False,False,-9.3,-3.58,False,70.91,-14.2,9.9,False,47.0,69.0,7,False,- · 분기이익 +24% · 박스 24주 · 폭 23% · 주가강도 47점,-
노타,486990.KQ,KR,미분류,19920.0,2026-09-23,3,8.2,11.01,24400.0,19760.0,22550.0,15640.0,8.0,44.2,48000.0,False,False,False,-18.36,-11.66,False,65300.0,-69.5,69.5,True,,58.0,7,False,- · 박스 8주 · 폭 44%,-
쓰리빌리언,394800.KQ,KR,미분류,6390.0,2026-09-23,3,21.15,21.11,5700.0,5280.0,5530.0,4020.0,4.0,37.6,14320.0,False,False,True,12.11,15.55,False,20100.0,-68.2,68.2,False,6.0,58.0,2,False,- · 박스 4주 · 폭 38% · 주가강도 6점,-
"IonQ, Inc. Common Stock",IONQ,US,미분류,44.58,2026-09-23,3,12.52,3.67,45.84,41.63,44.43,35.0,4.0,26.9,73.65,False,False,True,-2.75,0.34,False,84.64,-47.3,47.3,False,27.0,53.0,7,False,- · 박스 4주 · 폭 27% · 주가강도 27점,-
Quantum Computing Inc. - Common Stock,QUBT,US,미분류,8.57,2026-09-23,3,6.5,1.93,9.67,9.05,9.35,7.3,11.0,28.1,14.45,False,False,False,-11.38,-8.34,False,5000.0,-99.8,66.8,False,12.0,40.0,15,False,- · 박스 11주 · 폭 28% · 주가강도 12점,-
TSE5541,5541.T,JP,미분류,2612.0,2026-09-25,3,5.26,2.11,2800.0,2692.0,2784.0,2203.0,11.0,26.4,3025.0,False,False,False,-6.71,-6.18,False,26650.0,-90.2,32.4,False,51.0,40.0,3,False,- · 박스 11주 · 폭 26% · 주가강도 51점,-
智度股份,000676.SZ,CN,미분류,6.65,2026-09-23,3,4.03,2.1,7.75,7.23,7.72,6.34,6.0,21.8,8.25,False,False,False,-14.19,-13.86,False,35.94,-81.5,39.5,False,23.0,40.0,15,False,- · 박스 6주 · 폭 22% · 주가강도 23점,-
"Viking Therapeutics, Inc. - Common Sto",VKTX,US,미분류,33.03,2026-09-22,4,22.88,20.85,37.0,36.34,36.26,28.4,8.0,27.7,42.79,False,True,False,-10.73,-8.91,False,99.41,-66.8,23.5,False,27.0,68.0,8,False,- · 박스 8주 · 폭 28% · 완전돌파 · 주가강도 27점,-
TSE2244,2244.T,JP,미분류,3712.0,2026-09-24,4,3.88,2.87,3745.0,3720.0,3712.0,2884.0,23.0,28.7,3712.0,True,True,False,-0.88,0.0,False,3770.0,-1.5,1.5,False,53.0,68.0,6,False,- · 박스 23주 · 폭 29% · 완전돌파 · 주가강도 53점,-
广合科技,001389.SZ,CN,미분류,191.84,2026-09-22,4,7.57,3.3,200.01,197.29,185.93,145.05,6.0,28.2,238.26,False,True,False,-4.08,3.18,False,238.26,-19.5,19.5,False,91.0,66.0,15,False,- · 박스 6주 · 폭 28% · 완전돌파 · 주가강도 상위 9% (최상위권),-
심텍,222800.KQ,KR,미분류,150700.0,2026-09-22,4,6.04,2.4,138600.0,138400.0,138300.0,98100.0,6.0,41.0,164200.0,False,True,True,8.73,8.97,False,164200.0,-8.2,8.2,False,98.0,61.0,8,False,- · 박스 6주 · 폭 41% · 완전돌파 · 주가강도 상위 2% (최상위권),-
中国长城,000066.SZ,CN,미분류,14.42,2026-09-22,4,9.97,3.79,16.32,15.6,15.85,13.11,9.0,20.9,25.74,False,False,False,-11.64,-9.02,False,25.74,-44.0,44.0,False,16.0,59.0,8,False,- · 박스 9주 · 폭 21% · 주가강도 16점,-
서울반도체,046890.KQ,KR,미분류,10630.0,2026-09-22,4,13.6,6.28,11530.0,10370.0,10620.0,8170.0,7.0,30.0,18960.0,False,False,True,-7.81,0.09,False,50800.0,-79.1,43.9,False,61.0,58.0,8,False,- · 박스 7주 · 폭 30% · 주가강도 61점,-
TSE6597,6597.T,JP,미분류,3980.0,2026-09-24,4,5.2,2.16,4250.0,4170.0,4050.0,3210.0,6.0,26.2,7500.0,False,True,False,-6.35,-1.73,False,7500.0,-46.9,46.9,False,90.0,57.0,15,False,- · 박스 6주 · 폭 26% · 완전돌파 · 주가강도 상위 10% (최상위권),-
Twilio Inc. Class A Common Stock,TWLO,US,기술·IT,286.98,2026-09-22,4,2.08,1.94,271.6,270.0,266.48,215.79,6.0,23.5,266.48,True,True,True,5.66,7.69,False,457.3,-37.2,5.8,False,95.0,55.0,15,False,기술·IT 중형주 · 시총 424억달러 · 분기이익 +4671% 급증 · ROE 13% · 박스 6주 · 폭 24% · 완전돌파 · 주가강도 상위 5% (최상위권),기술·IT
TSE2869,2869.T,JP,미분류,3093.0,2026-09-24,4,6.05,3.74,3102.0,3067.0,3091.0,2541.0,10.0,21.6,82350.0,False,False,True,-0.29,0.06,False,82350.0,-96.2,96.2,False,1.0,55.0,6,False,- · 박스 10주 · 폭 22% · 주가강도 1점,-
TSE3905,3905.T,JP,미분류,1959.0,2026-09-24,4,22.7,3.94,1892.0,1718.0,1822.0,1425.0,4.0,27.9,6140.0,False,False,True,3.54,7.52,False,6140.0,-68.1,68.1,False,13.0,53.0,6,False,- · 박스 4주 · 폭 28% · 주가강도 13점,-
华锡有色,600301.SS,CN,미분류,48.64,2026-09-22,4,9.97,3.29,54.95,48.1,52.1,42.0,7.0,24.0,72.16,False,False,False,-11.48,-6.64,False,77.77,-37.5,37.5,False,35.0,53.0,15,False,- · 박스 7주 · 폭 24% · 주가강도 35점,-
宏和科技,603256.SS,CN,미분류,139.05,2026-09-22,4,4.98,2.37,156.33,155.65,153.4,118.73,4.0,29.2,304.0,False,True,False,-11.05,-9.35,False,304.0,-54.3,54.3,False,96.0,51.0,8,False,"- 대형주 · 시총 1,440억위안 · 박스 4주 · 폭 29% · 완전돌파 · 주가강도 상위 4% (최상위권)",-
한섬,020000.KS,KR,경기소비재,21300.0,2026-09-22,4,2.75,2.63,19070.0,18910.0,18700.0,14900.0,6.0,25.5,28750.0,False,True,True,11.69,13.9,False,51200.0,-58.4,25.9,False,42.0,49.0,8,False,"의류 제조 소형주 · 시총 4,278억원 · 분기이익 +35% 급증 · ROE 4% · 박스 6주 · 폭 26% · 완전돌파 · 주가강도 42점",의류 제조
歌尔股份,002241.SZ,CN,기술·IT,23.0,2026-09-22,4,5.04,2.82,25.0,24.0,24.8,20.22,15.0,22.7,29.18,False,False,False,-8.0,-7.26,False,58.43,-60.6,43.5,False,18.0,49.0,8,False,가전·전자기기 중형주 · 시총 877억위안 · ROE 11% · 박스 15주 · 폭 23% · 주가강도 18점,가전·전자기기
GameStop Corporation Common Stock,GME,US,경기소비재,23.96,2026-09-22,4,3.25,2.24,23.5,23.29,23.11,17.79,15.0,29.9,26.88,False,True,True,1.96,3.68,False,120.75,-80.2,14.7,False,35.0,48.0,8,False,전문 유통 중형주 · 시총 121억달러 · 분기이익 +65% 급증 · ROE 16% · 박스 15주 · 폭 30% · 완전돌파 · 주가강도 35점,전문 유통
博通集成,603068.SS,CN,기술·IT,45.0,2026-09-22,4,3.68,2.49,45.4,45.13,44.4,34.17,8.0,29.9,44.4,True,True,True,-0.88,1.35,False,145.99,-69.2,10.0,False,52.0,48.0,8,False,반도체 소형주 · 시총 73억위안 · ROE 3% · 박스 8주 · 폭 30% · 완전돌파 · 주가강도 52점,반도체
新亚制程,002388.SZ,CN,산업재,8.27,2026-09-22,4,6.42,2.14,8.46,7.8,7.95,5.56,6.0,43.0,7.95,True,False,True,-2.25,4.03,False,18.89,-56.2,4.6,False,83.0,48.0,15,False,전기장비·부품 소형주 · 시총 36억위안 · 박스 6주 · 폭 43% · 주가강도 상위 17%,전기장비·부품
Vicor Corporation - Common Stock,VICR,US,기술·IT,285.1,2026-09-22,4,7.66,2.34,241.04,229.2,232.74,172.56,4.0,34.9,382.65,False,False,True,18.28,22.5,False,382.65,-25.5,25.5,False,97.0,47.0,8,False,전자부품 중형주 · 시총 124억달러 · 분기이익 +14% · ROE 20% · 박스 4주 · 폭 35% · 주가강도 상위 3% (최상위권),전자부품
기가비스,420770.KQ,KR,기술·IT,134600.0,2026-09-22,4,4.91,2.61,115300.0,113500.0,114200.0,90000.0,4.0,26.9,206000.0,False,False,True,16.74,17.86,False,206000.0,-34.7,34.7,False,97.0,46.0,8,False,반도체 장비·소재 중형주 · 시총 1.5조원 · 분기이익 +330% 급증 · ROE 2% · 박스 4주 · 폭 27% · 주가강도 상위 3% (최상위권),반도체 장비·소재
高争民爆,002827.SZ,CN,소재,62.04,2026-09-22,4,2.74,1.65,73.0,71.1,71.8,52.0,6.0,38.1,71.8,True,False,False,-15.01,-13.59,False,79.94,-22.4,22.4,False,95.0,45.0,15,False,정밀화학 중형주 · 시총 206억위안 · ROE 14% · 박스 6주 · 폭 38% · 주가강도 상위 5% (최상위권),정밀화학
TSE6787,6787.T,JP,미분류,25090.0,2026-09-24,4,4.16,1.93,23060.0,22790.0,22700.0,16440.0,6.0,38.1,45300.0,False,True,True,8.8,10.53,False,45300.0,-44.6,44.6,False,78.0,44.0,6,False,- · 박스 6주 · 폭 38% · 완전돌파 · 주가강도 78점,-
万通发展,600246.SS,CN,부동산,13.13,2026-09-22,4,3.05,1.65,14.55,14.54,14.24,10.29,8.0,38.4,21.32,False,True,False,-9.76,-7.79,False,21.32,-38.4,38.4,False,27.0,44.0,8,False,부동산 중형주 · 시총 284억위안 · 박스 8주 · 폭 38% · 완전돌파 · 주가강도 27점,부동산
"Xometry, Inc. - Class A Common Stock",XMTR,US,산업재,103.14,2026-09-22,4,2.25,1.69,101.77,99.6,100.72,80.64,8.0,24.9,106.08,False,False,True,1.35,2.4,False,107.93,-4.4,4.4,False,89.0,42.0,7,False,산업재 유통 중형주 · 시총 56억달러 · 박스 8주 · 폭 25% · 주가강도 상위 11%,산업재 유통
澳洋健康,002172.SZ,CN,소재,5.49,2026-09-22,4,3.1,2.36,5.99,5.55,5.81,4.12,4.0,41.0,5.81,True,False,False,-8.35,-5.51,False,25.56,-78.5,12.4,False,82.0,42.0,8,False,화학 소형주 · 시총 43억위안 · ROE 21% · 박스 4주 · 폭 41% · 주가강도 상위 18%,화학
TSE5367,5367.T,JP,미분류,1449.0,2026-09-24,4,3.45,1.95,1500.0,1391.0,1450.0,1166.0,6.0,24.4,2099.0,False,False,False,-3.4,-0.07,False,2099.0,-31.0,31.0,False,92.0,41.0,15,False,- · 박스 6주 · 폭 24% · 주가강도 상위 8% (최상위권),-
네오셈,253590.KQ,KR,기술·IT,13630.0,2026-09-22,4,3.76,2.84,13510.0,13010.0,13150.0,9690.0,5.0,35.7,21400.0,False,False,True,0.89,3.65,False,21400.0,-36.3,36.3,False,58.0,39.0,8,False,"반도체 소형주 · 시총 5,701억원 · ROE 13% · 박스 5주 · 폭 36% · 주가강도 58점",반도체
해성디에스,195870.KS,KR,기술·IT,62800.0,2026-09-22,4,4.62,2.15,58900.0,58400.0,58800.0,47600.0,4.0,23.5,108500.0,False,False,True,6.62,6.8,False,108500.0,-42.1,42.1,False,66.0,34.0,15,False,반도체 장비·소재 중형주 · 시총 1.0조원 · ROE 10% · 박스 4주 · 폭 24% · 주가강도 66점,반도체 장비·소재
"GRAIL, Inc. - Common Stock",GRAL,US,헬스케어,132.63,2026-09-21,5,16.06,4.76,93.74,92.0,85.49,66.35,5.0,28.8,85.49,True,True,True,41.49,55.14,False,140.88,-5.9,1.3,False,96.0,83.0,8,False,진단·연구 소형주 · 시총 48억달러 · 박스 5주 · 폭 29% · 완전돌파 · 주가강도 상위 4% (최상위권),진단·연구
"Priority Technology Holdings, Inc. - C",PRTH,US,기술·IT,7.77,2026-09-21,5,33.53,43.82,7.78,7.76,6.17,5.1,6.0,21.0,7.43,True,True,True,-0.19,25.93,False,12.99,-40.2,1.8,False,65.0,78.0,8,False,기술·IT 소형주 · 시총 6억달러 · 분기이익 -14% · 박스 6주 · 폭 21% · 완전돌파 · 주가강도 65점,기술·IT
Critical Metals Corp. - Ordinary Share,CRML,US,소재,7.65,2026-09-21,5,29.2,8.65,8.69,8.57,8.56,5.97,4.0,43.5,14.51,False,True,False,-12.02,-10.63,False,32.15,-76.2,76.2,False,22.0,68.0,8,False,산업금속 광업 소형주 · 시총 13억달러 · 박스 4주 · 폭 44% · 완전돌파 · 주가강도 22점,산업금속 광업
Twin Vee PowerCats Co. - Common Stock,VEEE,US,경기소비재,13.69,2026-09-21,5,69.0,10.91,14.5,13.68,10.84,8.34,4.0,30.0,55.49,False,True,True,-5.59,26.29,False,3256.0,-99.6,89.3,False,73.0,68.0,8,False,레저용 차량 소형주 · 시총 9백만달러 · 박스 4주 · 폭 30% · 완전돌파 · 주가강도 73점,레저용 차량
Arm Holdings plc - American Depositary,ARM,US,기술·IT,283.33,2026-09-21,5,6.8,2.66,294.36,293.08,287.15,225.46,5.0,27.4,452.7,False,True,False,-3.75,-1.33,False,452.7,-37.4,37.4,False,88.0,59.0,15,False,"반도체 초대형주 · 시총 3,559억달러 · 분기이익 +108% 급증 · ROE 13% · 박스 5주 · 폭 27% · 완전돌파 · 주가강도 상위 12%",반도체
Intel Corporation - Common Stock,INTC,US,기술·IT,116.03,2026-09-21,5,7.3,1.78,116.53,114.93,111.37,81.79,10.0,36.2,142.35,False,True,True,-0.43,4.18,False,142.35,-18.5,18.5,False,96.0,57.0,8,False,"반도체 초대형주 · 시총 6,547억달러 · 박스 10주 · 폭 36% · 완전돌파 · 주가강도 상위 4% (최상위권)",반도체
"Coinbase Global, Inc. - Class A Common",COIN,US,금융,191.79,2026-09-21,5,5.63,1.57,205.19,200.65,196.21,161.18,4.0,21.7,222.35,False,True,False,-6.53,-2.25,False,444.65,-56.9,52.3,False,34.0,56.0,15,False,금융정보·거래소 대형주 · 시총 530억달러 · 분기이익 -126% · 박스 4주 · 폭 22% · 완전돌파 · 주가강도 34점,금융정보·거래소
"Advanced Micro Devices, Inc. - Common ",AMD,US,기술·IT,607.87,2026-09-21,5,4.3,1.88,583.88,582.27,559.91,440.5,7.0,27.1,584.73,False,True,True,4.11,8.57,False,639.0,-4.9,4.9,False,97.0,55.0,8,False,반도체 초대형주 · 시총 1.0조달러 · 분기이익 +156% 급증 · ROE 10% · 박스 7주 · 폭 27% · 완전돌파 · 주가강도 상위 3% (최상위권),반도체
"Sharplink, Inc. - Common Stock",SBET,US,금융,9.5,2026-09-21,5,6.84,1.57,9.99,9.62,9.49,7.71,4.0,23.1,9.49,True,True,True,-4.9,0.11,False,25560.0,-100.0,51.4,False,77.0,54.0,15,False,증권·자본시장 소형주 · 시총 19억달러 · 박스 4주 · 폭 23% · 완전돌파 · 주가강도 77점,증권·자본시장
MONTAGE TECH,6809.HK,HK,기술·IT,294.0,2026-09-22,5,11.73,1.56,320.0,307.0,303.0,242.6,4.0,24.9,543.0,False,True,False,-8.13,-2.97,False,543.0,-45.9,45.9,True,,54.0,8,False,"반도체 대형주 · 시총 3,669억HKD · ROE 18% · 박스 4주 · 폭 25% · 완전돌파",반도체
Strategy Inc - Class A Common Stock,MSTR,US,기술·IT,157.14,2026-09-21,5,6.93,1.92,164.58,164.49,154.02,115.8,4.0,33.0,197.0,False,True,False,-4.52,2.03,False,543.0,-71.1,57.0,False,63.0,50.0,15,False,기술·IT 대형주 · 시총 542억달러 · 분기이익 -175% · 박스 4주 · 폭 33% · 완전돌파 · 주가강도 63점,기술·IT
"Bakkt, Inc. Class A Common Stock",BKKT,US,기술·IT,8.0,2026-09-21,5,8.13,1.64,9.31,8.9,9.02,6.99,4.0,29.0,13.04,False,False,False,-14.07,-11.29,False,1270.0,-99.4,83.9,False,13.0,44.0,15,False,기술·IT 소형주 · 시총 4억달러 · 박스 4주 · 폭 29% · 주가강도 13점,기술·IT
Hyperliquid Strategies Inc - Common St,PURR,US,금융,12.08,2026-09-21,5,3.97,1.89,14.65,13.49,14.47,10.42,4.0,38.9,14.47,True,False,False,-17.54,-16.52,False,14.76,-18.2,18.2,True,,38.0,15,False,증권·자본시장 소형주 · 시총 28억달러 · ROE 33% · 박스 4주 · 폭 39%,증권·자본시장
케이엠더블유,032500.KQ,KR,기술·IT,19080.0,2026-09-21,5,4.68,2.21,20350.0,18770.0,19520.0,13510.0,6.0,44.5,40000.0,False,False,False,-6.24,-2.25,False,89500.0,-78.7,52.3,False,34.0,34.0,15,False,"통신장비 소형주 · 시총 7,595억원 · 박스 6주 · 폭 44% · 주가강도 34점",통신장비
Bullish Ordinary Shares,BLSH,US,기술·IT,35.99,2026-09-21,5,4.41,1.54,40.03,38.72,39.56,29.15,4.0,35.7,48.93,False,False,False,-10.09,-9.01,False,118.0,-69.5,49.0,True,43.0,34.0,8,False,기술·IT 중형주 · 시총 62억달러 · 분기이익 -342% · 박스 4주 · 폭 36% · 주가강도 43점,기술·IT
아이씨티케이,456010.KQ,KR,기술·IT,23800.0,2026-09-18,6,10.24,5.38,22600.0,22100.0,20550.0,14450.0,5.0,42.2,39950.0,False,True,True,5.31,15.82,False,39950.0,-40.4,40.4,False,84.0,72.0,15,False,"반도체 소형주 · 시총 2,686억원 · 박스 5주 · 폭 42% · 완전돌파 · 주가강도 상위 16%",반도체
Cybin Inc. - Common Stock,HELP,US,헬스케어,12.59,2026-09-18,6,8.06,3.15,15.15,12.1,14.35,11.11,5.0,29.2,14.35,True,False,False,-16.9,-12.26,False,128.44,-90.2,16.9,False,95.0,64.0,10,False,바이오 소형주 · 시총 10억달러 · 박스 5주 · 폭 29% · 주가강도 상위 5% (최상위권),바이오
中晶科技,003026.SZ,CN,기술·IT,33.32,2026-09-18,6,10.0,6.15,40.7,36.75,37.0,26.36,6.0,40.4,49.8,False,False,False,-18.13,-9.95,False,61.49,-45.8,33.1,False,53.0,58.0,13,False,반도체 장비·소재 소형주 · 시총 70억위안 · ROE 9% · 박스 6주 · 폭 40% · 주가강도 53점,반도체 장비·소재
TORM plc - Class A Common Stock,TRMD,US,에너지,35.42,2026-09-18,6,2.95,2.1,37.71,37.31,37.22,29.09,5.0,27.9,37.22,True,True,False,-6.07,-4.84,False,48.86,-27.5,8.5,False,81.0,52.0,10,False,석유·가스 수송 소형주 · 시총 38억달러 · 분기이익 +460% 급증 · ROE 27% · 박스 5주 · 폭 28% · 완전돌파 · 주가강도 상위 19%,석유·가스 수송
RFHIC,218410.KQ,KR,미분류,58900.0,2026-09-18,6,3.0,4.68,55000.0,54700.0,54700.0,42900.0,4.0,27.5,126900.0,False,False,True,7.09,7.68,False,126900.0,-53.6,53.6,False,63.0,48.0,15,False,- 중형주 · 시총 1.5조원 · 분기이익 +20% · 박스 4주 · 폭 28% · 주가강도 63점,-
NICHIDEN CORP,9902.T,JP,산업재,3185.0,2026-09-17,6,2.04,1.62,3255.0,3255.0,3245.0,2527.0,11.0,28.4,3245.0,True,True,False,-2.15,-1.85,False,3830.0,-16.8,4.2,False,60.0,48.0,13,False,산업재 유통 소형주 · 시총 955억엔 · ROE 6% · 박스 11주 · 폭 28% · 완전돌파 · 주가강도 60점,산업재 유통
"Dynatrace, Inc. Common Stock",DT,US,기술·IT,57.84,2026-09-18,6,2.47,1.93,57.21,54.92,56.27,46.79,6.0,20.3,56.27,True,False,True,1.1,2.79,False,80.13,-27.8,2.6,False,68.0,44.0,15,False,기술·IT 중형주 · 시총 164억달러 · 분기이익 -25% · ROE 6% · 박스 6주 · 폭 20% · 주가강도 68점,기술·IT
科森科技,603626.SS,CN,산업재,23.91,2026-09-18,6,3.95,1.74,22.13,22.12,21.69,17.49,4.0,24.0,28.99,False,True,True,8.04,10.24,False,36.42,-34.4,18.1,False,71.0,44.0,10,False,금속가공 중형주 · 시총 127억위안 · ROE 1% · 박스 4주 · 폭 24% · 완전돌파 · 주가강도 71점,금속가공
中材科技,002080.SZ,CN,소재,54.81,2026-09-18,6,10.0,2.14,64.56,57.8,63.7,46.59,6.0,36.7,102.22,False,False,False,-15.1,-13.96,False,102.22,-46.4,46.4,False,50.0,44.0,13,False,정밀화학 중형주 · 시총 985억위안 · ROE 8% · 박스 6주 · 폭 37% · 주가강도 50점,정밀화학
코미코,183300.KQ,KR,기술·IT,33450.0,2026-09-18,6,3.94,3.99,30350.0,29500.0,30250.0,23350.0,4.0,29.6,55680.0,False,False,True,10.21,10.58,False,55680.0,-39.9,39.9,False,75.0,43.0,10,False,반도체 장비·소재 중형주 · 시총 1.7조원 · 분기이익 -144% · ROE 16% · 박스 4주 · 폭 30% · 주가강도 75점,반도체 장비·소재
共达电声,002655.SZ,CN,기술·IT,34.37,2026-09-18,6,3.73,1.62,42.29,39.6,40.77,31.68,5.0,28.7,52.72,False,False,False,-18.73,-15.7,False,52.72,-34.8,34.8,False,92.0,41.0,15,False,전자부품 중형주 · 시총 146억위안 · ROE 5% · 박스 5주 · 폭 29% · 주가강도 상위 8% (최상위권),전자부품
I-NE CO LTD,4933.T,JP,필수소비재,2119.0,2026-09-16,7,23.8,4.14,2081.0,2081.0,1681.0,1352.0,5.0,24.3,1681.0,True,True,True,1.83,26.06,False,4060.0,-47.8,13.0,False,89.0,76.0,10,False,생활용품 소형주 · 시총 422억엔 · ROE 13% · 박스 5주 · 폭 24% · 완전돌파 · 주가강도 상위 11%,생활용품
"PubMatic, Inc. - Class A Common Stock",PUBM,US,기술·IT,18.41,2026-09-17,7,8.49,1.82,18.28,17.19,17.88,15.64,5.0,14.3,18.44,False,False,True,0.71,2.96,False,76.96,-76.1,4.1,False,93.0,61.0,15,False,기술·IT 소형주 · 시총 7억달러 · 박스 5주 · 폭 14% · 주가강도 상위 7% (최상위권),기술·IT
Generac Holdlings Inc. Common Stock,GNRC,US,산업재,205.21,2026-09-17,7,31.06,7.73,229.5,202.26,212.6,173.25,4.0,22.7,296.44,False,False,False,-10.58,-3.48,False,524.31,-60.9,30.8,False,32.0,58.0,15,False,산업기계 중형주 · 시총 122억달러 · 분기이익 +92% 급증 · ROE 9% · 박스 4주 · 폭 23% · 주가강도 32점,산업기계
비나텍,126340.KQ,KR,미분류,96000.0,2026-09-17,7,5.05,2.59,79000.0,76800.0,76200.0,55400.0,4.0,37.5,204500.0,False,True,True,21.52,25.98,False,204500.0,-53.1,53.1,False,61.0,55.0,13,False,"- 소형주 · 시총 6,308억원 · 박스 4주 · 폭 38% · 완전돌파 · 주가강도 61점",-
西陇科学,002584.SZ,CN,소재,8.68,2026-09-17,7,7.33,7.6,10.25,9.42,9.55,7.57,6.0,26.2,11.75,False,False,False,-15.32,-9.11,False,30.94,-71.9,26.1,False,18.0,54.0,14,False,정밀화학 소형주 · 시총 56억위안 · ROE 2% · 박스 6주 · 폭 26% · 주가강도 18점,정밀화학
"Magnite, Inc. - Common Stock",MGNI,US,통신·미디어,23.4,2026-09-17,7,11.98,2.8,26.63,24.63,25.79,20.35,6.0,26.7,25.79,True,False,False,-12.13,-9.27,False,64.39,-63.7,12.8,False,74.0,53.0,15,False,광고 소형주 · 시총 37억달러 · 분기이익 +62% 급증 · ROE 20% · 박스 6주 · 폭 27% · 주가강도 74점,광고
CMB.TECH NV Ordinary Shares,CMBT,US,에너지,19.05,2026-09-17,7,3.66,1.59,20.38,20.31,19.97,15.49,7.0,28.9,19.97,True,True,False,-6.53,-4.61,False,21.26,-10.4,8.5,False,87.0,52.0,15,False,석유·가스 수송 중형주 · 시총 56억달러 · ROE 30% · 박스 7주 · 폭 29% · 완전돌파 · 주가강도 상위 13%,석유·가스 수송
오이솔루션,138080.KQ,KR,미분류,28500.0,2026-09-17,7,2.71,3.24,26500.0,25500.0,26000.0,20100.0,5.0,29.4,57900.0,False,False,True,7.55,9.62,False,72500.0,-60.7,50.8,False,83.0,47.0,15,False,"- 소형주 · 시총 3,490억원 · 박스 5주 · 폭 29% · 주가강도 상위 17%",-
北自科技,603082.SS,CN,산업재,42.0,2026-09-17,7,3.81,3.41,55.0,51.0,52.98,38.51,5.0,37.6,52.98,True,False,False,-23.64,-20.72,False,55.8,-24.7,23.6,False,41.0,47.0,15,False,산업기계 소형주 · 시총 88억위안 · ROE 9% · 박스 5주 · 폭 38% · 주가강도 41점,산업기계
Radware Ltd. - Ordinary Shares,RDWR,US,기술·IT,29.46,2026-09-17,7,2.58,2.49,30.21,30.03,30.17,26.54,6.0,13.7,32.79,False,False,False,-2.48,-2.35,False,43.5,-32.3,10.2,False,37.0,44.0,15,False,기술·IT 소형주 · 시총 13억달러 · 분기이익 -56% · ROE 5% · 박스 6주 · 폭 14% · 주가강도 37점,기술·IT
GFL Environmental Inc. Subordinate vot,GFL,US,산업재,41.4,2026-09-17,7,7.26,2.25,44.05,42.71,44.0,34.39,14.0,27.9,45.37,False,False,False,-6.02,-5.91,False,52.0,-20.4,13.1,False,30.0,44.0,13,False,환경·폐기물 중형주 · 시총 156억달러 · 분기이익 -171% · 박스 14주 · 폭 28% · 주가강도 30점,환경·폐기물
LUYUAN GP HLDG,2451.HK,HK,경기소비재,14.19,2026-09-18,7,3.78,2.95,17.83,16.88,17.35,12.26,4.0,41.5,17.35,True,False,False,-20.42,-18.21,False,19.19,-26.1,26.1,False,48.0,43.0,8,False,자동차 소형주 · 시총 65억HKD · ROE 8% · 박스 4주 · 폭 42% · 주가강도 48점,자동차
INSILICO,3696.HK,HK,헬스케어,55.4,2026-09-18,7,3.16,3.11,55.45,55.15,55.4,38.26,10.0,44.8,75.9,False,False,False,-0.09,0.0,False,80.9,-31.5,31.5,True,,43.0,10,False,바이오 중형주 · 시총 370억HKD · 박스 10주 · 폭 45%,바이오
Aura Minerals Inc. - Common Shares,AUGO,US,소재,77.72,2026-09-17,7,6.17,1.62,91.26,87.33,90.64,73.52,5.0,23.3,110.32,False,False,False,-14.84,-14.25,False,110.32,-29.6,29.6,True,78.0,40.0,13,False,금 중형주 · 시총 74억달러 · 분기이익 +2236% 급증 · ROE 100% · 박스 5주 · 폭 23% · 주가강도 78점,금
두산,000150.KS,KR,산업재,1397000.0,2026-09-17,7,3.53,2.6,1436000.0,1383000.0,1397000.0,1000000.0,6.0,39.7,2489000.0,False,False,False,-2.72,0.0,False,2489000.0,-43.9,43.9,False,76.0,39.0,15,False,복합기업 대형주 · 시총 23.9조원 · 분기이익 +349% 급증 · ROE 5% · 박스 6주 · 폭 40% · 주가강도 76점,복합기업
川润股份,002272.SZ,CN,산업재,14.23,2026-09-17,7,2.42,1.56,18.18,16.11,18.13,14.21,6.0,27.6,25.99,False,False,False,-21.73,-21.51,False,25.99,-45.2,45.2,False,6.0,34.0,13,False,산업기계 소형주 · 시총 79억위안 · 박스 6주 · 폭 28% · 주가강도 6점,산업기계
LS에코에너지,229640.KS,KR,산업재,62900.0,2026-09-16,8,21.16,10.68,60400.0,55000.0,51900.0,40700.0,6.0,27.5,109800.0,False,True,True,4.14,21.19,False,109800.0,-42.7,42.7,False,77.0,68.0,15,False,전기장비·부품 중형주 · 시총 1.7조원 · 분기이익 +5% · ROE 22% · 박스 6주 · 폭 28% · 완전돌파 · 주가강도 77점,전기장비·부품
GLOBAL SECURITY EXPERTS INC,4417.T,JP,기술·IT,5470.0,2026-09-15,8,4.97,3.84,5170.0,5110.0,5060.0,4030.0,8.0,25.6,5060.0,True,True,True,5.8,8.1,False,5930.0,-7.8,7.8,False,91.0,68.0,15,False,기술·IT 소형주 · 시총 781억엔 · ROE 41% · 박스 8주 · 폭 26% · 완전돌파 · 주가강도 상위 9% (최상위권),기술·IT
TSE4258,4258.T,JP,미분류,5520.0,2026-09-15,8,6.33,2.28,5540.0,5180.0,5230.0,4000.0,10.0,30.8,5230.0,True,False,True,-0.36,5.54,False,5870.0,-6.0,6.0,False,90.0,55.0,1,True,- · 박스 10주 · 폭 31% · 주가강도 상위 10% (최상위권),-
TSE4704,4704.T,JP,미분류,6558.0,2026-09-15,8,3.3,1.94,6269.0,6220.0,6100.0,5336.0,4.0,14.3,6982.0,False,True,True,4.61,7.51,False,12160.0,-46.1,24.0,False,32.0,54.0,1,True,- · 박스 4주 · 폭 14% · 완전돌파 · 주가강도 32점,-
天顺风能,002531.SZ,CN,산업재,7.64,2026-09-16,8,6.91,5.32,8.35,7.81,8.12,5.8,10.0,40.0,13.24,False,False,False,-8.5,-5.91,False,23.67,-67.7,43.0,False,20.0,54.0,15,False,산업기계 중형주 · 시총 130억위안 · 박스 10주 · 폭 40% · 주가강도 20점,산업기계
金龙羽,002882.SZ,CN,산업재,24.51,2026-09-16,8,10.02,2.73,25.8,23.45,25.65,20.7,6.0,23.9,30.99,False,False,False,-5.0,-4.44,False,41.0,-40.2,34.8,False,29.0,49.0,15,False,전기장비·부품 중형주 · 시총 103억위안 · ROE 3% · 박스 6주 · 폭 24% · 주가강도 29점,전기장비·부품
티엠씨,217590.KS,KR,산업재,13870.0,2026-09-16,8,4.17,6.19,13500.0,12810.0,13490.0,10000.0,4.0,34.9,38700.0,False,False,True,2.74,2.82,False,38700.0,-64.2,64.2,True,,48.0,15,False,"전기장비·부품 소형주 · 시총 3,136억원 · ROE 4% · 박스 4주 · 폭 35%",전기장비·부품
大金重工,002487.SZ,CN,산업재,42.93,2026-09-16,8,4.21,4.8,41.1,38.8,40.87,32.04,4.0,27.6,94.18,False,False,True,4.45,5.04,False,94.18,-54.4,54.4,False,8.0,48.0,14,False,산업기계 중형주 · 시총 290억위안 · ROE 10% · 박스 4주 · 폭 28% · 주가강도 8점,산업기계
DB하이텍,000990.KS,KR,기술·IT,140400.0,2026-09-16,8,3.08,1.96,120300.0,115500.0,120000.0,84100.0,5.0,42.7,230500.0,False,False,True,16.71,17.0,False,230500.0,-39.1,39.1,False,90.0,41.0,15,False,반도체 중형주 · 시총 5.3조원 · 분기이익 +65% 급증 · ROE 17% · 박스 5주 · 폭 43% · 주가강도 상위 10% (최상위권),반도체
네패스,033640.KQ,KR,기술·IT,29075.0,2026-09-16,8,2.09,1.91,24400.0,23450.0,24300.0,17410.0,4.0,39.6,41150.0,False,False,True,19.16,19.65,False,48850.0,-40.5,29.3,False,83.0,38.0,14,False,"반도체 장비·소재 소형주 · 시총 5,673억원 · 분기이익 +0% · ROE 12% · 박스 4주 · 폭 40% · 주가강도 상위 17%",반도체 장비·소재
AIRTRIP CORP,6191.T,JP,경기소비재,1359.0,2026-09-14,9,60.58,77.61,1723.0,1592.0,1073.0,758.0,10.0,41.6,1073.0,True,True,False,-21.13,26.65,False,4595.0,-70.4,23.1,False,91.0,79.0,15,False,여행 서비스 소형주 · 시총 350억엔 · ROE 15% · 박스 10주 · 폭 42% · 완전돌파 · 주가강도 상위 9% (최상위권),여행 서비스
天融信,002212.SZ,CN,기술·IT,7.38,2026-09-15,9,7.97,5.58,7.99,7.75,7.4,6.01,5.0,23.1,8.57,False,True,False,-7.63,-0.27,False,32.32,-77.2,34.4,False,31.0,64.0,15,False,기술·IT 소형주 · 시총 82억위안 · ROE 0% · 박스 5주 · 폭 23% · 완전돌파 · 주가강도 31점,기술·IT
KIKUCHI SEISAKUSHO CO LTD,3444.T,JP,산업재,1075.0,2026-09-14,9,20.39,46.27,1222.0,1080.0,1130.0,895.0,6.0,26.3,1880.0,False,False,False,-12.03,-4.87,False,3380.0,-68.2,42.8,False,87.0,62.0,15,False,산업기계 소형주 · 시총 148억엔 · ROE 2% · 박스 6주 · 폭 26% · 주가강도 상위 13%,산업기계
"Vera Therapeutics, Inc. - Class A Comm",VERA,US,헬스케어,32.5,2026-09-15,9,9.07,4.86,37.14,32.73,36.96,28.86,7.0,28.1,47.0,False,False,False,-12.49,-12.07,False,56.05,-42.0,42.0,False,9.0,58.0,14,False,바이오 소형주 · 시총 24억달러 · 박스 7주 · 폭 28% · 주가강도 9점,바이오
영풍,000670.KS,KR,기술·IT,42150.0,2026-09-15,9,5.51,12.77,52700.0,45600.0,49950.0,36300.0,5.0,37.6,71000.0,False,False,False,-20.02,-15.62,False,162247.95,-74.0,41.2,False,17.0,54.0,15,False,"전자부품 소형주 · 시총 9,296억원 · ROE 4% · 박스 5주 · 폭 38% · 주가강도 17점",전자부품
双星新材,002585.SZ,CN,경기소비재,10.67,2026-09-15,9,3.28,2.52,11.32,11.14,11.1,8.8,4.0,26.1,15.35,False,True,False,-5.74,-3.87,False,30.37,-64.9,30.5,False,72.0,49.0,15,False,포장재 중형주 · 시총 139억위안 · 박스 4주 · 폭 26% · 완전돌파 · 주가강도 72점,포장재
FFRI SECURITY INC,3692.T,JP,기술·IT,7000.0,2026-09-14,9,3.16,4.94,6530.0,6380.0,6470.0,4580.0,4.0,41.3,7890.0,False,False,True,7.2,8.19,False,18500.0,-62.2,49.3,False,54.0,48.0,15,False,기술·IT 소형주 · 시총 501억엔 · ROE 31% · 박스 4주 · 폭 41% · 주가강도 54점,기술·IT
Waystar Holding Corp. - Common Stock,WAY,US,헬스케어,25.74,2026-09-15,9,8.55,2.26,27.03,25.57,26.87,21.72,6.0,23.7,27.17,False,False,False,-4.77,-4.21,False,48.11,-46.5,36.2,False,29.0,44.0,15,False,의료정보 서비스 중형주 · 시총 51억달러 · 분기이익 +17% · ROE 4% · 박스 6주 · 폭 24% · 주가강도 29점,의료정보 서비스
TSE1671,1671.T,JP,미분류,5870.0,2026-09-11,10,7.77,3.19,6213.0,6058.0,5864.0,4591.0,8.0,27.7,6008.0,True,True,False,-5.52,0.1,False,7140.0,-17.8,7.6,False,85.0,67.0,15,False,- · 박스 8주 · 폭 28% · 완전돌파 · 주가강도 상위 15%,-
KAKAKU.COM. INC,2371.T,JP,통신·미디어,3799.0,2026-09-11,10,3.46,1.62,3823.0,3772.0,3740.0,3201.0,17.0,16.8,3740.0,True,True,True,-0.63,1.58,False,3915.0,-3.0,1.8,False,78.0,66.0,15,False,"인터넷 콘텐츠 중형주 · 시총 7,510억엔 · ROE 31% · 박스 17주 · 폭 17% · 완전돌파 · 주가강도 78점",인터넷 콘텐츠
샌즈랩,411080.KQ,KR,미분류,6540.0,2026-09-14,10,7.26,92.01,5910.0,5890.0,5510.0,3835.0,5.0,43.7,9820.0,False,True,True,10.66,18.69,False,27300.0,-76.0,36.9,False,47.0,64.0,15,False,- 소형주 · 시총 983억원 · 분기이익 -544% · 박스 5주 · 폭 44% · 완전돌파 · 주가강도 47점,-
TSE2038,2038.T,JP,미분류,2899.0,2026-09-11,10,9.99,2.16,2720.0,2561.0,2536.0,2094.0,4.0,21.1,3241.0,False,True,True,6.58,14.31,False,3241.0,-10.6,10.6,True,87.0,64.0,15,False,- · 박스 4주 · 폭 21% · 완전돌파 · 주가강도 상위 13%,-
TSE1699,1699.T,JP,미분류,689.4,2026-09-11,10,5.43,2.41,706.9,693.5,682.0,533.0,15.0,28.0,704.8,True,True,True,-2.48,1.09,False,1160.0,-40.6,5.0,False,79.0,58.0,15,False,- · 박스 15주 · 폭 28% · 완전돌파 · 주가강도 79점,-
闽东电力,000993.SZ,CN,유틸리티,16.28,2026-09-14,10,4.54,4.41,14.51,14.51,13.88,9.61,8.0,44.4,17.27,False,True,True,12.2,17.29,False,20.91,-22.1,22.1,False,77.0,58.0,15,False,유틸리티 소형주 · 시총 70억위안 · ROE 0% · 박스 8주 · 폭 44% · 완전돌파 · 주가강도 77점,유틸리티
三孚股份,603938.SS,CN,소재,43.56,2026-09-14,10,2.46,2.76,50.78,47.2,49.56,39.1,5.0,26.8,81.82,False,False,False,-14.22,-12.11,False,81.82,-46.8,46.8,False,91.0,46.0,15,False,화학 중형주 · 시총 200억위안 · ROE 6% · 박스 5주 · 폭 27% · 주가강도 상위 9% (최상위권),화학
Roblox Corporation Class A Common Stoc,RBLX,US,통신·미디어,41.86,2026-09-14,10,4.4,1.62,47.5,46.73,46.5,37.2,4.0,25.0,64.42,False,True,False,-11.87,-9.98,False,150.59,-72.2,70.5,False,2.0,44.0,15,False,게임·콘텐츠 중형주 · 시총 359억달러 · 박스 4주 · 폭 25% · 완전돌파 · 주가강도 2점,게임·콘텐츠
Frontline Plc Ordinary Shares,FRO,US,에너지,48.1,2026-09-14,10,2.11,1.8,50.25,49.16,49.56,40.49,4.0,22.4,49.56,True,False,False,-4.28,-2.95,False,361.8,-86.7,12.4,False,89.0,42.0,15,False,석유·가스 수송 중형주 · 시총 115억달러 · 분기이익 +746% 급증 · ROE 54% · 박스 4주 · 폭 22% · 주가강도 상위 11%,석유·가스 수송
Obsidian Energy Ltd. Common Shares,OBE,US,에너지,10.67,2026-09-14,10,4.63,1.91,13.57,12.25,13.08,10.48,4.0,24.8,14.59,False,False,False,-21.37,-18.43,False,343.77,-96.9,26.9,False,76.0,34.0,15,False,석유·가스 개발 소형주 · 시총 9억달러 · 분기이익 +190% 급증 · ROE 2% · 박스 4주 · 폭 25% · 주가강도 76점,석유·가스 개발
ACV Auctions Inc. Class A Common Stock,ACVA,US,경기소비재,10.46,2026-09-11,11,44.81,28.25,10.45,10.41,8.38,6.45,11.0,29.8,8.38,True,True,True,0.05,24.9,False,37.77,-72.3,0.4,False,83.0,76.0,15,False,자동차 판매 소형주 · 시총 18억달러 · 박스 11주 · 폭 30% · 완전돌파 · 주가강도 상위 17%,자동차 판매
"Frequency Electronics, Inc. - Common S",FEIM,US,기술·IT,82.49,2026-09-11,11,33.13,4.86,82.62,78.32,80.6,55.89,7.0,44.2,80.6,True,False,True,-0.16,2.34,False,89.76,-8.1,8.1,False,90.0,73.0,15,False,통신장비 소형주 · 시총 10억달러 · 분기이익 +486% 급증 · 박스 7주 · 폭 44% · 주가강도 상위 10% (최상위권),통신장비
에스투더블유,488280.KQ,KR,기술·IT,15180.0,2026-09-11,11,21.53,32.49,14280.0,13190.0,11830.0,8770.0,5.0,34.9,30100.0,False,True,True,6.3,28.32,False,40000.0,-62.1,62.1,True,,68.0,15,False,"기술·IT 소형주 · 시총 1,551억원 · 박스 5주 · 폭 35% · 완전돌파",기술·IT
샘표식품,248170.KS,KR,필수소비재,22100.0,2026-09-11,11,14.59,43.82,34550.0,25400.0,30150.0,21050.0,10.0,43.2,30150.0,True,False,False,-36.03,-26.7,False,72300.0,-69.4,39.0,False,13.0,62.0,15,False,"가공식품 소형주 · 시총 1,411억원 · 분기이익 -54% · ROE 10% · 박스 10주 · 폭 43% · 주가강도 13점",가공식품
湖南发展,000722.SZ,CN,산업재,12.88,2026-09-11,11,2.58,4.28,15.12,14.9,14.74,11.94,7.0,23.5,19.69,False,True,False,-14.81,-12.62,False,33.85,-61.9,34.6,False,30.0,58.0,15,False,복합기업 소형주 · 시총 97억위안 · ROE 4% · 박스 7주 · 폭 24% · 완전돌파 · 주가강도 30점,복합기업
Woori Financial Group Inc. American De,WF,US,금융,79.26,2026-09-11,11,5.82,1.59,78.9,78.23,77.68,60.19,9.0,29.1,77.68,True,True,True,0.46,2.03,False,100.12,-20.8,6.4,False,69.0,54.0,15,False,금융 중형주 · 시총 191억달러 · 분기이익 +9% · ROE 9% · 박스 9주 · 폭 29% · 완전돌파 · 주가강도 69점,금융
"Inspire Medical Systems, Inc. Common S",INSP,US,헬스케어,70.0,2026-09-11,11,2.58,1.83,69.88,69.87,68.5,55.44,5.0,23.6,68.5,True,True,True,0.17,2.19,False,330.0,-78.8,52.4,False,58.0,48.0,15,False,의료기기 소형주 · 시총 21억달러 · ROE 18% · 박스 5주 · 폭 24% · 완전돌파 · 주가강도 58점,의료기기
水发燃气,603318.SS,CN,에너지,8.65,2026-09-11,11,6.28,2.27,11.0,9.85,10.55,8.64,5.0,22.1,15.1,False,False,False,-21.36,-18.01,False,33.91,-74.5,42.7,False,38.0,40.0,15,False,석유·가스 장비 소형주 · 시총 56억위안 · ROE 3% · 박스 5주 · 폭 22% · 주가강도 38점,석유·가스 장비
云煤能源,600792.SS,CN,소재,5.29,2026-09-10,12,9.55,5.03,5.39,5.01,4.92,3.41,6.0,44.3,5.44,False,True,True,-1.86,7.52,False,11.29,-53.1,12.0,False,73.0,68.0,13,False,코크스탄 소형주 · 시총 60억위안 · 박스 6주 · 폭 44% · 완전돌파 · 주가강도 73점,코크스탄
유일로보틱스,388720.KQ,KR,미분류,66500.0,2026-09-10,12,19.46,7.04,79200.0,70200.0,77800.0,62000.0,5.0,25.5,116500.0,False,False,False,-16.04,-14.52,False,155000.0,-57.1,57.1,False,10.0,58.0,15,False,"- 소형주 · 시총 8,070억원 · 박스 5주 · 폭 26% · 주가강도 10점",-
CHERVON,2285.HK,HK,산업재,26.06,2026-09-11,12,15.0,20.81,23.0,21.2,22.5,18.02,10.0,24.9,24.46,False,False,True,13.3,15.82,False,71.0,-63.3,6.3,False,63.0,58.0,15,False,공구·부품 중형주 · 시총 125억HKD · ROE 10% · 박스 10주 · 폭 25% · 주가강도 63점,공구·부품
海通发展,603162.SS,CN,산업재,12.72,2026-09-10,12,5.83,3.06,16.33,14.83,15.47,10.93,5.0,41.5,15.47,True,False,False,-22.11,-17.78,False,16.97,-25.0,25.0,False,83.0,57.0,15,False,해운 중형주 · 시총 206억위안 · ROE 20% · 박스 5주 · 폭 42% · 주가강도 상위 17%,해운
CVR Energy Inc. Common Stock,CVI,US,에너지,50.75,2026-09-10,12,2.16,1.72,48.76,48.2,47.85,33.55,4.0,42.6,47.85,True,True,True,4.08,6.06,False,72.32,-29.8,8.0,False,89.0,52.0,15,False,정유 소형주 · 시총 48억달러 · ROE 24% · 박스 4주 · 폭 43% · 완전돌파 · 주가강도 상위 11%,정유
盾安环境,002011.SZ,CN,산업재,12.5,2026-09-10,12,2.73,7.82,12.79,12.52,12.54,9.73,14.0,28.9,13.53,False,False,False,-2.27,-0.32,False,24.49,-49.0,19.6,False,37.0,52.0,15,False,산업기계 중형주 · 시총 141억위안 · ROE 15% · 박스 14주 · 폭 29% · 주가강도 37점,산업기계
Tsakos Energy Navigation Ltd Common Sh,TEN,US,에너지,46.31,2026-09-10,12,2.69,3.15,45.51,43.8,44.51,34.89,14.0,27.6,45.85,False,False,True,1.76,4.04,False,197.4,-76.5,14.0,False,85.0,51.0,15,False,석유·가스 수송 소형주 · 시총 14억달러 · 분기이익 +557% 급증 · ROE 17% · 박스 14주 · 폭 28% · 주가강도 상위 15%,석유·가스 수송
Kinetik Holdings Inc. Class A Common S,KNTK,US,에너지,51.21,2026-09-10,12,3.57,1.74,56.5,54.1,56.1,43.54,27.0,28.8,56.1,True,False,False,-9.36,-8.72,False,104.8,-51.1,10.0,False,47.0,45.0,15,False,석유·가스 수송 중형주 · 시총 93억달러 · 분기이익 +94% 급증 · ROE 19% · 박스 27주 · 폭 29% · 주가강도 47점,석유·가스 수송
미코,059090.KQ,KR,기술·IT,22100.0,2026-09-10,12,2.82,2.84,20400.0,19300.0,20100.0,16410.0,4.0,22.5,29250.0,False,False,True,8.33,9.95,False,29250.0,-24.4,24.4,False,75.0,39.0,15,False,"반도체 장비·소재 소형주 · 시총 6,233억원 · 분기이익 +72% 급증 · ROE 6% · 박스 4주 · 폭 22% · 주가강도 75점",반도체 장비·소재
KEEPER TECHNICAL LABORATORY ,6036.T,JP,소재,3450.0,2026-09-09,12,3.06,1.93,3700.0,3615.0,3650.0,2902.0,4.0,25.8,3650.0,True,False,False,-6.76,-5.48,False,7190.0,-52.0,12.4,False,41.0,38.0,15,False,정밀화학 소형주 · 시총 961억엔 · ROE 46% · 박스 4주 · 폭 26% · 주가강도 41점,정밀화학
招商轮船,601872.SS,CN,에너지,19.89,2026-09-10,12,2.0,1.88,21.41,19.88,20.99,16.43,5.0,27.8,22.16,False,False,False,-7.1,-5.24,False,22.98,-13.4,13.4,False,87.0,38.0,15,False,"석유·가스 수송 대형주 · 시총 1,662억위안 · ROE 25% · 박스 5주 · 폭 28% · 주가강도 상위 13%",석유·가스 수송
利民股份,002734.SZ,CN,소재,18.64,2026-09-10,12,4.25,1.65,18.15,16.78,17.92,14.34,5.0,25.0,22.79,False,False,True,2.7,4.02,False,24.87,-25.1,18.2,False,35.0,34.0,15,False,농업 자재 소형주 · 시총 80억위안 · ROE 14% · 박스 5주 · 폭 25% · 주가강도 35점,농업 자재
HOWA MACHINERY LTD,6203.T,JP,산업재,2386.0,2026-09-08,13,11.51,37.28,2132.0,1973.0,1912.0,1350.0,5.0,41.6,2012.0,True,True,True,11.91,24.79,False,3080.0,-22.5,22.5,False,90.0,79.0,15,False,산업기계 소형주 · 시총 263억엔 · ROE 4% · 박스 5주 · 폭 42% · 완전돌파 · 주가강도 상위 10% (최상위권),산업기계
"Opus Genetics, Inc. - Common Stock",IRD,US,헬스케어,5.05,2026-09-09,13,22.35,51.36,5.31,5.31,4.83,3.51,5.0,37.6,5.81,False,True,False,-4.9,4.55,False,4795.2,-99.9,28.6,False,91.0,75.0,15,False,바이오 소형주 · 시총 5억달러 · 박스 5주 · 폭 38% · 완전돌파 · 주가강도 상위 9% (최상위권),바이오
Sasol Ltd. American Depositary Shares,SSL,US,소재,13.93,2026-09-09,13,6.17,3.89,14.12,14.12,13.33,10.69,8.0,24.7,14.37,False,True,True,-1.35,4.5,False,67.93,-79.5,8.2,False,88.0,63.0,15,False,정밀화학 중형주 · 시총 93억달러 · ROE 9% · 박스 8주 · 폭 25% · 완전돌파 · 주가강도 상위 12%,정밀화학
中百集团,000759.SZ,CN,필수소비재,6.1,2026-09-09,13,8.44,2.05,8.35,7.84,7.7,5.52,12.0,39.5,7.7,True,True,False,-26.95,-20.78,False,16.14,-62.2,36.2,False,12.0,62.0,15,False,할인점 소형주 · 시총 60억위안 · 박스 12주 · 폭 40% · 완전돌파 · 주가강도 12점,할인점
범한퓨얼셀,382900.KQ,KR,미분류,25700.0,2026-09-09,13,25.63,2.89,22600.0,21850.0,20550.0,14580.0,5.0,40.9,43700.0,False,True,True,13.72,25.06,False,52400.0,-51.0,41.9,False,21.0,59.0,15,False,"- 소형주 · 시총 2,103억원 · 박스 5주 · 폭 41% · 완전돌파 · 주가강도 21점",-
"Chime Financial, Inc. - Class A Common",CHYM,US,기술·IT,26.69,2026-09-09,13,9.35,2.0,35.33,33.52,34.44,30.38,4.0,13.4,34.44,True,False,False,-24.46,-22.49,False,44.94,-40.6,24.9,True,63.0,58.0,15,False,기술·IT 중형주 · 시총 118억달러 · 박스 4주 · 폭 13% · 주가강도 63점,기술·IT
ODDITY Tech Ltd. - Class A Ordinary Sh,ODD,US,필수소비재,17.6,2026-09-09,13,34.36,14.1,17.5,14.57,15.62,11.78,5.0,32.6,18.01,False,False,True,0.57,12.68,False,79.18,-77.8,72.2,False,13.0,58.0,15,False,생활용품 소형주 · 시총 8억달러 · 분기이익 -70% · ROE 5% · 박스 5주 · 폭 33% · 주가강도 13점,생활용품
贵州燃气,600903.SS,CN,유틸리티,6.51,2026-09-09,13,3.72,4.13,7.52,7.35,7.25,5.68,7.0,27.6,10.66,False,True,False,-13.43,-10.21,False,26.78,-75.7,38.9,False,22.0,58.0,15,False,유틸리티 소형주 · 시총 86억위안 · ROE 2% · 박스 7주 · 폭 28% · 완전돌파 · 주가강도 22점,유틸리티
北方铜业,000737.SZ,CN,소재,13.43,2026-09-09,13,3.18,3.98,16.21,15.99,15.86,12.68,7.0,25.1,16.52,False,True,False,-17.15,-15.32,False,21.5,-37.5,37.5,False,25.0,53.0,15,False,구리 중형주 · 시총 314억위안 · ROE 24% · 박스 7주 · 폭 25% · 완전돌파 · 주가강도 25점,구리
中粮糖业,600737.SS,CN,필수소비재,13.8,2026-09-09,13,2.15,4.54,18.55,18.1,18.16,12.61,5.0,44.0,18.16,True,False,False,-25.61,-24.01,False,32.6,-57.7,32.1,False,24.0,52.0,15,False,제과 중형주 · 시총 394억위안 · ROE 10% · 박스 5주 · 폭 44% · 주가강도 24점,제과
精华制药,002349.SZ,CN,헬스케어,8.37,2026-09-09,13,4.63,5.31,8.81,8.26,8.47,6.6,6.0,28.3,8.47,True,False,False,-4.99,-1.18,False,30.6,-72.6,9.6,False,53.0,52.0,15,False,헬스케어 소형주 · 시총 77억위안 · ROE 9% · 박스 6주 · 폭 28% · 주가강도 53점,헬스케어
黑猫股份,002068.SZ,CN,소재,9.1,2026-09-09,13,6.04,3.96,9.65,9.1,9.1,7.12,7.0,27.8,15.99,False,False,False,-5.7,0.0,False,24.25,-62.5,43.1,False,8.0,49.0,15,False,정밀화학 소형주 · 시총 80억위안 · 박스 7주 · 폭 28% · 주가강도 8점,정밀화학
桂林旅游,000978.SZ,CN,경기소비재,7.27,2026-09-09,13,2.87,10.11,8.24,7.61,8.01,5.69,6.0,40.8,8.68,False,False,False,-11.77,-9.24,False,20.65,-64.8,37.3,False,47.0,48.0,15,False,숙박 소형주 · 시총 45억위안 · ROE 1% · 박스 6주 · 폭 41% · 주가강도 47점,숙박
SERIA CO LTD,2782.T,JP,필수소비재,4605.0,2026-09-08,13,4.6,2.33,4780.0,4645.0,4660.0,3685.0,7.0,26.5,4660.0,True,False,False,-3.66,-1.18,False,7390.0,-37.7,6.1,False,62.0,38.0,15,False,"할인점 소형주 · 시총 3,008억엔 · ROE 16% · 박스 7주 · 폭 26% · 주가강도 62점",할인점
崇达技术,002815.SZ,CN,기술·IT,24.44,2026-09-09,13,3.45,2.45,17.67,17.17,17.61,12.76,4.0,38.0,20.7,False,False,True,38.31,38.78,False,35.9,-31.9,6.9,False,88.0,38.0,15,False,전자부품 중형주 · 시총 289억위안 · ROE 4% · 박스 4주 · 폭 38% · 주가강도 상위 12%,전자부품
"Solaris Energy Infrastructure, Inc. Cl",SEI,US,에너지,69.15,2026-09-09,13,4.57,1.68,66.88,65.22,66.09,47.81,5.0,38.2,86.19,False,False,True,3.39,4.63,False,86.19,-19.8,19.8,False,62.0,34.0,15,False,석유·가스 장비 중형주 · 시총 65억달러 · ROE 8% · 박스 5주 · 폭 38% · 주가강도 62점,석유·가스 장비
中京电子,002579.SZ,CN,기술·IT,17.9,2026-09-09,13,3.99,2.41,17.74,16.59,17.06,13.13,4.0,29.9,23.4,False,False,True,0.9,4.92,False,23.4,-23.5,23.5,False,61.0,34.0,15,False,전자부품 중형주 · 시총 120억위안 · 박스 4주 · 폭 30% · 주가강도 61점,전자부품
美格智能,002881.SZ,CN,기술·IT,41.95,2026-09-09,13,2.08,2.32,48.5,44.3,47.99,37.31,4.0,28.6,50.2,False,False,False,-13.51,-12.59,False,73.0,-42.5,22.3,False,31.0,34.0,15,False,통신장비 중형주 · 시총 128억위안 · ROE 7% · 박스 4주 · 폭 29% · 주가강도 31점,통신장비
Roivant Sciences Ltd. - Common Shares,ROIV,US,헬스케어,36.98,2026-09-08,14,14.46,3.95,39.98,38.41,37.97,30.57,11.0,24.2,37.97,True,True,False,-7.5,-2.61,False,42.5,-13.0,13.0,False,82.0,71.0,15,False,바이오 중형주 · 시총 300억달러 · 박스 11주 · 폭 24% · 완전돌파 · 주가강도 상위 18%,바이오
필옵틱스,161580.KQ,KR,산업재,39300.0,2026-09-08,14,15.22,8.42,38600.0,35050.0,33500.0,23300.0,5.0,43.8,64900.0,False,True,True,1.81,17.31,False,64900.0,-39.4,39.4,False,33.0,68.0,15,False,"산업기계 소형주 · 시총 7,337억원 · 박스 5주 · 폭 44% · 완전돌파 · 주가강도 33점",산업기계
Pharvaris N.V. - Ordinary Shares,PHVS,US,헬스케어,31.91,2026-09-08,14,16.2,11.25,40.96,37.6,38.13,29.56,13.0,29.0,38.13,True,False,False,-22.09,-16.31,False,43.25,-26.2,26.2,False,42.0,66.0,15,False,바이오 소형주 · 시총 27억달러 · 박스 13주 · 폭 29% · 주가강도 42점,바이오
超声电子,000823.SZ,CN,기술·IT,24.4,2026-09-08,14,8.09,2.6,17.23,16.37,16.04,12.81,5.0,25.2,29.77,False,True,True,41.61,52.12,False,29.77,-18.0,18.0,False,82.0,63.0,15,False,가전·전자기기 중형주 · 시총 111억위안 · ROE 5% · 박스 5주 · 폭 25% · 완전돌파 · 주가강도 상위 18%,가전·전자기기
Bloom Energy Corporation Class A Commo,BE,US,산업재,262.87,2026-09-08,14,5.89,1.76,267.76,259.78,253.31,185.93,5.0,36.2,351.28,False,True,True,-1.83,3.77,False,351.28,-25.2,25.2,False,95.0,57.0,15,False,전기장비·부품 대형주 · 시총 795억달러 · ROE 22% · 박스 5주 · 폭 36% · 완전돌파 · 주가강도 상위 5% (최상위권),전기장비·부품
ZIM Integrated Shipping Services Ltd. ,ZIM,US,산업재,28.39,2026-09-08,14,5.63,2.94,30.19,29.41,29.56,22.93,27.0,28.9,29.56,True,False,False,-5.96,-3.96,False,91.23,-68.9,8.3,False,68.0,56.0,15,False,해운 소형주 · 시총 36억달러 · ROE 4% · 박스 27주 · 폭 29% · 주가강도 68점,해운
安记食品,603696.SS,CN,필수소비재,13.12,2026-09-08,14,4.15,3.61,17.33,17.28,16.88,12.66,5.0,33.3,17.8,False,True,False,-24.29,-22.27,False,33.72,-61.1,55.6,False,18.0,53.0,15,False,가공식품 소형주 · 시총 32억위안 · ROE 6% · 박스 5주 · 폭 33% · 완전돌파 · 주가강도 18점,가공식품
"AtriCure, Inc. - Common Stock",ATRC,US,헬스케어,58.41,2026-09-08,14,5.42,2.06,54.31,51.74,53.5,37.98,5.0,40.9,53.5,True,False,True,7.55,9.18,False,89.18,-34.5,5.3,False,93.0,51.0,15,False,의료기기·소모품 소형주 · 시총 29억달러 · ROE 2% · 박스 5주 · 폭 41% · 주가강도 상위 7% (최상위권),의료기기·소모품
TSE4088,4088.T,JP,미분류,2845.0,2026-09-07,14,2.33,3.48,3080.0,2966.0,3025.0,2386.0,15.0,26.8,3025.0,True,False,False,-7.63,-5.95,False,3215.0,-11.5,11.5,False,47.0,51.0,6,False,- · 박스 15주 · 폭 27% · 주가강도 47점,-
SKC,011790.KS,KR,소재,94900.0,2026-09-08,14,5.68,1.81,93000.0,86500.0,92000.0,80100.0,4.0,14.9,184400.0,False,False,True,2.04,3.15,False,208000.0,-54.4,48.5,False,17.0,50.0,15,False,정밀화학 중형주 · 시총 4.2조원 · 박스 4주 · 폭 15% · 주가강도 17점,정밀화학
剑桥科技,603083.SS,CN,기술·IT,201.1,2026-09-08,14,3.76,1.96,215.0,213.5,207.21,145.58,4.0,42.3,263.3,False,True,False,-6.47,-2.95,False,263.3,-23.6,23.6,False,80.0,48.0,15,False,통신장비 중형주 · 시총 824억위안 · ROE 6% · 박스 4주 · 폭 42% · 완전돌파 · 주가강도 상위 20%,통신장비
SENSHU ELECTRIC CO,9824.T,JP,기술·IT,7910.0,2026-09-07,14,4.07,2.11,7680.0,7570.0,7570.0,5890.0,5.0,28.5,7570.0,True,False,True,2.99,4.49,False,8150.0,-2.9,2.9,False,72.0,46.0,15,False,"전자·컴퓨터 유통 소형주 · 시총 1,375억엔 · ROE 15% · 박스 5주 · 폭 28% · 주가강도 72점",전자·컴퓨터 유통
CAPCOM CO LTD,9697.T,JP,통신·미디어,4302.0,2026-09-07,14,4.71,2.29,4448.0,4275.0,4388.0,3800.0,5.0,15.5,4388.0,True,False,False,-3.28,-1.96,False,5015.0,-14.2,4.4,False,63.0,44.0,10,False,게임·콘텐츠 중형주 · 시총 1.8조엔 · 박스 5주 · 폭 16% · 주가강도 63점,게임·콘텐츠
三人行,605168.SS,CN,통신·미디어,49.87,2026-09-08,14,2.76,1.68,53.94,52.55,52.49,42.0,4.0,25.0,65.0,False,True,False,-7.55,-4.99,False,146.26,-65.9,23.3,False,62.0,44.0,15,False,광고 중형주 · 시총 107억위안 · ROE 5% · 박스 4주 · 폭 25% · 완전돌파 · 주가강도 62점,광고
QUALCOMM Incorporated - Common Stock,QCOM,US,기술·IT,187.48,2026-09-08,14,6.91,2.08,180.4,172.04,178.65,142.89,7.0,25.0,259.92,False,False,True,3.92,4.94,False,259.92,-27.9,27.9,False,45.0,40.0,15,False,"반도체 대형주 · 시총 1,889억달러 · ROE 34% · 박스 7주 · 폭 25% · 주가강도 45점",반도체
두산에너빌리티,034020.KS,KR,산업재,80500.0,2026-09-08,14,3.75,2.06,91200.0,89400.0,89400.0,71800.0,4.0,24.5,139200.0,False,False,False,-11.73,-9.96,False,151594.77,-46.9,42.2,False,29.0,34.0,15,False,산업기계 초대형주 · 시총 53.6조원 · ROE 3% · 박스 4주 · 폭 24% · 주가강도 29점,산업기계
Samsara Inc. Class A Common Stock,IOT,US,기술·IT,37.93,2026-09-04,15,15.87,4.59,44.9,39.32,42.68,35.54,5.0,20.1,42.68,True,False,False,-15.52,-11.13,False,61.9,-38.7,20.1,False,44.0,68.0,15,False,기술·IT 중형주 · 시총 226억달러 · ROE 6% · 박스 5주 · 폭 20% · 주가강도 44점,기술·IT
平潭发展,000592.SZ,CN,소재,8.74,2026-09-07,15,8.28,3.36,8.11,7.76,7.49,5.81,5.0,28.9,12.85,False,True,True,7.77,16.69,False,24.44,-64.2,48.2,False,60.0,63.0,15,False,목재 중형주 · 시총 161억위안 · 박스 5주 · 폭 29% · 완전돌파 · 주가강도 60점,목재
海南橡胶,601118.SS,CN,소재,5.79,2026-09-07,15,5.69,2.89,7.43,7.08,7.28,5.19,4.0,40.3,8.53,False,False,False,-22.07,-20.47,False,16.98,-65.9,32.1,False,36.0,45.0,15,False,정밀화학 중형주 · 시총 261억위안 · 박스 4주 · 폭 40% · 주가강도 36점,정밀화학
合富中国,603122.SS,CN,헬스케어,14.02,2026-09-07,15,3.83,2.94,14.08,13.5,13.62,11.21,4.0,21.5,22.15,False,False,True,-0.43,2.94,False,31.22,-55.1,55.1,False,48.0,45.0,15,False,진단·연구 소형주 · 시총 52억위안 · 박스 4주 · 폭 22% · 주가강도 48점,진단·연구
翠微股份,603123.SS,CN,금융,9.22,2026-09-07,15,2.06,3.62,11.41,10.84,11.18,7.76,7.0,44.1,14.2,False,False,False,-19.19,-17.53,False,30.5,-69.8,47.7,False,14.0,43.0,15,False,여신·카드 소형주 · 시총 91억위안 · 박스 7주 · 폭 44% · 주가강도 14점,여신·카드
新 希 望,000876.SZ,CN,필수소비재,6.89,2026-09-07,15,2.47,3.38,7.89,7.66,7.7,6.05,10.0,27.3,9.04,False,False,False,-12.67,-10.52,False,42.2,-83.7,34.9,False,10.0,43.0,15,False,가공식품 중형주 · 시총 378억위안 · 박스 10주 · 폭 27% · 주가강도 10점,가공식품
湖南天雁,600698.SS,CN,산업재,6.86,2026-09-07,15,3.92,2.52,8.22,7.7,7.96,6.2,6.0,28.4,9.0,False,False,False,-16.55,-13.82,False,16.2,-57.7,39.2,False,16.0,39.0,15,False,산업기계 소형주 · 시총 85억위안 · 박스 6주 · 폭 28% · 주가강도 16점,산업기계
"DocuSign, Inc. - Common Stock",DOCU,US,기술·IT,66.98,2026-09-04,15,3.87,2.46,68.52,64.16,68.46,52.69,5.0,29.9,68.46,True,False,False,-2.25,-2.16,False,314.76,-78.7,18.8,False,59.0,38.0,15,False,기술·IT 중형주 · 시총 120억달러 · ROE 18% · 박스 5주 · 폭 30% · 주가강도 59점,기술·IT
TSE2612,2612.T,JP,미분류,2831.0,2026-09-03,16,9.12,32.53,2393.0,2328.0,2193.0,1705.0,9.0,28.6,2193.0,True,True,True,18.3,29.09,False,2882.0,-1.8,1.8,False,92.0,87.0,3,False,- · 박스 9주 · 폭 29% · 완전돌파 · 주가강도 상위 8% (최상위권),-
Snowflake Inc. Common Stock,SNOW,US,기술·IT,328.12,2026-09-03,16,23.35,4.2,377.24,355.47,341.95,283.0,5.0,20.8,341.95,True,True,False,-13.02,-4.04,False,429.0,-23.5,14.7,False,82.0,82.0,15,False,"기술·IT 대형주 · 시총 1,169억달러 · 박스 5주 · 폭 21% · 완전돌파 · 주가강도 상위 18%",기술·IT
Geopark Ltd Common Shares,GPRK,US,에너지,10.68,2026-09-03,16,8.64,8.72,12.7,11.8,11.98,8.6,20.0,39.3,11.98,True,False,False,-15.91,-10.85,False,22.62,-52.8,18.7,False,64.0,69.0,15,False,석유·가스 개발 소형주 · 시총 8억달러 · ROE 29% · 박스 20주 · 폭 39% · 주가강도 64점,석유·가스 개발
"ChargePoint Holdings, Inc. Common Stoc",CHPT,US,경기소비재,8.74,2026-09-03,16,32.95,75.64,6.9,6.71,6.59,5.07,9.0,29.9,8.49,False,True,True,26.67,32.63,False,989.6,-99.1,30.7,False,73.0,68.0,15,False,전문 유통 소형주 · 시총 3억달러 · 박스 9주 · 폭 30% · 완전돌파 · 주가강도 73점,전문 유통
Draganfly Inc. - Common Shares,DPRO,US,산업재,5.59,2026-09-03,16,5.45,5.88,6.0,5.92,5.72,4.11,4.0,39.2,8.28,False,True,False,-6.75,-2.19,False,417.5,-98.7,61.1,False,25.0,64.0,15,False,항공우주·방산 소형주 · 시총 2억달러 · 박스 4주 · 폭 39% · 완전돌파 · 주가강도 25점,항공우주·방산
Genworth Financial Inc Common Stock,GNW,US,금융,9.38,2026-09-03,16,2.67,2.12,10.4,10.37,10.28,7.95,22.0,29.3,10.28,True,True,False,-9.81,-8.75,False,37.16,-74.8,12.3,False,32.0,55.0,15,False,금융 소형주 · 시총 40억달러 · ROE 3% · 박스 22주 · 폭 29% · 완전돌파 · 주가강도 32점,금융
NITORI HOLDINGS CO LTD,9843.T,JP,경기소비재,2941.5,2026-09-03,16,5.93,1.8,3200.0,3153.0,3128.0,2511.5,5.0,24.5,3145.0,True,True,False,-8.08,-5.96,False,4884.0,-39.8,15.8,False,42.0,54.0,15,False,가구·생활용품 중형주 · 시총 1.8조엔 · ROE 9% · 박스 5주 · 폭 24% · 완전돌파 · 주가강도 42점,가구·생활용품
"Robinhood Markets, Inc. - Class A Comm",HOOD,US,금융,116.46,2026-09-03,16,6.37,2.44,113.8,113.04,112.45,90.21,4.0,24.7,120.05,False,True,True,2.34,3.57,False,153.86,-24.3,24.3,False,55.0,50.0,15,False,"증권·자본시장 대형주 · 시총 1,109억달러 · ROE 24% · 박스 4주 · 폭 25% · 완전돌파 · 주가강도 55점",증권·자본시장
PRESS KOGYO CO,7246.T,JP,경기소비재,988.0,2026-09-03,16,5.02,2.4,1047.0,1028.0,1029.0,798.0,8.0,28.9,1029.0,True,False,False,-5.64,-3.98,False,1056.0,-6.4,6.4,False,63.0,48.0,15,False,자동차부품 소형주 · 시총 970억엔 · ROE 9% · 박스 8주 · 폭 29% · 주가강도 63점,자동차부품
华源控股,002787.SZ,CN,경기소비재,25.4,2026-09-04,16,2.46,1.85,25.0,23.19,24.4,20.07,4.0,21.6,34.99,False,False,True,1.6,4.1,False,34.99,-27.4,27.4,False,91.0,47.0,15,False,포장재 소형주 · 시총 81억위안 · ROE 8% · 박스 4주 · 폭 22% · 주가강도 상위 9% (최상위권),포장재
华盛昌,002980.SZ,CN,기술·IT,106.62,2026-09-04,16,7.38,1.75,114.53,106.56,107.79,78.3,4.0,37.7,135.95,False,False,False,-6.91,-1.09,False,137.37,-22.4,22.4,False,98.0,47.0,15,False,계측·정밀기기 중형주 · 시총 223억위안 · ROE 11% · 박스 4주 · 폭 38% · 주가강도 상위 2% (최상위권),계측·정밀기기
新 大 陆,000997.SZ,CN,기술·IT,19.31,2026-09-04,16,2.84,2.04,21.69,21.46,21.39,17.2,5.0,24.4,25.78,False,True,False,-10.97,-9.72,False,43.83,-55.9,38.9,False,21.0,44.0,15,False,기술·IT 중형주 · 시총 205억위안 · ROE 16% · 박스 5주 · 폭 24% · 완전돌파 · 주가강도 21점,기술·IT
PICC GROUP,1339.HK,HK,금융,5.7,2026-09-07,16,3.36,1.71,6.46,6.03,6.35,4.98,7.0,27.5,6.45,True,False,False,-11.84,-10.31,False,7.63,-25.3,25.4,False,30.0,38.0,15,False,"금융 대형주 · 시총 2,629억HKD · ROE 18% · 박스 7주 · 폭 28% · 주가강도 30점",금융
科士达,002518.SZ,CN,산업재,34.33,2026-09-04,16,2.03,1.63,37.66,36.08,37.35,29.26,7.0,27.6,65.58,False,False,False,-8.84,-8.09,False,65.58,-47.7,47.7,False,5.0,34.0,15,False,전기장비·부품 중형주 · 시총 205억위안 · ROE 14% · 박스 7주 · 폭 28% · 주가강도 5점,전기장비·부품
GitLab Inc. - Class A Common Stock,GTLB,US,기술·IT,46.21,2026-09-02,17,22.42,6.53,55.2,49.11,46.65,33.89,4.0,37.7,46.65,True,True,False,-16.29,-0.94,False,137.0,-66.3,16.8,False,80.0,76.0,15,False,기술·IT 중형주 · 시총 83억달러 · 박스 4주 · 폭 38% · 완전돌파 · 주가강도 상위 20%,기술·IT
内蒙一机,600967.SS,CN,산업재,12.73,2026-09-03,17,8.87,7.72,14.6,13.39,13.41,10.36,6.0,29.4,17.75,False,False,False,-12.81,-5.07,False,30.68,-58.5,41.2,False,18.0,58.0,15,False,항공우주·방산 중형주 · 시총 246억위안 · ROE 2% · 박스 6주 · 폭 29% · 주가강도 18점,항공우주·방산
博云新材,002297.SZ,CN,소재,20.15,2026-09-03,17,3.5,3.23,20.7,19.92,20.2,16.62,4.0,21.5,35.9,False,False,False,-2.66,-0.25,False,35.9,-43.9,43.9,False,81.0,53.0,15,False,화학 중형주 · 시총 130억위안 · ROE 10% · 박스 4주 · 폭 22% · 주가강도 상위 19%,화학
TOPRE CORPORATION,5975.T,JP,경기소비재,3355.0,2026-09-02,17,4.17,3.18,3500.0,3395.0,3430.0,2673.0,5.0,28.3,3430.0,True,False,False,-4.14,-2.19,False,3610.0,-7.1,7.1,False,71.0,51.0,15,False,"자동차부품 소형주 · 시총 1,560억엔 · ROE 10% · 박스 5주 · 폭 28% · 주가강도 71점",자동차부품
九鼎新材,002201.SZ,CN,소재,9.3,2026-09-03,17,2.6,5.17,9.46,9.22,9.22,7.16,6.0,28.8,16.85,False,False,True,-1.69,0.87,False,22.7,-59.0,44.8,False,23.0,48.0,15,False,정밀화학 소형주 · 시총 66억위안 · ROE 8% · 박스 6주 · 폭 29% · 주가강도 23점,정밀화학
"Hornbeck Offshore Services, Inc. Commo",HOS,US,산업재,7.94,2026-09-02,17,2.17,2.41,10.83,10.21,10.75,8.42,27.0,27.7,10.73,True,False,False,-26.69,-26.14,False,47.35,-83.2,28.7,False,29.0,45.0,15,False,해운 소형주 · 시총 30억달러 · 박스 27주 · 폭 28% · 주가강도 29점,해운
TSE4188,4188.T,JP,미분류,1153.5,2026-09-02,17,2.25,1.7,1295.0,1255.5,1266.5,986.9,15.0,28.3,1266.5,True,False,False,-10.93,-8.92,False,1319.5,-12.6,11.6,False,51.0,42.0,6,False,- · 박스 15주 · 폭 28% · 주가강도 51점,-
NEXTEER,1316.HK,HK,경기소비재,4.59,2026-09-04,17,5.21,1.93,5.55,4.91,5.43,4.32,4.0,25.7,7.48,False,False,False,-17.39,-15.48,False,20.4,-77.5,48.5,False,12.0,40.0,15,False,자동차부품 중형주 · 시총 117억HKD · ROE 6% · 박스 4주 · 폭 26% · 주가강도 12점,자동차부품
ICHIBANYA CO LTD,7630.T,JP,경기소비재,1104.0,2026-09-01,18,5.41,11.34,1150.0,1116.0,1091.0,840.0,40.0,29.9,1091.0,True,True,True,-4.0,1.19,False,1354.0,-18.5,7.3,False,55.0,75.0,15,False,"외식 소형주 · 시총 1,765억엔 · ROE 8% · 박스 40주 · 폭 30% · 완전돌파 · 주가강도 55점",외식
일동제약,249420.KS,KR,헬스케어,13830.0,2026-09-02,18,19.31,22.05,17300.0,16090.0,16210.0,13350.0,4.0,21.4,39350.0,False,False,False,-20.06,-14.68,False,79500.0,-82.6,69.3,False,2.0,64.0,15,False,"헬스케어 소형주 · 시총 4,868억원 · ROE 18% · 박스 4주 · 폭 21% · 주가강도 2점",헬스케어
爱丽家居,603221.SS,CN,미분류,25.43,2026-09-02,18,4.75,3.57,32.0,31.47,30.55,22.54,4.0,35.5,30.55,True,True,False,-20.53,-16.76,False,33.99,-25.2,25.2,False,96.0,64.0,15,False,- · 박스 4주 · 폭 36% · 완전돌파 · 주가강도 상위 4% (최상위권),-
"Comstock Resources, Inc. Common Stock",CRK,US,에너지,12.69,2026-09-01,18,9.63,4.8,15.82,14.9,15.22,12.12,16.0,25.6,23.44,False,False,False,-19.79,-16.62,False,453.05,-97.2,54.8,False,3.0,62.0,15,False,석유·가스 개발 소형주 · 시총 45억달러 · ROE 19% · 박스 16주 · 폭 26% · 주가강도 3점,석유·가스 개발
"Duolingo, Inc. - Class A Common Stock",DUOL,US,기술·IT,134.3,2026-09-01,18,7.18,1.71,159.01,152.52,151.0,104.61,13.0,44.3,151.0,True,True,False,-15.54,-11.06,False,544.93,-75.4,62.0,False,25.0,58.0,15,False,기술·IT 중형주 · 시총 65억달러 · ROE 34% · 박스 13주 · 폭 44% · 완전돌파 · 주가강도 25점,기술·IT
郑州煤电,600121.SS,CN,미분류,5.33,2026-09-02,18,10.0,4.44,5.94,5.16,5.4,3.81,4.0,41.7,6.25,False,False,False,-10.27,-1.3,False,16.73,-68.1,14.7,False,65.0,58.0,13,False,- · 박스 4주 · 폭 42% · 주가강도 65점,-
"Yext, Inc. Common Stock",YEXT,US,기술·IT,6.43,2026-09-01,18,13.15,2.78,7.66,6.32,6.95,5.49,4.0,26.6,6.95,True,False,False,-16.06,-7.48,False,27.19,-76.4,28.8,False,54.0,53.0,15,False,기술·IT 소형주 · 시총 6억달러 · ROE 28% · 박스 4주 · 폭 27% · 주가강도 54점,기술·IT
한국석유,004090.KS,KR,소재,11530.0,2026-09-02,18,4.37,2.86,11700.0,11170.0,11470.0,9690.0,5.0,18.4,33575.0,False,False,True,-1.45,0.52,False,33575.0,-65.7,65.7,False,14.0,45.0,15,False,"건축소재 소형주 · 시총 1,464억원 · ROE 7% · 박스 5주 · 폭 18% · 주가강도 14점",건축소재
山东墨龙,002490.SZ,CN,에너지,6.94,2026-09-02,18,10.05,2.09,9.2,8.48,8.68,6.93,7.0,25.3,14.52,False,False,False,-24.57,-20.05,False,18.0,-61.4,52.2,False,28.0,44.0,15,False,석유·가스 장비 소형주 · 시총 63억위안 · 박스 7주 · 폭 25% · 주가강도 28점,석유·가스 장비
Vermilion Energy Inc. Common (Canada),VET,US,에너지,11.52,2026-09-01,18,2.81,1.75,13.19,12.88,13.06,10.22,5.0,27.8,14.82,False,False,False,-12.66,-11.79,False,72.69,-84.2,22.3,False,55.0,34.0,15,False,석유·가스 개발 소형주 · 시총 20억달러 · 박스 5주 · 폭 28% · 주가강도 55점,석유·가스 개발
WITZ CORPORATION,4440.T,JP,기술·IT,2454.0,2026-08-31,19,9.76,71.16,1630.0,1605.0,1485.0,1032.0,18.0,43.9,1626.0,True,True,True,50.55,65.25,False,4510.0,-45.6,20.1,False,95.0,83.0,15,False,기술·IT 소형주 · 시총 84억엔 · ROE 17% · 박스 18주 · 폭 44% · 완전돌파 · 주가강도 상위 5% (최상위권),기술·IT
ESOL CO LTD,4420.T,JP,기술·IT,818.0,2026-08-31,19,19.11,6.15,935.0,898.0,866.0,669.0,9.0,29.4,1004.0,False,True,False,-12.51,-5.54,False,2675.0,-69.4,19.0,False,69.0,68.0,15,False,전자·컴퓨터 유통 소형주 · 시총 162억엔 · ROE 13% · 박스 9주 · 폭 29% · 완전돌파 · 주가강도 69점,전자·컴퓨터 유통
TSE7743,7743.T,JP,미분류,793.0,2026-08-31,19,7.76,121.26,792.0,791.0,735.0,508.0,8.0,44.7,735.0,True,True,True,0.13,7.89,False,2700.0,-70.6,0.1,False,78.0,68.0,2,False,- · 박스 8주 · 폭 45% · 완전돌파 · 주가강도 78점,-
国芳集团,601086.SS,CN,경기소비재,14.27,2026-09-01,19,9.92,2.5,10.08,9.85,9.17,7.35,4.0,24.8,9.79,True,True,True,41.57,55.62,False,18.95,-24.7,24.7,False,88.0,67.0,15,False,백화점 소형주 · 시총 97억위안 · ROE 8% · 박스 4주 · 폭 25% · 완전돌파 · 주가강도 상위 12%,백화점
TSE3851,3851.T,JP,미분류,1330.0,2026-08-31,19,21.92,41.64,1502.0,1305.0,1326.0,942.0,4.0,40.8,1326.0,True,False,True,-11.45,0.3,False,2347.0,-43.3,14.8,False,85.0,66.0,2,False,- · 박스 4주 · 폭 41% · 주가강도 상위 15%,-
케이엔알시스템,199430.KQ,KR,산업재,17470.0,2026-09-01,19,12.27,2.67,19130.0,17220.0,17040.0,12390.0,4.0,37.5,36000.0,False,True,True,-8.68,2.52,False,45300.0,-61.4,61.4,False,41.0,59.0,15,False,"산업기계 소형주 · 시총 2,082억원 · 박스 4주 · 폭 38% · 완전돌파 · 주가강도 41점",산업기계
비에이치,090460.KS,KR,기술·IT,20750.0,2026-09-01,19,10.81,9.17,20200.0,19480.0,19930.0,14000.0,4.0,42.4,43400.0,False,False,True,2.72,4.11,False,43400.0,-52.2,52.2,False,33.0,58.0,15,False,"전자부품 소형주 · 시총 6,486억원 · ROE 13% · 박스 4주 · 폭 42% · 주가강도 33점",전자부품
新朋股份,002328.SZ,CN,산업재,8.26,2026-09-01,19,2.35,4.79,8.7,8.62,8.5,6.77,4.0,25.6,13.58,False,True,False,-5.06,-2.82,False,13.58,-39.2,39.2,False,51.0,58.0,15,False,금속가공 소형주 · 시총 66억위안 · ROE 11% · 박스 4주 · 폭 26% · 완전돌파 · 주가강도 51점,금속가공
Science Applications International Cor,SAIC,US,기술·IT,130.93,2026-08-31,19,11.46,3.78,140.39,127.1,130.98,105.17,9.0,24.5,130.98,True,False,False,-6.74,-0.04,False,156.34,-16.3,8.2,False,63.0,57.0,15,False,IT 서비스 중형주 · 시총 53억달러 · ROE 26% · 박스 9주 · 폭 24% · 주가강도 63점,IT 서비스
Halliburton Company Common Stock,HAL,US,에너지,32.43,2026-08-31,19,3.1,1.5,37.3,36.51,36.49,30.98,10.0,17.8,43.59,False,True,False,-13.06,-11.13,False,74.33,-56.4,25.6,False,32.0,50.0,15,False,석유·가스 장비 중형주 · 시총 301억달러 · ROE 15% · 박스 10주 · 폭 18% · 완전돌파 · 주가강도 32점,석유·가스 장비
吉华集团,603980.SS,CN,소재,8.84,2026-09-01,19,6.39,1.68,7.66,7.6,7.43,5.72,7.0,29.9,8.05,False,True,True,15.4,18.98,False,23.56,-62.5,3.8,False,79.0,50.0,15,False,정밀화학 소형주 · 시총 55억위안 · ROE 2% · 박스 7주 · 폭 30% · 완전돌파 · 주가강도 79점,정밀화학
YE DIGITAL CORPORATION,2354.T,JP,기술·IT,1237.0,2026-08-31,19,11.67,1.58,1674.0,1475.0,1561.0,1185.0,4.0,31.7,1698.0,False,False,False,-26.11,-20.76,False,1758.0,-29.6,29.6,False,87.0,48.0,15,False,IT 서비스 소형주 · 시총 241억엔 · ROE 16% · 박스 4주 · 폭 32% · 주가강도 상위 13%,IT 서비스
HF Sinclair Corporation Common Stock,DINO,US,에너지,106.19,2026-08-31,19,3.28,1.5,102.98,98.5,100.13,79.39,7.0,26.1,100.13,True,False,True,3.12,6.05,False,118.39,-10.3,10.3,False,92.0,45.0,15,False,정유 중형주 · 시총 192억달러 · ROE 20% · 박스 7주 · 폭 26% · 주가강도 상위 8% (최상위권),정유
掌阅科技,603533.SS,CN,기술·IT,23.65,2026-09-01,19,9.34,2.19,24.7,24.1,24.58,19.94,4.0,23.3,29.0,False,False,False,-4.25,-3.78,False,73.79,-67.9,37.1,False,44.0,44.0,15,False,기술·IT 중형주 · 시총 103억위안 · 박스 4주 · 폭 23% · 주가강도 44점,기술·IT
TOKYO KOKI CO LTD,7719.T,JP,산업재,506.0,2026-08-31,19,3.75,3.0,554.0,520.0,548.0,390.0,5.0,40.5,983.0,False,False,False,-8.66,-7.66,False,3680.0,-86.2,48.5,False,73.0,43.0,15,False,산업기계 소형주 · 시총 37억엔 · ROE 11% · 박스 5주 · 폭 40% · 주가강도 73점,산업기계
"Delek US Holdings, Inc. Common Stock",DK,US,에너지,67.47,2026-08-31,19,2.27,2.0,73.89,69.2,73.39,51.43,8.0,42.7,73.39,True,False,False,-8.69,-8.07,False,82.27,-18.0,18.0,False,89.0,42.0,15,False,정유 소형주 · 시총 46억달러 · ROE 79% · 박스 8주 · 폭 43% · 주가강도 상위 11%,정유
Pasqal Holding SA - Ordinary Shares,PSQL,US,기술·IT,6.7,2026-08-28,20,73.44,16.0,16.98,13.08,11.43,9.17,29.0,24.6,11.43,True,True,False,-60.54,-41.38,False,24.69,-72.9,72.9,True,,79.0,15,False,컴퓨터 하드웨어 소형주 · 시총 17억달러 · 박스 29주 · 폭 25% · 완전돌파,컴퓨터 하드웨어
敦煌种业,600354.SS,CN,미분류,8.96,2026-08-31,20,9.99,4.37,9.03,8.22,8.21,5.86,4.0,40.1,8.34,True,True,True,-0.78,9.14,False,18.02,-50.3,27.3,False,82.0,76.0,15,False,- · 박스 4주 · 폭 40% · 완전돌파 · 주가강도 상위 18%,-
Elastic N.V. Ordinary Shares,ESTC,US,기술·IT,87.94,2026-08-28,20,24.06,4.87,103.89,96.82,88.21,63.2,4.0,39.6,88.21,True,True,False,-15.35,-0.31,False,189.84,-53.7,18.6,False,75.0,72.0,15,False,기술·IT 중형주 · 시총 94억달러 · ROE 33% · 박스 4주 · 폭 40% · 완전돌파 · 주가강도 75점,기술·IT
DYDO GROUP HOLDINGS INC,2590.T,JP,필수소비재,2892.0,2026-08-28,20,13.29,6.2,3410.0,3040.0,3135.0,2412.0,40.0,30.0,3135.0,True,False,False,-15.19,-7.75,False,3600.0,-19.7,18.5,False,41.0,69.0,15,False,필수소비재 소형주 · 시총 969억엔 · 박스 40주 · 폭 30% · 주가강도 41점,필수소비재
锦龙股份,000712.SZ,CN,금융,9.82,2026-08-31,20,8.98,9.02,12.86,11.84,11.8,8.23,6.0,43.4,13.08,False,True,False,-23.64,-16.78,False,55.17,-82.2,36.5,False,18.0,68.0,15,False,증권·자본시장 중형주 · 시총 101억위안 · ROE 5% · 박스 6주 · 폭 43% · 완전돌파 · 주가강도 18점,증권·자본시장
"Gap, Inc. (The) Common Stock",GAP,US,경기소비재,22.95,2026-08-28,20,18.76,3.59,24.69,23.33,22.41,18.11,12.0,23.7,28.43,False,True,True,-7.05,2.41,False,53.75,-57.3,21.8,False,36.0,67.0,15,False,의류 유통 중형주 · 시총 79억달러 · ROE 34% · 박스 12주 · 폭 24% · 완전돌파 · 주가강도 36점,의류 유통
INFOMART CORPORATION,2492.T,JP,기술·IT,724.0,2026-08-28,20,9.92,1.61,665.0,648.0,624.0,492.0,5.0,26.8,624.0,True,True,True,8.87,16.03,False,1318.0,-45.1,1.1,False,94.0,65.0,15,False,"기술·IT 소형주 · 시총 1,895억엔 · ROE 11% · 박스 5주 · 폭 27% · 완전돌파 · 주가강도 상위 6% (최상위권)",기술·IT
Solstice Advanced Materials Inc. - Com,SOLS,US,소재,56.93,2026-08-28,20,15.37,4.89,65.0,63.13,64.74,53.87,7.0,20.2,90.8,False,False,False,-12.42,-12.06,False,90.8,-37.3,37.3,True,,64.0,15,False,정밀화학 중형주 · 시총 100억달러 · ROE 11% · 박스 7주 · 폭 20%,정밀화학
TSE4373,4373.T,JP,미분류,1098.0,2026-08-28,20,2.26,3.13,1220.0,1220.0,1212.0,1002.0,7.0,21.0,1212.0,True,True,False,-10.0,-9.41,False,1280.0,-14.2,14.2,False,44.0,63.0,1,True,- · 박스 7주 · 폭 21% · 완전돌파 · 주가강도 44점,-
齐鲁银行,601665.SS,CN,금융,6.94,2026-08-31,20,3.19,2.75,6.8,6.74,6.65,5.3,40.0,25.5,6.65,True,True,True,2.06,4.36,False,12.43,-44.2,5.2,False,54.0,60.0,15,False,금융 중형주 · 시총 438억위안 · ROE 11% · 박스 40주 · 폭 26% · 완전돌파 · 주가강도 54점,금융
HENNGE K K,4475.T,JP,기술·IT,1755.0,2026-08-28,20,4.45,3.46,1668.0,1635.0,1616.0,1256.0,4.0,28.7,1616.0,True,True,True,5.22,8.6,False,5305.0,-66.9,3.4,False,79.0,57.0,15,False,기술·IT 소형주 · 시총 515억엔 · ROE 39% · 박스 4주 · 폭 29% · 완전돌파 · 주가강도 79점,기술·IT
红 宝 丽,002165.SZ,CN,미분류,6.77,2026-08-31,20,7.89,2.96,9.03,8.44,8.38,5.91,5.0,41.8,13.35,False,True,False,-25.03,-19.21,False,14.99,-54.8,54.8,False,12.0,55.0,15,False,- · 박스 5주 · 폭 42% · 완전돌파 · 주가강도 12점,-
TSE4684,4684.T,JP,미분류,4937.0,2026-08-28,20,3.59,1.89,4991.0,4935.0,4900.0,4050.0,7.0,21.0,4900.0,True,True,True,-1.08,0.76,False,5658.0,-12.7,11.0,False,49.0,54.0,1,True,- · 박스 7주 · 폭 21% · 완전돌파 · 주가강도 49점,-
赛轮轮胎,601058.SS,CN,경기소비재,13.22,2026-08-31,20,4.93,2.08,15.1,14.9,14.47,12.05,8.0,20.1,15.96,False,True,False,-12.45,-8.64,False,18.05,-26.8,26.8,False,26.0,50.0,15,False,자동차부품 중형주 · 시총 480억위안 · ROE 17% · 박스 8주 · 폭 20% · 완전돌파 · 주가강도 26점,자동차부품
KE Holdings Inc American Depositary Sh,BEKE,US,부동산,16.95,2026-08-28,20,5.02,3.84,18.62,18.09,18.51,14.75,8.0,25.5,19.76,False,False,False,-8.97,-8.43,False,79.4,-78.7,17.9,False,37.0,49.0,15,False,부동산 서비스 중형주 · 시총 190억달러 · ROE 7% · 박스 8주 · 폭 26% · 주가강도 37점,부동산 서비스
"PagerDuty, Inc. Common Stock",PD,US,기술·IT,14.48,2026-08-28,20,3.64,2.29,13.09,13.01,12.82,10.17,4.0,26.1,12.82,True,True,True,10.62,12.95,False,59.82,-75.8,14.4,False,79.0,48.0,15,False,기술·IT 소형주 · 시총 11억달러 · ROE 83% · 박스 4주 · 폭 26% · 완전돌파 · 주가강도 79점,기술·IT
TSE3994,3994.T,JP,미분류,5866.0,2026-08-28,20,6.22,2.25,6828.0,6640.0,6646.0,4619.0,7.0,43.9,6646.0,True,False,False,-14.09,-11.74,False,9190.0,-36.2,16.8,False,69.0,44.0,6,False,- · 박스 7주 · 폭 44% · 주가강도 69점,-
农发种业,600313.SS,CN,필수소비재,6.45,2026-08-31,20,2.4,3.72,7.68,7.12,7.6,5.26,6.0,44.5,9.8,False,False,False,-16.02,-15.13,False,15.87,-59.4,34.2,False,30.0,43.0,15,False,농산물 소형주 · 시총 91억위안 · ROE 4% · 박스 6주 · 폭 44% · 주가강도 30점,농산물
DB손해보험,005830.KS,KR,금융,188300.0,2026-08-31,20,3.26,2.13,193500.0,177500.0,191400.0,150400.0,6.0,27.3,213500.0,False,False,False,-2.69,-1.62,False,214000.0,-12.0,12.0,False,69.0,34.0,15,False,금융 대형주 · 시총 11.4조원 · ROE 16% · 박스 6주 · 폭 27% · 주가강도 69점,금융
롯데에너지머티리얼즈,020150.KS,KR,미분류,42650.0,2026-08-31,20,4.25,2.44,36800.0,35200.0,36700.0,25350.0,4.0,44.8,83100.0,False,False,True,15.9,16.21,False,148000.0,-71.2,48.7,False,56.0,34.0,15,False,- · 박스 4주 · 폭 45% · 주가강도 56점,-
"Salesforce, Inc. Common Stock",CRM,US,기술·IT,227.27,2026-08-27,21,11.88,3.94,230.05,230.05,213.17,175.9,4.0,21.2,213.17,True,True,True,-1.21,6.61,False,369.0,-38.4,15.5,False,52.0,73.0,15,False,"기술·IT 초대형주 · 시총 2,009억달러 · ROE 19% · 박스 4주 · 폭 21% · 완전돌파 · 주가강도 52점",기술·IT
"Okta, Inc. - Class A Common Stock",OKTA,US,기술·IT,202.18,2026-08-27,21,23.61,5.35,166.15,156.5,157.0,127.6,8.0,23.0,157.0,True,False,True,21.69,28.78,False,294.0,-31.2,4.9,False,95.0,69.0,15,False,기술·IT 중형주 · 시총 293억달러 · ROE 4% · 박스 8주 · 폭 23% · 주가강도 상위 5% (최상위권),기술·IT
Veeva Systems Inc. Class A Common Stoc,VEEV,US,헬스케어,279.96,2026-08-27,21,12.43,3.25,275.36,274.81,253.49,196.67,4.0,28.9,253.49,True,True,True,1.67,10.44,False,343.96,-18.6,9.8,False,73.0,67.0,15,False,의료정보 서비스 중형주 · 시총 422억달러 · ROE 14% · 박스 4주 · 폭 29% · 완전돌파 · 주가강도 73점,의료정보 서비스
"NeoGenomics, Inc. - Common Stock",NEO,US,헬스케어,19.29,2026-08-27,21,2.76,1.65,17.85,17.85,17.46,14.89,4.0,17.3,17.46,True,True,True,8.07,10.48,False,61.57,-68.7,3.8,False,93.0,61.0,15,False,진단·연구 소형주 · 시총 23억달러 · 박스 4주 · 폭 17% · 완전돌파 · 주가강도 상위 7% (최상위권),진단·연구
"Nutanix, Inc. - Class A Common Stock",NTNX,US,기술·IT,68.7,2026-08-27,21,8.95,2.5,71.24,67.69,68.88,57.95,4.0,18.9,68.88,True,False,False,-3.57,-0.26,False,83.36,-17.6,12.4,False,69.0,59.0,15,False,기술·IT 중형주 · 시총 181억달러 · ROE 37460% · 박스 4주 · 폭 19% · 주가강도 69점,기술·IT
SMAREGI INC,4431.T,JP,기술·IT,3335.0,2026-08-27,21,4.08,4.05,3570.0,3425.0,3500.0,2771.0,7.0,26.3,3500.0,True,False,False,-6.58,-4.71,False,4395.0,-24.1,12.8,False,57.0,52.0,15,False,기술·IT 소형주 · 시총 643억엔 · ROE 26% · 박스 7주 · 폭 26% · 주가강도 57점,기술·IT
湖南黄金,002155.SZ,CN,소재,23.08,2026-08-28,21,5.29,3.58,28.45,27.5,27.55,22.0,5.0,25.2,43.67,False,False,False,-18.88,-16.23,False,43.67,-47.1,47.1,False,20.0,49.0,15,False,금 중형주 · 시총 420억위안 · ROE 23% · 박스 5주 · 폭 25% · 주가강도 20점,금
湘财股份,600095.SS,CN,미분류,8.86,2026-08-28,21,2.2,4.34,9.75,9.49,9.54,7.65,6.0,24.7,10.75,False,False,False,-9.13,-7.13,False,20.13,-56.0,39.2,False,22.0,48.0,15,False,- · 박스 6주 · 폭 25% · 주가강도 22점,-
"nCino, Inc. - Common Stock",NCNO,US,기술·IT,18.6,2026-08-27,21,2.42,1.78,22.03,21.68,21.68,17.82,4.0,21.7,21.68,True,False,False,-15.57,-14.23,False,103.95,-82.1,34.3,False,25.0,44.0,15,False,기술·IT 소형주 · 시총 23억달러 · ROE 4% · 박스 4주 · 폭 22% · 주가강도 25점,기술·IT
Phibro Animal Health Corporation - Cla,PAHC,US,헬스케어,35.7,2026-08-27,21,9.14,1.8,39.39,35.01,37.92,30.46,11.0,24.5,60.08,False,False,False,-9.37,-5.85,False,60.08,-40.6,40.6,False,22.0,44.0,15,False,헬스케어 소형주 · 시총 15억달러 · ROE 30% · 박스 11주 · 폭 24% · 주가강도 22점,헬스케어
"Autodesk, Inc. - Common Stock",ADSK,US,기술·IT,207.19,2026-08-27,21,2.63,1.64,261.47,260.29,260.74,202.15,6.0,29.0,264.75,False,False,False,-20.76,-20.54,False,344.39,-39.8,36.5,False,11.0,34.0,15,False,기술·IT 중형주 · 시총 442억달러 · ROE 54% · 박스 6주 · 폭 29% · 주가강도 11점,기술·IT
BEKE-W,2423.HK,HK,부동산,44.42,2026-08-31,21,4.09,1.94,49.42,45.68,48.48,37.98,8.0,27.6,50.5,False,False,False,-10.12,-8.37,False,73.5,-39.6,16.0,False,34.0,34.0,15,False,"부동산 서비스 대형주 · 시총 1,473억HKD · ROE 7% · 박스 8주 · 폭 28% · 주가강도 34점",부동산 서비스
云南铜业,000878.SZ,CN,소재,15.95,2026-08-28,21,2.04,2.24,17.5,17.36,17.38,14.01,9.0,24.1,27.01,False,False,False,-8.86,-8.23,False,98.02,-83.7,45.9,False,21.0,34.0,15,False,구리 중형주 · 시총 417억위안 · ROE 11% · 박스 9주 · 폭 24% · 주가강도 21점,구리
千金药业,600479.SS,CN,헬스케어,11.95,2026-08-27,22,8.89,17.82,12.0,11.6,11.53,9.2,40.0,25.3,11.53,True,True,True,-0.42,3.64,False,26.43,-54.8,21.6,False,50.0,79.0,15,False,헬스케어 소형주 · 시총 70억위안 · ROE 12% · 박스 40주 · 폭 25% · 완전돌파 · 주가강도 50점,헬스케어
Abercrombie & Fitch Company Common Sto,ANF,US,경기소비재,134.18,2026-08-26,22,20.63,15.48,131.37,130.24,119.92,98.26,4.0,22.0,119.92,True,True,True,2.14,11.89,False,196.99,-31.9,13.6,False,76.0,78.0,15,False,의류 유통 중형주 · 시총 65억달러 · ROE 41% · 박스 4주 · 폭 22% · 완전돌파 · 주가강도 76점,의류 유통
VOBILE GROUP,3738.HK,HK,기술·IT,3.22,2026-08-28,22,5.97,4.3,2.84,2.75,2.71,2.17,11.0,24.9,5.67,False,True,True,13.56,19.0,False,12.11,-73.4,53.9,False,28.0,64.0,10,False,기술·IT 소형주 · 시총 87억HKD · ROE 9% · 박스 11주 · 폭 25% · 완전돌파 · 주가강도 28점,기술·IT
컴투스,078340.KQ,KR,미분류,38200.0,2026-08-27,22,15.44,22.65,39250.0,34200.0,35800.0,24900.0,4.0,43.8,36550.0,True,False,True,-2.68,6.7,False,191500.0,-80.1,9.5,False,62.0,62.0,15,False,- · 박스 4주 · 폭 44% · 주가강도 62점,-
"Photronics, Inc. - Common Stock",PLAB,US,기술·IT,30.5,2026-08-26,22,27.08,7.34,37.26,29.86,34.5,27.1,12.0,27.3,56.0,False,False,False,-18.14,-11.59,False,56.0,-45.5,45.5,False,25.0,62.0,15,False,반도체 장비·소재 소형주 · 시총 17억달러 · ROE 14% · 박스 12주 · 폭 27% · 주가강도 25점,반도체 장비·소재
STRATTEC SECURITY CORPORATION - Common,STRT,US,경기소비재,66.59,2026-08-26,22,17.62,3.05,93.0,68.18,91.97,71.8,13.0,28.1,92.39,True,False,False,-28.4,-27.6,False,110.96,-40.0,28.4,False,12.0,61.0,15,False,자동차부품 소형주 · 시총 3억달러 · ROE 8% · 박스 13주 · 폭 28% · 주가강도 12점,자동차부품
The J.M. Smucker Company Common Stock,SJM,US,필수소비재,120.63,2026-08-26,22,7.45,2.06,134.8,128.12,127.65,98.65,14.0,29.4,127.65,True,True,False,-10.51,-5.5,False,163.07,-26.0,11.2,False,47.0,58.0,15,False,가공식품 중형주 · 시총 133억달러 · ROE 4% · 박스 14주 · 폭 29% · 완전돌파 · 주가강도 47점,가공식품
TYK MEDICINES-B,2410.HK,HK,미분류,3.98,2026-08-28,22,14.99,6.04,7.82,6.25,7.64,6.16,5.0,24.0,13.09,False,False,False,-49.14,-47.91,False,56.55,-93.0,78.5,False,1.0,58.0,15,False,- · 박스 5주 · 폭 24% · 주가강도 1점,-
TSE4393,4393.T,JP,미분류,6180.0,2026-08-26,22,6.0,2.17,5830.0,5600.0,5620.0,4610.0,8.0,21.9,5700.0,True,False,True,6.0,9.96,False,16300.0,-62.1,36.9,False,40.0,50.0,1,True,- · 박스 8주 · 폭 22% · 주가강도 40점,-
Target Hospitality Corp. - Common Stoc,TH,US,산업재,19.3,2026-08-26,22,5.52,1.71,18.35,16.7,18.23,14.08,6.0,29.5,20.85,False,False,True,5.18,5.87,False,21.76,-11.3,11.3,False,89.0,44.0,15,False,기업 서비스 소형주 · 시총 19억달러 · 박스 6주 · 폭 30% · 주가강도 상위 11%,기업 서비스
"Box, Inc. Class A Common Stock",BOX,US,기술·IT,31.34,2026-08-26,22,3.94,2.22,34.3,32.66,33.85,26.17,8.0,29.4,33.85,True,False,False,-8.63,-7.43,False,38.8,-19.2,13.8,False,46.0,38.0,15,False,기술·IT 소형주 · 시총 47억달러 · 박스 8주 · 폭 29% · 주가강도 46점,기술·IT
BOSS ZHIPIN-W,2076.HK,HK,미분류,54.6,2026-08-27,23,9.92,5.56,69.8,69.8,68.35,53.25,7.0,28.4,68.7,True,True,False,-21.78,-20.12,False,98.95,-44.8,42.9,False,12.0,72.0,15,False,- · 박스 7주 · 폭 28% · 완전돌파 · 주가강도 12점,-
전진건설로봇,079900.KS,KR,산업재,40500.0,2026-08-26,23,17.53,22.56,39900.0,38600.0,36300.0,25600.0,6.0,41.8,74350.0,False,True,True,1.5,11.57,False,74350.0,-45.5,45.5,False,15.0,68.0,15,False,"농기계·중장비 소형주 · 시총 6,070억원 · ROE 19% · 박스 6주 · 폭 42% · 완전돌파 · 주가강도 15점",농기계·중장비
CIRRUS,2507.HK,HK,산업재,42.42,2026-08-27,23,9.81,6.41,50.95,45.72,48.3,37.6,5.0,28.5,66.0,False,False,False,-16.74,-12.17,False,76.5,-44.5,39.0,False,28.0,58.0,15,False,항공우주·방산 중형주 · 시총 162억HKD · ROE 19% · 박스 5주 · 폭 28% · 주가강도 28점,항공우주·방산
세방전지,004490.KS,KR,산업재,60200.0,2026-08-26,23,3.33,2.94,59000.0,59000.0,58400.0,46900.0,9.0,24.5,77700.0,False,True,True,2.03,3.08,False,146500.0,-58.9,22.5,False,32.0,49.0,15,False,"전기장비·부품 소형주 · 시총 8,611억원 · ROE 9% · 박스 9주 · 폭 24% · 완전돌파 · 주가강도 32점",전기장비·부품
金瑞矿业,600714.SS,CN,미분류,17.49,2026-08-26,23,5.1,3.26,18.14,16.82,17.26,12.65,5.0,36.4,33.35,False,False,True,-3.58,1.33,False,33.35,-47.6,47.6,False,44.0,49.0,15,False,- · 박스 5주 · 폭 36% · 주가강도 44점,-
BW LPG Limited Common Shares,BWLP,US,에너지,24.66,2026-08-25,23,2.4,1.55,25.2,24.74,24.87,20.02,6.0,24.2,24.87,True,False,False,-2.14,-0.84,False,26.47,-6.8,6.8,False,85.0,46.0,15,False,석유·가스 수송 소형주 · 시총 37억달러 · ROE 25% · 박스 6주 · 폭 24% · 주가강도 상위 15%,석유·가스 수송
*ST闻泰,600745.SS,CN,미분류,16.51,2026-08-26,23,2.75,1.88,19.44,18.33,18.92,16.0,5.0,18.3,34.94,False,False,False,-15.07,-12.74,False,171.88,-90.4,67.5,False,3.0,40.0,15,False,- · 박스 5주 · 폭 18% · 주가강도 3점,-
深中华A,000017.SZ,CN,미분류,7.5,2026-08-25,24,9.97,4.28,8.6,8.48,7.82,5.77,4.0,35.5,7.87,True,True,False,-12.79,-4.09,False,26.93,-72.2,36.7,False,42.0,72.0,15,False,- · 박스 4주 · 폭 36% · 완전돌파 · 주가강도 42점,-
COMPUTER ENGINEERING & CONSU,9692.T,JP,기술·IT,2201.0,2026-08-24,24,6.05,3.33,2540.0,2478.0,2427.0,1895.0,19.0,28.1,2427.0,True,True,False,-13.35,-9.31,False,2835.0,-22.4,14.7,False,29.0,67.0,15,False,기술·IT 소형주 · 시총 699억엔 · ROE 13% · 박스 19주 · 폭 28% · 완전돌파 · 주가강도 29점,기술·IT
H&H INTL HLDG,1112.HK,HK,필수소비재,18.7,2026-08-26,24,13.42,5.49,16.82,16.16,16.38,13.4,7.0,22.2,16.57,True,False,True,11.18,14.16,False,75.0,-75.1,3.1,False,81.0,66.0,15,False,가공식품 중형주 · 시총 110억HKD · ROE 12% · 박스 7주 · 폭 22% · 주가강도 상위 19%,가공식품
"NAPCO Security Technologies, Inc. - Co",NSSC,US,산업재,35.06,2026-08-24,24,21.19,6.34,46.16,36.38,42.61,34.2,15.0,24.6,47.3,False,False,False,-24.05,-17.72,False,58.09,-39.6,32.3,False,13.0,62.0,15,False,보안 서비스 소형주 · 시총 13억달러 · ROE 24% · 박스 15주 · 폭 25% · 주가강도 13점,보안 서비스
INNOVENT BIO,1801.HK,HK,헬스케어,95.9,2026-08-26,24,6.49,2.88,106.6,106.0,105.1,83.4,7.0,26.0,105.1,True,True,False,-10.04,-8.75,False,112.7,-14.9,14.9,False,42.0,59.0,15,False,"바이오 대형주 · 시총 1,712억HKD · ROE 7% · 박스 7주 · 폭 26% · 완전돌파 · 주가강도 42점",바이오
上海能源,600508.SS,CN,에너지,10.45,2026-08-25,24,6.98,3.87,10.57,10.56,9.88,7.86,7.0,25.7,11.01,False,True,True,-1.14,5.77,False,31.34,-66.7,19.5,False,57.0,59.0,15,False,석탄 중형주 · 시총 117억위안 · ROE 2% · 박스 7주 · 폭 26% · 완전돌파 · 주가강도 57점,석탄
楚天龙,003040.SZ,CN,기술·IT,14.2,2026-08-25,24,8.1,3.06,15.21,13.82,14.07,9.78,12.0,43.9,18.85,False,False,True,-6.64,0.92,False,46.41,-69.4,39.2,False,26.0,57.0,15,False,반도체 소형주 · 시총 88억위안 · 박스 12주 · 폭 44% · 주가강도 26점,반도체
白银有色,601212.SS,CN,미분류,5.61,2026-08-25,24,6.42,3.96,7.13,6.45,6.7,4.7,4.0,42.6,11.77,False,False,False,-21.32,-16.27,False,17.2,-67.4,63.1,False,38.0,49.0,15,False,- · 박스 4주 · 폭 43% · 주가강도 38점,-
TSE4849,4849.T,JP,미분류,1744.0,2026-08-24,24,2.51,2.46,1634.0,1616.0,1606.0,1143.0,7.0,40.5,1606.0,True,True,True,6.73,8.59,False,6750.0,-74.2,1.5,False,70.0,48.0,15,False,- · 박스 7주 · 폭 40% · 완전돌파 · 주가강도 70점,-
上海洗霸,603200.SS,CN,미분류,40.67,2026-08-25,24,4.78,4.13,41.0,38.34,39.19,30.85,6.0,27.0,81.19,False,False,True,-0.8,3.78,False,110.5,-63.2,62.1,False,4.0,48.0,15,False,- · 박스 6주 · 폭 27% · 주가강도 4점,-
TSE6264,6264.T,JP,미분류,2002.0,2026-08-24,24,12.52,1.55,2301.0,2090.0,2278.0,1675.0,6.0,36.0,3220.0,False,False,False,-12.99,-12.12,False,3220.0,-37.8,37.8,False,77.0,44.0,15,False,- · 박스 6주 · 폭 36% · 주가강도 77점,-
江特电机,002176.SZ,CN,미분류,8.2,2026-08-25,24,10.05,2.17,10.07,9.35,9.73,7.75,4.0,25.5,16.97,False,False,False,-18.57,-15.72,False,32.56,-74.8,51.7,False,8.0,44.0,15,False,- · 박스 4주 · 폭 26% · 주가강도 8점,-
"BitMine Immersion Technologies, Inc. C",BMNR,US,미분류,26.84,2026-08-24,24,3.37,1.81,23.6,23.23,23.34,16.33,4.0,42.9,24.11,False,False,True,13.73,15.0,False,161.0,-83.3,59.1,True,74.0,34.0,15,False,- · 박스 4주 · 폭 43% · 주가강도 74점,-
신풍제약,019170.KS,KR,헬스케어,9040.0,2026-08-24,25,21.92,27.87,9900.0,9510.0,9020.0,6310.0,8.0,42.9,14400.0,False,True,False,-8.69,0.22,False,214000.0,-95.8,43.1,False,11.0,68.0,15,False,"헬스케어 소형주 · 시총 5,284억원 · 박스 8주 · 폭 43% · 완전돌파 · 주가강도 11점",헬스케어
키다리스튜디오,020120.KS,KR,미분류,8590.0,2026-08-24,25,3.73,40.2,4170.0,4160.0,4065.0,3160.0,7.0,28.6,4380.0,False,True,True,106.0,111.32,False,93685.81,-90.8,9.1,False,98.0,65.0,15,False,- · 박스 7주 · 폭 29% · 완전돌파 · 주가강도 상위 2% (최상위권),-
한미약품,128940.KS,KR,미분류,496500.0,2026-08-24,25,5.42,5.25,438000.0,438000.0,430000.0,302000.0,6.0,42.4,647000.0,False,True,True,13.36,15.47,False,699543.06,-29.0,23.3,False,58.0,64.0,15,False,- · 박스 6주 · 폭 42% · 완전돌파 · 주가강도 58점,-
东信和平,002017.SZ,CN,기술·IT,13.86,2026-08-24,25,4.89,3.13,15.24,15.09,14.89,12.21,8.0,21.9,23.74,False,True,False,-9.06,-6.92,False,36.36,-61.9,53.8,False,5.0,59.0,15,False,기술·IT 소형주 · 시총 95억위안 · ROE 9% · 박스 8주 · 폭 22% · 완전돌파 · 주가강도 5점,기술·IT
湖南白银,002716.SZ,CN,미분류,8.73,2026-08-24,25,5.95,3.59,11.04,10.8,10.42,7.38,4.0,41.2,17.37,False,True,False,-20.92,-16.22,False,21.3,-59.0,59.0,False,42.0,59.0,15,False,- · 박스 4주 · 폭 41% · 완전돌파 · 주가강도 42점,-
TS LINES,2510.HK,HK,미분류,13.13,2026-08-25,25,4.17,2.84,12.48,12.18,12.09,8.4,5.0,43.9,12.09,True,True,True,5.21,8.6,False,14.96,-12.2,12.2,False,85.0,57.0,15,False,- · 박스 5주 · 폭 44% · 완전돌파 · 주가강도 상위 15%,-
D/B/A Sibanye-Stillwater Limited ADS,SBSW,US,미분류,10.14,2026-08-21,25,8.12,1.58,12.78,12.45,11.9,8.29,4.0,43.5,17.76,False,True,False,-20.66,-14.79,False,21.29,-52.4,52.4,False,23.0,54.0,15,False,- · 박스 4주 · 폭 44% · 완전돌파 · 주가강도 23점,-
"Freeport-McMoRan, Inc. Common Stock",FCX,US,소재,71.96,2026-08-21,25,4.55,1.98,74.46,74.4,72.28,56.0,15.0,29.1,72.28,True,True,False,-3.36,-0.44,False,80.24,-10.3,10.3,False,74.0,52.0,15,False,"구리 대형주 · 시총 1,095억달러 · ROE 15% · 박스 15주 · 폭 29% · 완전돌파 · 주가강도 74점",구리
Sociedad Quimica y Minera S.A. Common ,SQM,US,미분류,65.16,2026-08-21,25,3.25,1.71,81.0,80.67,78.54,65.45,8.0,20.0,98.0,False,True,False,-19.56,-17.04,False,115.76,-43.7,33.5,False,26.0,50.0,15,False,- · 박스 8주 · 폭 20% · 완전돌파 · 주가강도 26점,-
融捷股份,002192.SZ,CN,미분류,56.97,2026-08-24,25,6.22,2.03,77.02,76.0,75.19,59.53,4.0,26.3,115.0,False,True,False,-26.03,-24.23,False,193.9,-70.6,50.5,False,18.0,50.0,15,False,- · 박스 4주 · 폭 26% · 완전돌파 · 주가강도 18점,-
"Seabridge Gold, Inc. Common Shares New",SA,US,소재,28.49,2026-08-21,25,3.97,4.36,34.59,29.77,34.27,23.69,10.0,44.7,40.06,False,False,False,-17.64,-16.87,False,40.06,-28.9,28.9,False,42.0,48.0,15,False,금 소형주 · 시총 35억달러 · ROE 3% · 박스 10주 · 폭 45% · 주가강도 42점,금
BUSYMING,1768.HK,HK,필수소비재,352.4,2026-08-25,25,4.86,5.32,435.8,378.0,425.0,330.2,7.0,28.7,465.6,False,False,False,-19.14,-17.08,False,465.6,-24.3,24.3,True,,48.0,15,False,식품 도매 중형주 · 시총 799억HKD · 박스 7주 · 폭 29%,식품 도매
Navios Maritime Partners LP Common Uni,NMM,US,산업재,90.33,2026-08-21,25,2.85,2.35,87.75,86.91,87.66,67.78,19.0,29.3,87.66,True,False,True,2.94,3.05,False,323.4,-72.1,4.9,False,82.0,46.0,15,False,해운 소형주 · 시총 26억달러 · ROE 13% · 박스 19주 · 폭 29% · 주가강도 상위 18%,해운
"BitGo Holdings, Inc. Class A Common St",BTGO,US,금융,7.26,2026-08-21,25,5.3,1.9,6.95,6.66,6.67,4.65,12.0,43.4,12.99,False,False,True,4.46,8.85,False,24.5,-70.4,70.4,True,,44.0,15,False,증권·자본시장 소형주 · 시총 9억달러 · 박스 12주 · 폭 43%,증권·자본시장
Eldorado Gold Corporation Ordinary Sha,EGO,US,미분류,39.44,2026-08-21,25,2.98,1.63,43.92,43.92,42.79,29.7,4.0,44.1,47.14,False,True,False,-10.2,-7.83,False,110.6,-64.3,22.9,False,58.0,44.0,15,False,- · 박스 4주 · 폭 44% · 완전돌파 · 주가강도 58점,-
Sprott Inc. Common Shares,SII,US,미분류,120.35,2026-08-21,25,2.95,1.62,130.29,129.29,126.75,101.0,8.0,25.5,169.63,False,True,False,-7.63,-5.05,False,169.63,-29.1,29.1,False,46.0,44.0,15,False,- · 박스 8주 · 폭 26% · 완전돌파 · 주가강도 46점,-
Wheaton Precious Metals Corp Common Sh,WPM,US,미분류,135.62,2026-08-21,25,2.96,1.54,154.7,153.58,150.69,106.3,4.0,41.8,165.76,False,True,False,-12.33,-10.0,False,165.76,-18.2,18.2,False,50.0,44.0,15,False,- · 박스 4주 · 폭 42% · 완전돌파 · 주가강도 50점,-
TSE9722,9722.T,JP,미분류,2749.0,2026-08-21,25,2.0,2.53,2547.0,2523.0,2523.0,1740.0,11.0,45.0,2523.0,True,False,True,7.93,8.96,False,3160.0,-13.0,13.0,False,70.0,43.0,15,False,- · 박스 11주 · 폭 45% · 주가강도 70점,-
Ternium S.A. Ternium S.A. American Dep,TX,US,소재,54.47,2026-08-21,25,3.47,1.51,56.09,55.13,55.66,43.52,6.0,27.9,55.66,True,False,False,-2.89,-2.14,False,58.73,-7.3,7.3,False,74.0,42.0,15,False,철강 중형주 · 시총 114억달러 · ROE 4% · 박스 6주 · 폭 28% · 주가강도 74점,철강
LEAPMOTOR,9863.HK,HK,미분류,34.26,2026-08-25,25,2.57,2.13,43.86,38.9,43.38,37.08,4.0,17.0,57.8,False,False,False,-21.89,-21.02,False,76.3,-55.1,50.5,False,5.0,40.0,15,False,- · 박스 4주 · 폭 17% · 주가강도 5점,-
中国铀业,001280.SZ,CN,미분류,60.21,2026-08-24,25,6.15,1.8,71.15,68.73,69.52,55.51,8.0,25.2,102.91,False,False,False,-15.38,-13.39,False,104.87,-42.6,42.6,True,,40.0,15,False,- · 박스 8주 · 폭 25%,-
山东黄金,600547.SS,CN,미분류,26.49,2026-08-24,25,2.02,2.23,37.8,35.9,37.2,25.76,4.0,44.4,53.5,False,False,False,-29.92,-28.79,False,65.55,-59.6,59.6,False,10.0,34.0,15,False,- · 박스 4주 · 폭 44% · 주가강도 10점,-
高新发展,000628.SZ,CN,미분류,54.66,2026-08-24,25,3.29,2.48,46.84,45.11,45.35,32.66,6.0,38.9,68.11,False,False,True,16.7,20.53,False,95.7,-42.9,19.7,False,44.0,34.0,15,False,- · 박스 6주 · 폭 39% · 주가강도 44점,-
山西焦煤,000983.SZ,CN,미분류,6.37,2026-08-24,25,2.19,1.69,7.48,7.38,7.46,5.75,10.0,29.7,8.07,False,False,False,-14.84,-14.61,False,33.77,-81.1,21.1,False,24.0,34.0,15,False,- · 박스 10주 · 폭 30% · 주가강도 24점,-
Webull Corporation - Class A Ordinary ,BULL,US,기술·IT,7.05,2026-08-20,26,15.05,4.65,9.94,8.82,8.7,6.9,6.0,26.1,8.7,True,True,False,-29.07,-18.97,False,79.56,-91.1,56.0,False,28.0,72.0,15,False,기술·IT 소형주 · 시총 50억달러 · ROE 5% · 박스 6주 · 폭 26% · 완전돌파 · 주가강도 28점,기술·IT
우리기술투자,041190.KQ,KR,미분류,5740.0,2026-08-21,26,8.61,44.2,5360.0,5300.0,5250.0,3725.0,8.0,40.9,8600.0,False,True,True,7.09,9.33,False,13550.0,-57.6,56.3,False,18.0,68.0,15,False,- · 박스 8주 · 폭 41% · 완전돌파 · 주가강도 18점,-
DeFi Development Corp. - Common Stock,DFDV,US,미분류,5.57,2026-08-20,26,8.48,4.05,3.71,3.71,3.44,2.44,6.0,41.2,5.33,False,True,True,50.27,61.83,False,53.88,-89.7,69.5,False,70.0,68.0,15,False,- · 박스 6주 · 폭 41% · 완전돌파 · 주가강도 70점,-
"Strive, Inc. - Class A Common Stock",ASST,US,금융,29.0,2026-08-20,26,8.62,2.69,16.0,15.14,14.83,10.53,8.0,40.8,19.75,False,True,True,81.25,95.55,False,698.0,-95.8,47.1,False,96.0,66.0,15,False,자산운용 소형주 · 시총 25억달러 · 박스 8주 · 폭 41% · 완전돌파 · 주가강도 상위 4% (최상위권),자산운용
"ScanSource, Inc. - Common Stock",SCSC,US,기술·IT,57.78,2026-08-20,26,26.1,4.93,64.84,56.0,59.6,47.18,10.0,26.3,59.6,True,False,False,-10.89,-3.05,False,66.78,-13.5,13.5,False,67.0,62.0,15,False,전자·컴퓨터 유통 소형주 · 시총 12억달러 · ROE 9% · 박스 10주 · 폭 26% · 주가강도 67점,전자·컴퓨터 유통
갤럭시아머니트리,094480.KQ,KR,미분류,5740.0,2026-08-21,26,6.76,55.45,5840.0,5430.0,5800.0,4055.0,8.0,43.0,11800.0,False,False,False,-1.71,-1.03,False,20000.0,-71.3,53.1,False,9.0,54.0,15,False,- · 박스 8주 · 폭 43% · 주가강도 9점,-
"Twenty One Capital, Inc. Class A Commo",XXI,US,미분류,6.74,2026-08-20,26,6.67,2.12,5.92,5.86,5.83,4.15,8.0,40.5,9.34,False,True,True,13.85,15.61,False,59.75,-88.7,73.7,False,23.0,50.0,15,False,- · 박스 8주 · 폭 40% · 완전돌파 · 주가강도 23점,-
Futu Holdings Limited - American Depos,FUTU,US,미분류,112.27,2026-08-20,26,7.52,2.88,117.65,107.27,113.03,88.78,11.0,27.3,168.96,False,False,False,-4.57,-0.67,False,204.25,-45.0,44.6,False,17.0,45.0,15,False,- · 박스 11주 · 폭 27% · 주가강도 17점,-
TSE4674,4674.T,JP,미분류,1865.0,2026-08-20,26,2.48,2.11,2068.0,2025.0,2035.0,1418.0,14.0,43.5,2035.0,True,False,False,-9.82,-8.35,False,2108.0,-11.5,11.5,False,54.0,42.0,1,True,- · 박스 14주 · 폭 44% · 주가강도 54점,-
"Circle Internet Group, Inc. Class A Co",CRCL,US,미분류,85.8,2026-08-20,26,5.6,1.71,82.99,79.5,81.22,57.84,8.0,40.4,140.0,False,False,True,3.39,5.64,False,298.99,-71.3,46.2,True,39.0,40.0,15,False,- · 박스 8주 · 폭 40% · 주가강도 39점,-
"Moderna, Inc. - Common Stock",MRNA,US,미분류,197.28,2026-08-19,27,84.28,27.47,116.02,114.46,65.53,52.66,4.0,24.4,85.6,True,True,True,70.04,201.08,False,497.49,-60.3,2.7,False,99.0,79.0,15,False,- · 박스 4주 · 폭 24% · 완전돌파 · 주가강도 상위 1% (최상위권),-
"Merck & Company, Inc. Common Stock (ne",MRK,US,헬스케어,148.69,2026-08-19,27,8.71,3.25,146.94,144.9,137.98,107.9,27.0,27.9,137.98,True,True,True,1.19,7.76,False,156.92,-5.2,5.2,False,72.0,78.0,15,False,"헬스케어 초대형주 · 시총 3,663억달러 · ROE 7% · 박스 27주 · 폭 28% · 완전돌파 · 주가강도 72점",헬스케어
BioNTech SE - American Depositary Shar,BNTX,US,미분류,99.08,2026-08-19,27,17.83,9.33,109.29,107.18,107.14,84.96,16.0,26.1,113.26,False,True,False,-9.34,-7.52,False,464.0,-78.6,20.1,False,37.0,72.0,15,False,- · 박스 16주 · 폭 26% · 완전돌파 · 주가강도 37점,-
"Estee Lauder Companies, Inc. (The) Com",EL,US,필수소비재,95.57,2026-08-19,27,11.24,4.89,93.74,93.5,92.35,71.8,18.0,28.6,117.57,False,True,True,1.95,3.49,False,374.2,-74.5,21.4,False,49.0,72.0,15,False,생활용품 중형주 · 시총 368억달러 · ROE 5% · 박스 18주 · 폭 29% · 완전돌파 · 주가강도 49점,생활용품
永安药业,002365.SZ,CN,미분류,13.0,2026-08-20,27,8.93,3.49,15.61,15.0,15.55,11.6,5.0,34.1,15.55,True,False,False,-16.72,-16.4,False,32.14,-59.6,34.7,False,24.0,57.0,15,False,- · 박스 5주 · 폭 34% · 주가강도 24점,-
"Xencor, Inc. - Common Stock",XNCR,US,미분류,25.6,2026-08-19,27,2.44,2.23,26.03,25.55,25.53,18.8,4.0,35.8,25.53,True,True,True,-1.65,0.27,False,58.35,-56.1,16.4,False,93.0,55.0,15,False,- · 박스 4주 · 폭 36% · 완전돌파 · 주가강도 상위 7% (최상위권),-
Agnico Eagle Mines Limited Common Stoc,AEM,US,미분류,184.15,2026-08-19,27,5.2,1.79,196.67,196.09,191.25,134.38,13.0,42.3,255.24,False,True,False,-6.37,-3.71,False,255.24,-27.9,27.9,False,39.0,54.0,15,False,- · 박스 13주 · 폭 42% · 완전돌파 · 주가강도 39점,-
DRDGOLD Limited American Depositary Sh,DRD,US,미분류,24.34,2026-08-19,27,11.73,1.61,27.15,27.08,24.97,19.47,8.0,28.2,39.0,False,True,False,-10.35,-2.52,False,155.0,-84.3,38.2,False,20.0,54.0,15,False,- · 박스 8주 · 폭 28% · 완전돌파 · 주가강도 20점,-
Nuvation Bio Inc. Class A Common Stock,NUVB,US,미분류,5.6,2026-08-19,27,2.87,1.59,7.16,7.02,6.96,5.88,4.0,18.4,6.96,True,True,False,-21.79,-19.54,False,15.23,-63.2,42.6,False,46.0,54.0,15,False,- · 박스 4주 · 폭 18% · 완전돌파 · 주가강도 46점,-
"Eikon Therapeutics, Inc. - Common Stoc",EIKN,US,미분류,7.91,2026-08-19,27,9.61,3.55,12.77,11.74,12.11,8.72,6.0,38.9,16.5,False,False,False,-38.06,-34.68,False,17.4,-54.5,54.5,True,,53.0,3,False,- · 박스 6주 · 폭 39%,-
SITC,1308.HK,HK,미분류,46.88,2026-08-21,27,7.43,2.05,50.0,46.58,47.28,37.36,4.0,26.6,47.28,True,False,False,-6.24,-0.85,False,50.0,-6.2,6.2,False,80.0,52.0,15,False,- · 박스 4주 · 폭 27% · 주가강도 상위 20%,-
"Personalis, Inc. - Common Stock",PSNL,US,미분류,16.32,2026-08-19,27,9.42,2.1,15.22,14.42,14.81,11.52,4.0,28.6,16.39,False,False,True,7.23,10.2,False,53.46,-69.5,13.6,False,94.0,51.0,15,False,- · 박스 4주 · 폭 29% · 주가강도 상위 6% (최상위권),-
Repligen Corporation - Common Stock,RGEN,US,미분류,194.09,2026-08-19,27,3.97,1.68,172.74,170.0,169.5,117.59,11.0,44.1,169.5,True,True,True,12.36,14.51,False,327.32,-40.7,2.4,False,78.0,48.0,15,False,- · 박스 11주 · 폭 44% · 완전돌파 · 주가강도 78점,-
"Alpha Metallurgical Resources, Inc. Co",AMR,US,미분류,175.54,2026-08-19,27,2.64,2.01,173.92,172.04,171.0,133.64,7.0,28.0,231.63,False,True,True,0.93,2.65,False,452.0,-61.2,30.8,False,24.0,44.0,15,False,- · 박스 7주 · 폭 28% · 완전돌파 · 주가강도 24점,-
西部黄金,601069.SS,CN,미분류,24.35,2026-08-20,27,5.26,1.71,31.01,30.4,30.84,21.32,13.0,44.7,43.12,False,False,False,-21.48,-21.04,False,50.5,-51.8,51.8,False,16.0,44.0,15,False,- · 박스 13주 · 폭 45% · 주가강도 16점,-
"Amylyx Pharmaceuticals, Inc. - Common ",AMLX,US,미분류,29.85,2026-08-18,28,39.57,13.19,29.91,28.0,24.6,17.0,4.0,44.7,24.6,True,True,True,-0.2,21.34,False,41.93,-28.8,27.4,False,95.0,79.0,15,False,- · 박스 4주 · 폭 45% · 완전돌파 · 주가강도 상위 5% (최상위권),-
"Flexsteel Industries, Inc. - Common St",FLXS,US,미분류,87.53,2026-08-18,28,14.31,5.27,81.0,76.18,79.7,63.78,8.0,25.0,79.7,True,False,True,8.06,9.82,False,90.65,-3.4,3.4,False,88.0,70.0,15,False,- · 박스 8주 · 폭 25% · 주가강도 상위 12%,-
金健米业,600127.SS,CN,필수소비재,13.36,2026-08-19,28,9.99,1.66,7.82,7.82,7.11,5.03,16.0,41.4,7.8,True,True,True,70.84,87.9,False,17.05,-21.6,21.6,False,95.0,69.0,15,False,가공식품 소형주 · 시총 91억위안 · 박스 16주 · 폭 41% · 완전돌파 · 주가강도 상위 5% (최상위권),가공식품
바이오니아,064550.KQ,KR,미분류,8390.0,2026-08-19,28,23.76,11.22,8750.0,8090.0,7500.0,5470.0,8.0,37.1,13420.0,False,True,True,-4.11,11.87,False,98800.0,-91.5,46.4,False,12.0,68.0,15,False,- · 박스 8주 · 폭 37% · 완전돌파 · 주가강도 12점,-
CSPC PHARMA,1093.HK,HK,미분류,9.48,2026-08-20,28,9.38,4.81,9.5,9.43,9.22,7.28,7.0,26.6,10.89,False,True,True,-0.26,2.77,False,13.93,-32.0,13.5,False,40.0,68.0,15,False,- · 박스 7주 · 폭 27% · 완전돌파 · 주가강도 40점,-
CANSINOBIO,6185.HK,HK,헬스케어,31.1,2026-08-20,28,15.0,58.04,26.84,26.84,26.08,20.72,8.0,25.9,35.7,False,True,True,15.87,19.25,False,449.6,-93.1,42.2,False,26.0,68.0,15,False,헬스케어 소형주 · 시총 70억HKD · ROE 1% · 박스 8주 · 폭 26% · 완전돌파 · 주가강도 26점,헬스케어
Haemonetics Corporation Common Stock,HAE,US,헬스케어,105.79,2026-08-18,28,13.55,2.78,102.5,102.0,92.25,71.81,9.0,28.5,92.25,True,True,True,3.21,14.68,False,142.11,-25.6,4.2,False,88.0,67.0,15,False,의료기기 소형주 · 시총 47억달러 · ROE 11% · 박스 9주 · 폭 28% · 완전돌파 · 주가강도 상위 12%,의료기기
"Targa Resources, Inc. Common Stock",TRGP,US,에너지,277.43,2026-08-18,28,5.57,2.07,293.41,291.4,291.04,224.99,24.0,29.4,291.04,True,True,False,-5.45,-4.68,False,307.94,-9.9,9.9,False,61.0,65.0,15,False,석유·가스 수송 대형주 · 시총 631억달러 · ROE 71% · 박스 24주 · 폭 29% · 완전돌파 · 주가강도 61점,석유·가스 수송
TSE8551,8551.T,JP,미분류,2976.0,2026-08-18,28,2.02,4.85,2523.33,2490.0,2500.0,1983.33,4.0,26.1,2500.0,True,False,True,17.94,19.04,False,3100.0,-4.0,4.0,False,94.0,63.0,15,False,- · 박스 4주 · 폭 26% · 주가강도 상위 6% (최상위권),-
京粮控股,000505.SZ,CN,미분류,6.07,2026-08-19,28,2.06,6.7,6.93,6.91,6.79,4.92,13.0,38.0,7.74,False,True,False,-12.41,-10.6,False,24.0,-74.7,36.1,False,24.0,62.0,15,False,- · 박스 13주 · 폭 38% · 완전돌파 · 주가강도 24점,-
ASYMCHEM,6821.HK,HK,미분류,159.8,2026-08-20,28,8.3,3.0,137.0,129.4,134.4,105.0,5.0,28.0,138.7,False,False,True,16.64,18.9,False,277.14,-42.3,10.2,False,89.0,57.0,15,False,- · 박스 5주 · 폭 28% · 주가강도 상위 11%,-
"Kura Oncology, Inc. - Common Stock",KURA,US,미분류,10.61,2026-08-18,28,6.25,2.54,11.98,11.98,11.34,8.82,4.0,28.6,12.22,False,True,False,-11.47,-6.44,False,43.0,-75.3,23.7,False,40.0,55.0,15,False,- · 박스 4주 · 폭 29% · 완전돌파 · 주가강도 40점,-
隆平高科,000998.SZ,CN,미분류,8.38,2026-08-19,28,2.49,7.17,9.45,8.86,9.27,7.35,15.0,26.1,11.16,False,False,False,-11.32,-9.6,False,37.36,-77.6,24.9,False,20.0,52.0,15,False,- · 박스 15주 · 폭 26% · 주가강도 20점,-
SD GOLD,1787.HK,HK,미분류,18.53,2026-08-20,28,6.2,2.43,25.36,24.98,24.52,18.94,4.0,29.5,44.6,False,True,False,-26.93,-24.43,False,54.45,-66.0,66.0,False,3.0,50.0,15,False,- · 박스 4주 · 폭 30% · 완전돌파 · 주가강도 3점,-
金风科技,002202.SZ,CN,미분류,17.09,2026-08-19,28,10.0,2.81,24.21,22.0,22.18,17.36,4.0,27.8,33.3,False,False,False,-29.41,-22.95,False,37.03,-53.8,53.8,False,16.0,49.0,15,False,- · 박스 4주 · 폭 28% · 주가강도 16점,-
WUXI BIO,2269.HK,HK,미분류,53.5,2026-08-20,28,7.52,2.03,51.5,49.08,49.82,35.0,7.0,42.3,49.82,True,False,True,3.88,7.39,False,148.0,-63.9,3.8,False,81.0,48.0,15,False,- · 박스 7주 · 폭 42% · 주가강도 상위 19%,-
ASAHI INTECC CO LTD,7747.T,JP,헬스케어,3306.0,2026-08-18,28,3.41,2.61,4243.0,4083.0,4138.0,3204.0,19.0,29.2,4138.0,True,False,False,-22.08,-20.11,False,4282.0,-22.8,22.8,False,30.0,47.0,15,False,"의료기기·소모품 중형주 · 시총 8,729억엔 · ROE 20% · 박스 19주 · 폭 29% · 주가강도 30점",의료기기·소모품
尚太科技,001301.SZ,CN,미분류,46.09,2026-08-19,28,5.79,2.66,59.94,59.1,59.74,47.2,6.0,26.6,70.21,False,False,False,-23.11,-22.85,False,78.36,-41.2,41.2,False,8.0,45.0,15,False,- · 박스 6주 · 폭 27% · 주가강도 8점,-
TSE7018,7018.T,JP,미분류,13170.0,2026-08-18,28,4.94,2.34,12740.0,12510.0,12470.0,8910.0,8.0,40.0,18990.0,False,True,True,3.38,5.61,False,20540.0,-35.9,35.9,False,64.0,44.0,15,False,- · 박스 8주 · 폭 40% · 완전돌파 · 주가강도 64점,-
WUXI XDC,2268.HK,HK,미분류,78.05,2026-08-20,28,4.04,2.12,70.8,67.7,70.6,49.32,7.0,43.1,70.6,True,False,True,10.24,10.55,False,85.5,-8.7,8.7,False,57.0,42.0,15,False,- · 박스 7주 · 폭 43% · 주가강도 57점,-
CHIFENG GOLD,6693.HK,HK,미분류,34.6,2026-08-20,28,5.01,1.6,41.06,40.66,41.0,29.58,4.0,38.6,45.98,False,False,False,-15.73,-15.61,False,49.9,-30.7,30.7,True,40.0,40.0,15,False,- · 박스 4주 · 폭 39% · 주가강도 40점,-
航天电子,600879.SS,CN,미분류,13.66,2026-08-19,28,4.58,1.56,17.11,15.01,16.6,14.02,4.0,18.4,27.85,False,False,False,-20.16,-17.71,False,32.24,-57.6,57.6,False,7.0,40.0,15,False,- · 박스 4주 · 폭 18% · 주가강도 7점,-
中国卫星,600118.SS,CN,미분류,55.27,2026-08-19,28,4.35,1.82,72.0,66.17,69.99,54.75,4.0,27.8,119.5,False,False,False,-23.24,-21.03,False,127.77,-56.7,56.7,False,15.0,34.0,15,False,- · 박스 4주 · 폭 28% · 주가강도 15점,-
航天动力,600343.SS,CN,미분류,19.16,2026-08-19,28,2.84,1.66,21.0,18.38,20.8,16.71,4.0,24.5,40.57,False,False,False,-8.76,-7.88,False,50.88,-62.3,62.3,False,5.0,34.0,15,False,- · 박스 4주 · 폭 24% · 주가강도 5점,-
铖昌科技,001270.SZ,CN,미분류,93.99,2026-08-19,28,3.45,1.63,123.68,108.0,121.1,87.88,4.0,37.8,180.64,False,False,False,-24.01,-22.39,False,180.64,-48.0,48.0,False,43.0,34.0,15,False,- · 박스 4주 · 폭 38% · 주가강도 43점,-
TSE4180,4180.T,JP,미분류,1377.0,2026-08-17,29,12.54,6.77,1274.0,1220.0,1132.0,830.0,6.0,36.4,1148.0,True,True,True,8.08,21.64,False,2559.0,-46.2,20.2,False,80.0,76.0,6,False,- · 박스 6주 · 폭 36% · 완전돌파 · 주가강도 상위 20%,-
TSE4480,4480.T,JP,미분류,2286.0,2026-08-17,29,12.07,10.58,3000.0,2781.0,2677.0,1853.0,19.0,44.5,2677.0,True,True,False,-23.8,-14.61,False,7370.0,-69.0,24.8,False,38.0,76.0,1,True,- · 박스 19주 · 폭 44% · 완전돌파 · 주가강도 38점,-
TSE3659,3659.T,JP,미분류,2606.5,2026-08-17,29,10.82,5.82,3349.0,3034.0,3045.0,2110.0,21.0,44.3,3976.0,False,False,False,-22.17,-14.4,False,4434.0,-41.2,41.2,False,21.0,65.0,15,False,- · 박스 21주 · 폭 44% · 주가강도 21점,-
"Ocular Therapeutix, Inc. - Common Stoc",OCUL,US,미분류,7.66,2026-08-17,29,7.57,4.4,10.8,10.5,10.43,8.15,5.0,28.0,11.5,False,True,False,-29.12,-26.61,False,44.19,-82.7,53.4,False,5.0,64.0,15,False,- · 박스 5주 · 폭 28% · 완전돌파 · 주가강도 5점,-
"Duos Technologies Group, Inc. - Common",DUOT,US,미분류,8.99,2026-08-17,29,13.61,8.43,10.35,9.23,9.66,7.46,5.0,29.5,15.28,False,False,False,-13.14,-6.94,False,87.5,-89.7,41.2,False,29.0,58.0,15,False,- · 박스 5주 · 폭 30% · 주가강도 29점,-
TSE7762,7762.T,JP,미분류,2349.0,2026-08-17,29,4.07,4.4,2863.0,2680.0,2770.0,1975.0,13.0,40.3,2770.0,True,False,False,-17.95,-15.2,False,2920.0,-19.6,19.6,False,79.0,56.0,15,False,- · 박스 13주 · 폭 40% · 주가강도 79점,-
浙江医药,600216.SS,CN,미분류,12.18,2026-08-18,29,5.68,3.51,13.95,13.53,13.85,10.94,12.0,26.6,18.58,False,False,False,-12.69,-12.06,False,23.56,-48.3,34.4,False,14.0,53.0,15,False,- · 박스 12주 · 폭 27% · 주가강도 14점,-
TSE6890,6890.T,JP,미분류,10800.0,2026-08-17,29,5.38,1.77,9600.0,9310.0,9540.0,6750.0,6.0,41.3,11700.0,False,False,True,12.5,13.21,False,11700.0,-7.7,7.7,False,92.0,51.0,15,False,- · 박스 6주 · 폭 41% · 주가강도 상위 8% (최상위권),-
Almonty Industries Inc. - Common Share,ALM,US,미분류,13.21,2026-08-17,29,7.36,1.7,16.2,15.86,15.47,10.74,4.0,44.0,24.41,False,True,False,-18.46,-14.61,False,24.41,-45.9,45.9,False,58.0,50.0,15,False,- · 박스 4주 · 폭 44% · 완전돌파 · 주가강도 58점,-
LIFEDRINK CO INC,2585.T,JP,필수소비재,1277.0,2026-08-17,29,3.36,3.42,1847.0,1669.0,1787.0,1388.0,9.0,28.7,1845.0,True,False,False,-30.86,-28.54,False,3015.0,-57.6,47.5,False,7.0,47.0,15,False,필수소비재 소형주 · 시총 747억엔 · ROE 23% · 박스 9주 · 폭 29% · 주가강도 7점,필수소비재
DRINDA,2865.HK,HK,미분류,11.47,2026-08-19,29,9.83,1.97,21.0,17.0,19.58,14.95,5.0,31.0,50.45,False,False,False,-45.38,-41.42,False,52.6,-78.2,78.2,True,1.0,44.0,15,False,- · 박스 5주 · 폭 31% · 주가강도 1점,-
科瑞技术,002957.SZ,CN,미분류,36.35,2026-08-18,29,2.94,1.59,43.41,42.9,42.31,29.49,4.0,43.5,72.4,False,True,False,-16.26,-14.09,False,72.4,-49.8,49.8,False,68.0,44.0,15,False,- · 박스 4주 · 폭 44% · 완전돌파 · 주가강도 68점,-
Churchill Capital Corp XI - Class A Or,CCXI,US,미분류,12.05,2026-08-17,29,4.69,1.84,17.87,17.12,17.59,12.7,5.0,38.5,19.69,False,False,False,-32.57,-31.5,False,19.69,-38.8,38.8,True,,34.0,15,False,- · 박스 5주 · 폭 38%,-
今世缘,603369.SS,CN,필수소비재,27.13,2026-08-18,29,3.81,2.31,30.76,29.27,30.73,24.0,5.0,28.0,34.4,False,False,False,-11.8,-11.71,False,67.98,-60.1,36.0,False,19.0,34.0,15,False,필수소비재 중형주 · 시총 380억위안 · ROE 15% · 박스 5주 · 폭 28% · 주가강도 19점,필수소비재
"Heartflow, Inc. - Common Stock",HTFL,US,미분류,49.92,2026-08-14,30,25.96,6.53,39.06,36.04,31.72,23.87,6.0,32.9,36.46,True,True,True,27.8,57.38,False,52.22,-4.4,4.4,True,91.0,83.0,15,False,- · 박스 6주 · 폭 33% · 완전돌파 · 주가강도 상위 9% (최상위권),-
"Eton Pharmaceuticals, Inc. - Common St",ETON,US,미분류,59.18,2026-08-14,30,34.63,4.86,54.93,53.01,50.18,35.0,6.0,43.4,50.18,True,True,True,7.74,17.94,False,66.37,-10.8,10.8,False,97.0,79.0,15,False,- · 박스 6주 · 폭 43% · 완전돌파 · 주가강도 상위 3% (최상위권),-
"Jefferson Capital, Inc. - Common Stock",JCAP,US,금융,19.32,2026-08-14,30,6.66,4.29,23.05,21.98,21.86,17.5,7.0,24.9,22.75,True,True,False,-16.18,-11.64,False,24.44,-20.9,20.9,True,27.0,68.0,15,False,여신·카드 소형주 · 시총 12억달러 · ROE 35% · 박스 7주 · 폭 25% · 완전돌파 · 주가강도 27점,여신·카드
神奇制药,600613.SS,CN,미분류,8.11,2026-08-17,30,7.64,4.28,6.9,6.78,6.41,4.45,6.0,44.0,6.95,False,True,True,17.54,26.52,False,28.57,-71.6,36.5,False,78.0,64.0,15,False,- · 박스 6주 · 폭 44% · 완전돌파 · 주가강도 78점,-
TSE4478,4478.T,JP,미분류,3560.0,2026-08-14,30,9.53,2.1,3115.0,3115.0,2876.0,2262.0,4.0,27.1,2876.0,True,True,True,14.29,23.78,False,12910.0,-72.4,22.4,False,80.0,62.0,1,True,- · 박스 4주 · 폭 27% · 완전돌파 · 주가강도 상위 20%,-
"International Money Express, Inc. - Co",IMXI,US,미분류,11.65,2026-08-14,30,21.71,11.85,14.24,13.71,13.72,11.15,4.0,23.0,15.95,False,False,False,-18.19,-15.09,False,28.24,-58.7,27.0,False,6.0,58.0,15,False,- · 박스 4주 · 폭 23% · 주가강도 6점,-
"Newsmax, Inc. Class B Common Stock",NMAX,US,미분류,10.9,2026-08-14,30,4.27,5.56,9.9,9.9,9.52,7.5,6.0,27.0,11.2,False,True,True,10.16,14.44,False,265.0,-95.9,17.3,True,72.0,58.0,15,False,- · 박스 6주 · 폭 27% · 완전돌파 · 주가강도 72점,-
CHOW SANG SANG,0116.HK,HK,미분류,12.71,2026-08-18,30,11.02,8.16,13.4,13.1,13.1,10.09,5.0,29.8,15.08,False,False,False,-5.15,-2.98,False,32.1,-60.4,23.8,False,36.0,58.0,15,False,- · 박스 5주 · 폭 30% · 주가강도 36점,-
Aveanna Healthcare Holdings Inc. - Com,AVAH,US,미분류,12.69,2026-08-14,30,5.49,3.18,11.91,11.38,11.53,8.38,7.0,37.6,11.53,True,False,True,6.55,10.01,False,14.71,-13.7,13.7,False,85.0,57.0,15,False,- · 박스 7주 · 폭 38% · 주가강도 상위 15%,-
Nu Holdings Ltd. Class A Ordinary Shar,NU,US,금융,12.23,2026-08-14,30,12.99,2.08,15.74,15.0,14.85,11.51,9.0,29.0,17.59,False,True,False,-22.3,-17.62,False,18.98,-35.6,35.6,False,10.0,54.0,15,False,금융 대형주 · 시총 741억달러 · ROE 32% · 박스 9주 · 폭 29% · 완전돌파 · 주가강도 10점,금융
TSE5707,5707.T,JP,미분류,940.0,2026-08-14,30,7.39,4.33,1104.0,1049.0,1051.0,742.0,11.0,41.6,1899.0,False,False,False,-14.86,-10.56,False,13140.0,-92.8,62.5,False,49.0,54.0,15,False,- · 박스 11주 · 폭 42% · 주가강도 49점,-
杭电股份,603618.SS,CN,미분류,33.69,2026-08-17,30,3.62,1.72,30.95,29.98,29.87,21.12,4.0,41.4,57.21,False,True,True,8.85,12.79,False,57.21,-41.1,41.1,False,97.0,51.0,15,False,- · 박스 4주 · 폭 41% · 완전돌파 · 주가강도 상위 3% (최상위권),-
TSE7974,7974.T,JP,미분류,7907.0,2026-08-14,30,3.3,1.83,8600.0,8585.0,8526.0,6802.0,6.0,25.3,10435.0,False,True,False,-8.06,-7.26,False,14795.0,-46.6,46.0,False,14.0,44.0,15,False,- · 박스 6주 · 폭 25% · 완전돌파 · 주가강도 14점,-
HAIXI PHARMA,2637.HK,HK,미분류,167.0,2026-08-18,30,3.98,1.96,230.0,213.0,224.0,158.4,10.0,41.4,302.4,False,False,False,-27.39,-25.45,False,302.4,-44.8,44.8,True,,34.0,15,False,- · 박스 10주 · 폭 41%,-
中恒电气,002364.SZ,CN,미분류,32.8,2026-08-17,30,4.44,1.91,47.0,43.0,45.75,33.72,4.0,35.7,59.97,False,False,False,-30.21,-28.31,False,59.97,-45.3,45.3,False,26.0,34.0,15,False,- · 박스 4주 · 폭 36% · 주가강도 26점,-
BBB Foods Inc. Class A Common Shares,TBBB,US,필수소비재,53.54,2026-08-13,31,8.16,5.24,45.75,44.88,44.58,37.48,10.0,18.9,44.58,True,True,True,17.03,20.1,False,54.0,-0.9,0.9,False,84.0,90.0,15,False,할인점 중형주 · 시총 61억달러 · 박스 10주 · 폭 19% · 완전돌파 · 주가강도 상위 16%,할인점
TSE6287,6287.T,JP,미분류,2655.0,2026-08-13,31,13.24,5.71,2950.0,2851.0,2632.0,2053.0,40.0,28.2,2632.0,True,True,False,-10.0,0.87,False,3855.0,-31.1,10.0,False,44.0,79.0,15,False,- · 박스 40주 · 폭 28% · 완전돌파 · 주가강도 44점,-
FGI Industries Ltd. - Ordinary Shares,FGI,US,미분류,7.7,2026-08-13,31,79.07,2036.63,8.47,7.07,5.32,4.05,4.0,31.3,12.43,False,True,True,-9.09,44.76,False,31.25,-75.4,61.4,False,87.0,72.0,15,False,- · 박스 4주 · 폭 31% · 완전돌파 · 주가강도 상위 13%,-
Accelerant Holdings Class A Common Sha,ARX,US,미분류,19.74,2026-08-13,31,44.09,32.96,19.61,19.45,15.17,10.77,9.0,40.9,17.85,True,True,True,0.66,30.13,False,31.18,-36.7,0.8,True,79.0,72.0,15,False,- · 박스 9주 · 폭 41% · 완전돌파 · 주가강도 79점,-
TSE6027,6027.T,JP,미분류,5060.0,2026-08-13,31,5.47,10.05,2795.0,2757.0,2650.0,2169.0,6.0,22.2,2987.0,False,True,True,81.04,90.94,False,15880.0,-68.1,16.6,False,93.0,71.0,15,False,- · 박스 6주 · 폭 22% · 완전돌파 · 주가강도 상위 7% (최상위권),-
会稽山,601579.SS,CN,필수소비재,37.66,2026-08-14,31,3.15,8.27,18.0,17.96,17.69,13.77,11.0,28.5,23.06,False,True,True,109.22,112.89,False,41.84,-10.0,10.0,False,96.0,69.0,15,False,필수소비재 중형주 · 시총 121억위안 · ROE 8% · 박스 11주 · 폭 28% · 완전돌파 · 주가강도 상위 4% (최상위권),필수소비재
TSE7911,7911.T,JP,미분류,2367.5,2026-08-13,31,8.95,3.89,2679.0,2679.0,2557.0,2081.0,4.0,22.9,2964.0,False,True,False,-11.63,-7.41,False,2964.0,-20.1,20.1,False,29.0,63.0,15,False,- · 박스 4주 · 폭 23% · 완전돌파 · 주가강도 29점,-
TSE3040,3040.T,JP,미분류,2623.0,2026-08-13,31,2.17,6.52,2349.0,2333.0,2334.0,1874.0,13.0,24.5,2334.0,True,False,True,11.66,12.38,False,2741.0,-4.3,4.3,False,79.0,60.0,15,False,- · 박스 13주 · 폭 24% · 주가강도 79점,-
EnerSys Common Stock,ENS,US,미분류,177.98,2026-08-13,31,13.0,2.82,211.0,192.36,209.58,175.64,5.0,19.3,244.3,False,False,False,-15.65,-15.08,False,244.3,-27.1,27.1,False,37.0,55.0,15,False,- · 박스 5주 · 폭 19% · 주가강도 37점,-
Grocery Outlet Holding Corp. - Common ,GO,US,필수소비재,11.1,2026-08-13,31,9.44,2.68,11.13,10.11,10.58,8.46,9.0,25.1,10.6,True,False,True,-0.27,4.91,False,48.87,-77.3,34.7,False,44.0,53.0,15,False,식품 유통 소형주 · 시총 12억달러 · 박스 9주 · 폭 25% · 주가강도 44점,식품 유통
Harmonic Inc. - Common Stock,HLIT,US,미분류,10.58,2026-08-13,31,20.67,3.28,14.48,12.76,12.81,10.45,4.0,22.6,17.68,False,False,False,-26.93,-17.41,False,157.5,-93.3,40.2,False,17.0,53.0,15,False,- · 박스 4주 · 폭 23% · 주가강도 17점,-
龙旗科技,603341.SS,CN,미분류,35.42,2026-08-14,31,9.54,3.06,44.8,37.86,44.0,34.87,6.0,26.2,48.16,False,False,False,-20.94,-19.5,False,62.2,-43.1,33.9,False,12.0,53.0,15,False,- · 박스 6주 · 폭 26% · 주가강도 12점,-
"McGraw Hill, Inc. Common Stock",MH,US,필수소비재,12.5,2026-08-13,31,7.33,2.27,12.45,12.23,11.92,8.94,8.0,33.3,15.9,False,True,True,0.4,4.87,False,18.0,-30.6,30.6,True,33.0,50.0,15,False,교육 소형주 · 시총 24억달러 · ROE 17% · 박스 8주 · 폭 33% · 완전돌파 · 주가강도 33점,교육
CALB,3931.HK,HK,미분류,17.05,2026-08-17,31,6.65,1.76,21.0,20.3,20.06,15.92,4.0,26.0,39.3,False,True,False,-18.81,-15.0,False,39.3,-56.6,56.6,False,3.0,50.0,15,False,- · 박스 4주 · 폭 26% · 완전돌파 · 주가강도 3점,-
TSE6616,6616.T,JP,미분류,1959.0,2026-08-13,31,5.29,2.26,2148.0,2090.0,2082.0,1604.0,4.0,29.8,2990.0,False,True,False,-8.8,-5.91,False,3960.0,-50.5,34.5,False,35.0,50.0,15,False,- · 박스 4주 · 폭 30% · 완전돌파 · 주가강도 35점,-
한화생명,088350.KS,KR,미분류,5700.0,2026-08-13,31,6.38,3.41,5000.0,4925.0,4930.0,3930.0,7.0,25.4,7560.0,False,False,True,14.0,15.62,False,9840.0,-42.1,24.6,False,75.0,49.0,15,False,- · 박스 7주 · 폭 25% · 주가강도 75점,-
"Applied Industrial Technologies, Inc. ",AIT,US,미분류,337.42,2026-08-13,31,3.88,1.71,365.95,350.86,363.59,283.45,17.0,28.3,363.59,True,False,False,-7.8,-7.2,False,374.8,-10.0,10.0,False,51.0,46.0,15,False,- · 박스 17주 · 폭 28% · 주가강도 51점,-
"Alto Neuroscience, Inc. Common Stock",ANRO,US,미분류,26.66,2026-08-13,31,2.81,1.82,30.0,29.59,29.7,24.3,7.0,22.2,29.7,True,False,False,-11.13,-10.24,False,37.48,-28.9,28.9,False,97.0,45.0,15,False,- · 박스 7주 · 폭 22% · 주가강도 상위 3% (최상위권),-
"Cullinan Therapeutics, Inc. - Common S",CGEM,US,미분류,14.95,2026-08-13,31,5.71,1.89,20.72,18.77,19.94,16.0,7.0,24.6,19.94,True,False,False,-27.85,-25.03,False,59.85,-75.0,35.5,False,69.0,44.0,15,False,- · 박스 7주 · 폭 25% · 주가강도 69점,-
"Innovative Solutions and Support, Inc.",IA,US,미분류,18.9,2026-08-13,31,9.29,1.92,22.0,19.83,21.72,17.23,6.0,26.1,30.94,False,False,False,-14.09,-12.98,False,30.94,-38.9,38.9,False,44.0,44.0,15,False,- · 박스 6주 · 폭 26% · 주가강도 44점,-
MATSUDA SANGYO,7456.T,JP,소재,6840.0,2026-08-13,31,2.75,1.52,7090.0,6970.0,7080.0,5040.0,11.0,40.5,8860.0,False,False,False,-3.53,-3.39,False,8860.0,-22.8,22.8,False,64.0,34.0,15,False,"귀금속 광업 소형주 · 시총 1,938억엔 · ROE 19% · 박스 11주 · 폭 40% · 주가강도 64점",귀금속 광업
金开新能,600821.SS,CN,유틸리티,5.7,2026-08-14,31,3.22,2.23,7.38,6.74,7.2,5.56,4.0,29.5,12.2,False,False,False,-22.76,-20.83,False,18.96,-69.9,53.3,False,16.0,34.0,15,False,유틸리티 중형주 · 시총 124억위안 · 박스 4주 · 폭 30% · 주가강도 16점,유틸리티
Riskified Ltd. Class A Ordinary Shares,RSKD,US,기술·IT,7.7,2026-08-12,32,14.99,7.05,6.06,5.56,5.49,4.37,16.0,25.5,5.49,True,True,True,27.06,40.38,False,40.48,-81.0,5.8,False,88.0,80.0,15,False,기술·IT 소형주 · 시총 8억달러 · 박스 16주 · 폭 26% · 완전돌파 · 주가강도 상위 12%,기술·IT
Similarweb Ltd. Ordinary Shares,SMWB,US,미분류,7.59,2026-08-12,32,10.34,6.1,8.0,7.72,7.59,5.95,6.0,27.6,7.59,True,True,False,-5.12,0.0,False,25.5,-70.2,22.2,False,80.0,76.0,15,False,- · 박스 6주 · 폭 28% · 완전돌파 · 주가강도 상위 20%,-
MILBON CO LTD,4919.T,JP,필수소비재,3265.0,2026-08-12,32,7.62,4.4,3150.0,3145.0,2960.0,2303.0,40.0,28.5,2960.0,True,True,True,3.65,10.3,False,7270.0,-55.1,2.8,False,60.0,75.0,15,False,"생활용품 소형주 · 시총 1,001억엔 · ROE 11% · 박스 40주 · 폭 28% · 완전돌파 · 주가강도 60점",생활용품
TSE6570,6570.T,JP,미분류,3875.0,2026-08-12,32,4.0,15.62,2706.0,2706.0,2602.0,1850.0,5.0,40.6,2602.0,True,True,True,43.2,48.92,False,4465.0,-13.2,13.2,False,98.0,69.0,15,False,- · 박스 5주 · 폭 41% · 완전돌파 · 주가강도 상위 2% (최상위권),-
TSE9684,9684.T,JP,미분류,2877.0,2026-08-12,32,14.94,4.45,3300.0,2963.0,2975.0,2325.0,32.0,28.0,2975.0,True,False,False,-12.82,-3.29,False,3861.67,-25.5,16.4,False,38.0,69.0,10,False,- · 박스 32주 · 폭 28% · 주가강도 38점,-
"H&R Block, Inc. Common Stock",HRB,US,미분류,40.34,2026-08-12,32,16.78,3.92,54.5,52.29,47.33,37.76,6.0,25.3,47.33,True,True,False,-25.98,-14.77,False,68.45,-41.1,31.2,False,30.0,67.0,15,False,- · 박스 6주 · 폭 25% · 완전돌파 · 주가강도 30점,-
코스맥스,192820.KS,KR,미분류,287500.0,2026-08-12,32,10.48,7.16,232000.0,212500.0,217000.0,167600.0,5.0,29.5,234500.0,False,False,True,23.92,32.49,False,306500.0,-6.2,6.2,False,87.0,66.0,15,False,- · 박스 5주 · 폭 30% · 주가강도 상위 13%,-
中鼎股份,000887.SZ,CN,미분류,18.45,2026-08-13,32,9.94,1.53,23.68,23.27,22.75,16.13,26.0,41.0,22.75,True,True,False,-22.09,-18.9,False,41.69,-55.7,30.8,False,21.0,65.0,15,False,- · 박스 26주 · 폭 41% · 완전돌파 · 주가강도 21점,-
실리콘투,257720.KQ,KR,미분류,39050.0,2026-08-12,32,5.12,9.25,42100.0,40650.0,40450.0,31650.0,6.0,27.8,50500.0,False,True,False,-7.24,-3.46,False,63400.0,-38.4,30.4,False,37.0,64.0,15,False,- · 박스 6주 · 폭 28% · 완전돌파 · 주가강도 37점,-
"Super Micro Computer, Inc. - Common St",SMCI,US,미분류,41.78,2026-08-12,32,10.73,2.9,34.99,33.94,33.39,23.38,6.0,42.8,51.4,False,True,True,19.41,25.13,False,122.9,-66.0,28.9,False,75.0,59.0,15,False,- · 박스 6주 · 폭 43% · 완전돌파 · 주가강도 75점,-
TSE6098,6098.T,JP,미분류,16595.0,2026-08-12,32,2.47,2.08,16565.0,16380.0,16165.0,11720.0,5.0,37.9,16165.0,True,True,True,0.18,2.66,False,18215.0,-8.9,8.9,False,93.0,59.0,15,False,- · 박스 5주 · 폭 38% · 완전돌파 · 주가강도 상위 7% (최상위권),-
"Red Violet, Inc. - Common Stock ",RDVT,US,미분류,78.61,2026-08-12,32,2.23,2.03,72.81,67.65,71.25,58.71,6.0,21.4,71.25,True,False,True,7.97,10.33,False,80.39,-2.2,2.2,False,83.0,56.0,15,False,- · 박스 6주 · 폭 21% · 주가강도 상위 17%,-
Astronics Corporation - Common Stock,ATRO,US,미분류,67.65,2026-08-12,32,12.43,3.04,84.22,79.5,80.8,64.22,5.0,25.8,88.72,False,False,False,-19.67,-16.27,False,94.46,-28.4,28.4,False,64.0,53.0,15,False,- · 박스 5주 · 폭 26% · 주가강도 64점,-
MONOGATARI CORPORATION,3097.T,JP,경기소비재,5300.0,2026-08-12,32,5.33,2.7,5730.0,5540.0,5580.0,4460.0,13.0,25.1,5580.0,True,False,False,-7.5,-5.02,False,6010.0,-11.8,11.8,False,47.0,53.0,15,False,"외식 소형주 · 시총 2,208억엔 · ROE 20% · 박스 13주 · 폭 25% · 주가강도 47점",외식
TSE6072,6072.T,JP,미분류,1001.0,2026-08-12,32,8.38,1.57,1164.0,1104.0,1115.0,828.0,6.0,34.7,1958.0,False,False,False,-14.0,-10.22,False,3020.0,-66.9,48.9,False,98.0,51.0,15,False,- · 박스 6주 · 폭 35% · 주가강도 상위 2% (최상위권),-
云赛智联,600602.SS,CN,미분류,16.21,2026-08-13,32,7.26,3.34,21.72,19.34,21.0,14.82,11.0,41.7,25.8,False,False,False,-25.37,-22.81,False,30.26,-46.4,37.2,False,13.0,49.0,15,False,- · 박스 11주 · 폭 42% · 주가강도 13점,-
"Brinker International, Inc. Common Sto",EAT,US,미분류,202.45,2026-08-12,32,5.74,2.46,234.08,222.0,232.47,162.05,7.0,43.5,232.47,True,False,False,-13.51,-12.91,False,254.99,-20.6,20.6,False,71.0,44.0,15,False,- · 박스 7주 · 폭 44% · 주가강도 71점,-
TSE2326,2326.T,JP,미분류,4865.0,2026-08-12,32,2.56,1.55,4810.0,4785.0,4735.0,3850.0,5.0,23.0,6120.0,False,True,True,1.14,2.75,False,11240.0,-56.7,40.5,False,26.0,44.0,15,False,- · 박스 5주 · 폭 23% · 완전돌파 · 주가강도 26점,-
MARKETINGFORCE,2556.HK,HK,미분류,50.65,2026-08-14,32,2.88,3.87,50.0,48.76,49.0,36.12,4.0,35.7,50.95,False,False,True,1.3,3.37,False,144.0,-64.8,25.8,False,77.0,43.0,15,False,- · 박스 4주 · 폭 36% · 주가강도 77점,-
JD HEALTH,6618.HK,HK,미분류,36.04,2026-08-14,32,3.09,3.53,40.74,37.02,40.7,31.84,11.0,27.8,62.35,False,False,False,-11.54,-11.45,False,198.5,-81.8,49.7,False,6.0,43.0,15,False,- · 박스 11주 · 폭 28% · 주가강도 6점,-
TSE6928,6928.T,JP,미분류,3225.0,2026-08-12,32,3.09,3.65,3165.0,2959.0,3070.0,2130.0,5.0,44.1,3980.0,False,False,True,1.9,5.05,False,4175.0,-22.8,19.0,False,63.0,43.0,3,False,- · 박스 5주 · 폭 44% · 주가강도 63점,-
B2Gold Corp Common shares (Canada),BTG,US,미분류,5.28,2026-08-12,32,2.76,2.06,5.21,5.1,5.16,3.57,12.0,44.5,6.29,False,False,True,1.34,2.33,False,7.55,-30.1,16.1,False,60.0,38.0,15,False,- · 박스 12주 · 폭 44% · 주가강도 60점,-
NIQ Global Intelligence plc Ordinary S,NIQ,US,미분류,17.58,2026-08-11,33,17.38,6.78,13.71,13.61,12.13,10.1,5.0,20.1,13.94,False,True,True,28.23,44.93,False,20.39,-13.8,10.7,True,82.0,78.0,15,False,- · 박스 5주 · 폭 20% · 완전돌파 · 주가강도 상위 18%,-
ReNew Energy Global plc - Class A Shar,RNW,US,유틸리티,6.84,2026-08-11,33,10.28,17.91,6.76,6.74,6.59,5.11,14.0,29.0,6.59,True,True,True,1.18,3.79,False,14.08,-51.4,17.0,False,50.0,76.0,15,False,유틸리티 소형주 · 시총 25억달러 · ROE 8% · 박스 14주 · 폭 29% · 완전돌파 · 주가강도 50점,유틸리티
QOL HOLDINGS CO LTD,3034.T,JP,헬스케어,2293.0,2026-08-10,33,10.6,5.15,2316.0,2300.0,2227.0,1766.0,12.0,26.1,2227.0,True,True,True,-0.99,2.96,False,2655.0,-13.6,13.6,False,51.0,76.0,15,False,의약품 유통 소형주 · 시총 829억엔 · ROE 17% · 박스 12주 · 폭 26% · 완전돌파 · 주가강도 51점,의약품 유통
코스메카코리아,241710.KQ,KR,미분류,129100.0,2026-08-11,33,8.42,8.81,103000.0,102400.0,99700.0,73100.0,5.0,36.4,106400.0,False,True,True,25.34,29.49,False,155500.0,-17.0,17.0,False,92.0,75.0,15,False,- · 박스 5주 · 폭 36% · 완전돌파 · 주가강도 상위 8% (최상위권),-
Quantum Corporation - Common Stock,QMCO,US,미분류,31.4,2026-08-11,33,23.26,13.18,14.52,13.99,12.81,9.06,6.0,41.4,18.48,False,True,True,116.25,145.12,False,3480.0,-99.1,4.9,False,99.0,75.0,15,False,- · 박스 6주 · 폭 41% · 완전돌파 · 주가강도 상위 1% (최상위권),-
TSE3156,3156.T,JP,미분류,6100.0,2026-08-10,33,12.68,1.98,4975.0,4900.0,4760.0,3390.0,11.0,40.4,4760.0,True,True,True,22.61,28.15,False,6430.0,-5.1,5.1,False,94.0,69.0,15,False,- · 박스 11주 · 폭 40% · 완전돌파 · 주가강도 상위 6% (최상위권),-
Sea Limited American Depositary Shares,SE,US,미분류,98.91,2026-08-11,33,11.39,3.56,127.87,124.52,115.9,90.16,6.0,28.5,118.09,True,True,False,-22.65,-14.66,False,372.7,-73.5,48.9,False,18.0,67.0,15,False,- · 박스 6주 · 폭 28% · 완전돌파 · 주가강도 18점,-
FUJI OIL CO LTD,2607.T,JP,필수소비재,4239.0,2026-08-10,33,10.23,2.78,4526.0,4403.0,4212.0,3332.0,12.0,26.4,4312.0,True,True,False,-6.34,0.64,False,4760.0,-10.9,10.9,False,45.0,67.0,15,False,"가공식품 소형주 · 시총 3,778억엔 · ROE 6% · 박스 12주 · 폭 26% · 완전돌파 · 주가강도 45점",가공식품
SYSMEX CORP,6869.T,JP,헬스케어,1843.0,2026-08-10,33,16.56,3.04,1925.0,1917.0,1689.0,1332.0,11.0,26.8,1689.0,True,True,False,-4.26,9.12,False,5241.67,-64.8,8.4,False,54.0,67.0,15,False,의료기기 중형주 · 시총 1.1조엔 · ROE 8% · 박스 11주 · 폭 27% · 완전돌파 · 주가강도 54점,의료기기
Grupo Cibest S.A. American Depositary ,CIB,US,금융,92.35,2026-08-11,33,8.22,2.13,98.99,95.1,94.21,77.94,8.0,20.9,94.21,True,True,False,-6.71,-1.97,False,105.6,-12.5,12.5,False,72.0,64.0,15,False,금융 중형주 · 시총 233억달러 · ROE 19% · 박스 8주 · 폭 21% · 완전돌파 · 주가강도 72점,금융
BLOKS,0325.HK,HK,미분류,65.15,2026-08-13,33,6.24,8.22,63.0,63.0,60.0,41.58,6.0,44.3,75.35,False,True,True,3.41,8.58,False,198.0,-67.1,40.8,False,38.0,64.0,15,False,- · 박스 6주 · 폭 44% · 완전돌파 · 주가강도 38점,-
LENOVO GROUP,0992.HK,HK,미분류,35.48,2026-08-13,33,3.17,2.57,29.96,29.6,29.38,20.78,5.0,41.4,29.38,True,True,True,18.42,20.76,False,37.88,-6.3,6.3,False,98.0,64.0,15,False,- · 박스 5주 · 폭 41% · 완전돌파 · 주가강도 상위 2% (최상위권),-
DIGITAL HEARTS HOLDINGS CO L,3676.T,JP,기술·IT,1050.0,2026-08-10,33,16.61,2.75,1053.0,1053.0,903.0,700.0,6.0,29.0,985.0,True,True,True,-0.28,16.28,False,2700.0,-61.1,0.9,False,59.0,63.0,15,False,IT 서비스 소형주 · 시총 236억엔 · ROE 11% · 박스 6주 · 폭 29% · 완전돌파 · 주가강도 59점,IT 서비스
TSE6258,6258.T,JP,미분류,3820.0,2026-08-10,33,11.06,2.81,3515.0,3515.0,3295.0,2551.0,8.0,29.2,3755.0,False,True,True,8.68,15.93,False,4906.67,-22.1,5.0,False,84.0,63.0,15,False,- · 박스 8주 · 폭 29% · 완전돌파 · 주가강도 상위 16%,-
NHN,181710.KS,KR,미분류,54400.0,2026-08-11,33,23.11,6.53,51400.0,44550.0,46050.0,32000.0,6.0,43.9,64900.0,False,False,True,5.84,18.13,False,78200.0,-30.4,30.4,False,88.0,62.0,15,False,- · 박스 6주 · 폭 44% · 주가강도 상위 12%,-
UBE CORPORATION,4208.T,JP,소재,3369.0,2026-08-10,33,4.18,2.61,3490.0,3481.0,3366.0,2857.0,11.0,17.8,3366.0,True,True,False,-3.47,0.09,False,4490.0,-25.0,9.3,False,59.0,59.0,15,False,"정밀화학 소형주 · 시총 3,334억엔 · ROE 6% · 박스 11주 · 폭 18% · 완전돌파 · 주가강도 59점",정밀화학
TSE7826,7826.T,JP,미분류,11570.0,2026-08-10,33,3.41,2.37,8190.0,8190.0,7920.0,5660.0,5.0,39.9,11010.0,False,True,True,41.27,46.09,False,11880.0,-2.6,2.6,False,97.0,59.0,15,False,- · 박스 5주 · 폭 40% · 완전돌파 · 주가강도 상위 3% (최상위권),-
"Babcock & Wilcox Enterprises, Inc. Com",BW,US,미분류,5.75,2026-08-11,33,33.56,5.49,11.86,9.0,11.31,7.93,4.0,42.6,22.03,False,False,False,-51.52,-49.16,False,239.9,-97.6,73.9,False,11.0,58.0,15,False,- · 박스 4주 · 폭 43% · 주가강도 11점,-
OLYMPUS CORPORATION,7733.T,JP,헬스케어,2008.0,2026-08-10,33,5.98,2.23,2020.0,1984.0,1920.5,1517.0,17.0,26.6,1988.0,True,True,True,-0.59,4.56,False,3198.0,-37.2,9.2,False,49.0,58.0,15,False,의료기기 중형주 · 시총 2.1조엔 · ROE 11% · 박스 17주 · 폭 27% · 완전돌파 · 주가강도 49점,의료기기
TSE6742,6742.T,JP,미분류,1082.0,2026-08-10,33,12.99,1.52,1044.0,988.0,1040.0,804.0,9.0,29.4,1040.0,True,False,True,3.64,4.04,False,1136.0,-4.8,4.8,False,83.0,56.0,15,False,- · 박스 9주 · 폭 29% · 주가강도 상위 17%,-
마녀공장,439090.KQ,KR,미분류,15000.0,2026-08-11,33,5.71,6.95,18320.0,17840.0,18000.0,12500.0,8.0,44.0,18510.0,False,False,False,-18.12,-16.67,False,49900.0,-69.9,29.4,False,33.0,54.0,15,False,- · 박스 8주 · 폭 44% · 주가강도 33점,-
Aramark Common Stock,ARMK,US,산업재,54.26,2026-08-11,33,7.61,2.14,59.95,58.01,58.68,50.34,12.0,16.6,58.68,True,False,False,-9.49,-7.53,False,62.65,-13.4,13.4,False,57.0,54.0,15,False,기업 서비스 중형주 · 시총 152억달러 · ROE 12% · 박스 12주 · 폭 17% · 주가강도 57점,기업 서비스
TSE5331,5331.T,JP,미분류,3625.0,2026-08-10,33,15.17,2.3,4100.0,3800.0,3725.0,3025.0,4.0,23.1,4635.0,False,True,False,-11.59,-2.68,False,4635.0,-21.8,21.8,False,46.0,54.0,15,False,- · 박스 4주 · 폭 23% · 완전돌파 · 주가강도 46점,-
TSE7550,7550.T,JP,미분류,10490.0,2026-08-10,33,5.54,2.32,11055.0,10935.0,10530.0,8178.0,5.0,28.8,10530.0,True,True,False,-5.11,-0.38,False,12070.0,-13.1,13.1,False,52.0,54.0,15,False,- · 박스 5주 · 폭 29% · 완전돌파 · 주가강도 52점,-
TSE7366,7366.T,JP,미분류,1913.0,2026-08-10,33,2.25,1.71,1814.0,1810.0,1784.0,1450.0,12.0,23.0,1784.0,True,True,True,5.46,7.23,False,4575.0,-58.2,1.7,False,71.0,52.0,14,False,- · 박스 12주 · 폭 23% · 완전돌파 · 주가강도 71점,-
TSE8508,8508.T,JP,미분류,782.0,2026-08-10,33,2.26,4.49,905.0,796.0,904.0,697.0,11.0,29.7,904.0,True,False,False,-13.59,-13.5,False,4560.0,-82.9,18.0,False,69.0,52.0,15,False,- · 박스 11주 · 폭 30% · 주가강도 69점,-
TSE4543,4543.T,JP,미분류,2262.0,2026-08-10,33,5.35,1.73,2500.0,2455.5,2463.0,1900.0,33.0,29.6,2463.0,True,False,False,-9.52,-8.16,False,3182.0,-28.9,15.9,False,26.0,51.0,1,True,- · 박스 33주 · 폭 30% · 주가강도 26점,-
Alcoa Corporation Common Stock ,AA,US,미분류,42.25,2026-08-11,33,3.62,1.53,53.5,52.89,51.76,42.48,5.0,21.8,84.38,False,True,False,-21.03,-18.37,False,117.19,-63.9,49.9,False,12.0,50.0,15,False,- · 박스 5주 · 폭 22% · 완전돌파 · 주가강도 12점,-
长城科技,603897.SS,CN,미분류,29.01,2026-08-12,33,2.95,4.01,30.0,28.81,29.14,20.69,4.0,40.8,60.6,False,False,False,-3.3,-0.45,False,66.03,-56.1,52.1,False,19.0,48.0,15,False,- · 박스 4주 · 폭 41% · 주가강도 19점,-
TSE6250,6250.T,JP,미분류,4295.0,2026-08-10,33,2.07,1.89,4440.0,4335.0,4385.0,3475.0,17.0,26.2,4385.0,True,False,False,-3.27,-2.05,False,4610.0,-6.8,6.8,False,68.0,46.0,15,False,- · 박스 17주 · 폭 26% · 주가강도 68점,-
TSE6804,6804.T,JP,미분류,2430.0,2026-08-10,33,4.12,1.7,3110.0,2850.0,3020.0,2360.0,39.0,28.0,3020.0,True,False,False,-21.86,-19.54,False,4250.0,-42.8,22.9,False,20.0,45.0,15,False,- · 박스 39주 · 폭 28% · 주가강도 20점,-
NHN KCP,060250.KQ,KR,미분류,13480.0,2026-08-11,33,2.97,3.26,14560.0,13850.0,14440.0,10900.0,7.0,32.5,24650.0,False,False,False,-7.42,-6.65,False,41785.71,-67.7,47.1,False,22.0,43.0,15,False,- · 박스 7주 · 폭 32% · 주가강도 22점,-
TSE5108,5108.T,JP,미분류,3836.0,2026-08-10,33,2.88,1.58,4320.0,4238.0,4255.0,3282.0,12.0,29.6,4255.0,True,False,False,-11.2,-9.85,False,4393.0,-12.7,12.7,False,42.0,42.0,15,False,- · 박스 12주 · 폭 30% · 주가강도 42점,-
TSE4401,4401.T,JP,미분류,4550.0,2026-08-10,33,2.57,2.29,4826.0,4661.0,4755.0,3721.0,17.0,27.8,5104.0,False,False,False,-5.72,-4.31,False,5104.0,-10.9,10.9,False,51.0,38.0,15,False,- · 박스 17주 · 폭 28% · 주가강도 51점,-
TSE4613,4613.T,JP,미분류,2792.5,2026-08-10,33,2.79,2.22,2980.0,2942.5,2977.5,2325.0,11.0,28.1,2977.5,True,False,False,-6.29,-6.21,False,3365.0,-17.0,9.7,False,39.0,38.0,1,True,- · 박스 11주 · 폭 28% · 주가강도 39점,-
"MarineMax, Inc.  (FL) Common Stock",HZO,US,경기소비재,52.37,2026-08-10,34,45.43,26.54,51.89,51.87,38.14,30.29,13.0,25.9,38.14,True,True,True,0.93,37.31,False,70.89,-26.1,0.4,False,92.0,83.0,15,False,전문 유통 소형주 · 시총 12억달러 · ROE 0% · 박스 13주 · 폭 26% · 완전돌파 · 주가강도 상위 8% (최상위권),전문 유통
BROTHER INDUSTRIES,6448.T,JP,산업재,4664.0,2026-08-07,34,11.82,3.54,4637.0,4528.0,4181.0,3450.0,12.0,21.2,4181.0,True,True,True,0.58,11.55,False,5061.0,-7.8,7.8,False,79.0,81.0,15,False,사무기기 중형주 · 시총 1.1조엔 · ROE 12% · 박스 12주 · 폭 21% · 완전돌파 · 주가강도 79점,사무기기
National Energy Services Reunited Corp,NESR,US,에너지,29.81,2026-08-10,34,10.27,4.17,32.0,31.86,30.31,23.41,12.0,29.5,30.31,True,True,False,-6.84,-1.65,False,36.94,-19.3,19.3,False,88.0,80.0,15,False,석유·가스 장비 소형주 · 시총 34억달러 · ROE 9% · 박스 12주 · 폭 30% · 완전돌파 · 주가강도 상위 12%,석유·가스 장비
AbCellera Biologics Inc. - Common Shar,ABCL,US,미분류,13.92,2026-08-10,34,26.41,6.92,8.76,8.4,6.99,4.98,4.0,40.4,8.44,True,True,True,58.9,99.14,False,71.91,-80.6,2.2,False,98.0,79.0,15,False,- · 박스 4주 · 폭 40% · 완전돌파 · 주가강도 상위 2% (최상위권),-
Bowman Consulting Group Ltd. - Common ,BWMN,US,산업재,42.61,2026-08-10,34,55.53,21.57,42.35,42.17,32.19,25.07,8.0,28.4,37.52,True,True,True,0.61,32.37,False,45.83,-7.0,7.0,False,68.0,76.0,15,False,건설·엔지니어링 소형주 · 시총 7억달러 · ROE 3% · 박스 8주 · 폭 28% · 완전돌파 · 주가강도 68점,건설·엔지니어링
Silence Therapeutics Plc - American De,SLN,US,미분류,11.2,2026-08-10,34,39.75,32.57,16.7,14.62,12.31,8.91,6.0,38.1,12.31,True,True,False,-32.93,-8.98,False,35.0,-68.0,36.3,False,86.0,76.0,15,False,- · 박스 6주 · 폭 38% · 완전돌파 · 주가강도 상위 14%,-
Varex Imaging Corporation - Common Sto,VREX,US,헬스케어,18.46,2026-08-10,34,48.19,32.34,18.39,18.36,12.56,10.01,5.0,25.5,14.48,True,True,True,0.38,46.97,False,43.76,-57.8,0.9,False,89.0,76.0,15,False,의료기기 소형주 · 시총 8억달러 · ROE 5% · 박스 5주 · 폭 26% · 완전돌파 · 주가강도 상위 11%,의료기기
PILOT CORP(NEW).PORSCHE INN.,7846.T,JP,산업재,2104.0,2026-08-07,34,6.62,2.82,1933.5,1900.0,1862.5,1477.0,40.0,26.1,1862.5,True,True,True,8.82,12.97,False,2333.33,-9.8,3.0,False,65.0,70.0,15,False,"사무기기 소형주 · 시총 2,129억엔 · ROE 10% · 박스 40주 · 폭 26% · 완전돌파 · 주가강도 65점",사무기기
TSE6523,6523.T,JP,미분류,1419.0,2026-08-07,34,10.48,14.13,1202.0,1183.0,1189.0,942.0,40.0,26.2,1143.0,True,False,True,18.05,19.34,False,3120.0,-54.5,12.0,False,69.0,69.0,9,False,- · 박스 40주 · 폭 26% · 주가강도 69점,-
TSE6490,6490.T,JP,미분류,10940.0,2026-08-07,34,11.31,2.92,11810.0,9980.0,11650.0,8160.0,16.0,42.8,11650.0,True,False,False,-7.37,-6.09,False,12080.0,-9.4,9.4,False,90.0,68.0,15,False,- · 박스 16주 · 폭 43% · 주가강도 상위 10% (최상위권),-
益生股份,002458.SZ,CN,필수소비재,8.05,2026-08-11,34,6.61,4.2,10.65,10.45,9.99,8.0,5.0,24.9,9.99,True,True,False,-24.41,-19.42,False,17.14,-53.0,26.8,False,32.0,68.0,15,False,농산물 중형주 · 시총 134억위안 · ROE 10% · 박스 5주 · 폭 25% · 완전돌파 · 주가강도 32점,농산물
TSE7832,7832.T,JP,미분류,5637.0,2026-08-07,34,5.08,3.23,5133.0,5132.0,4925.0,3839.0,5.0,28.3,4925.0,True,True,True,9.82,14.46,False,5850.0,-3.6,3.6,False,72.0,67.0,15,False,- · 박스 5주 · 폭 28% · 완전돌파 · 주가강도 72점,-
롯데웰푸드,280360.KS,KR,필수소비재,124000.0,2026-08-10,34,5.22,5.2,123000.0,122200.0,120700.0,97800.0,5.0,23.4,136400.0,False,True,True,0.81,2.73,False,208500.0,-40.5,20.0,False,48.0,64.0,15,False,제과 중형주 · 시총 1.2조원 · ROE 4% · 박스 5주 · 폭 23% · 완전돌파 · 주가강도 48점,제과
Archer Aviation Inc. Class A Common St,ACHR,US,산업재,5.2,2026-08-10,34,14.67,3.31,6.41,5.93,5.72,4.3,8.0,33.0,7.57,False,True,False,-18.88,-9.09,False,18.6,-72.0,64.4,False,14.0,63.0,15,False,항공우주·방산 소형주 · 시총 45억달러 · 박스 8주 · 폭 33% · 완전돌파 · 주가강도 14점,항공우주·방산
Embraer S.A. Common Stock,EMBJ,US,미분류,76.53,2026-08-10,34,8.0,2.01,78.85,73.34,73.25,59.62,7.0,22.9,74.85,True,True,True,-2.94,4.48,False,80.75,-5.2,5.2,False,60.0,62.0,15,False,- · 박스 7주 · 폭 23% · 완전돌파 · 주가강도 60점,-
开开实业,600272.SS,CN,미분류,14.99,2026-08-11,34,4.41,13.46,14.9,14.8,14.27,9.95,6.0,43.4,14.27,True,True,True,0.6,5.05,False,30.0,-50.0,34.8,False,57.0,62.0,15,False,- · 박스 6주 · 폭 43% · 완전돌파 · 주가강도 57점,-
Vertex Pharmaceuticals Incorporated - ,VRTX,US,미분류,527.67,2026-08-10,34,8.75,1.66,539.5,519.82,533.67,412.27,37.0,29.4,533.67,True,False,False,-2.19,-1.12,False,560.25,-5.8,5.8,False,49.0,59.0,15,False,- · 박스 37주 · 폭 29% · 주가강도 49점,-
ZAI LAB,9688.HK,HK,미분류,20.38,2026-08-12,34,8.04,2.86,20.02,19.02,18.98,13.22,8.0,43.6,20.42,False,True,True,1.8,7.38,False,151.2,-86.5,25.3,False,64.0,59.0,15,False,- · 박스 8주 · 폭 44% · 완전돌파 · 주가강도 64점,-
SUMITOMO RUBBER INDUSTRIES,5110.T,JP,경기소비재,2016.5,2026-08-07,34,4.91,2.65,2456.5,2440.5,2360.0,1901.0,21.0,24.1,2798.5,False,True,False,-17.91,-14.56,False,2798.5,-27.9,27.9,False,21.0,56.0,15,False,"자동차부품 중형주 · 시총 5,218억엔 · ROE 9% · 박스 21주 · 폭 24% · 완전돌파 · 주가강도 21점",자동차부품
"Helmerich & Payne, Inc. Common Stock",HP,US,미분류,37.47,2026-08-10,34,2.83,3.0,38.15,37.99,37.86,30.4,7.0,24.5,41.82,False,True,False,-1.78,-1.03,False,118.95,-68.5,22.2,False,62.0,53.0,15,False,- · 박스 7주 · 폭 24% · 완전돌파 · 주가강도 62점,-
롯데렌탈,089860.KS,KR,미분류,50000.0,2026-08-10,34,2.97,3.07,41600.0,41100.0,41400.0,32200.0,4.0,28.6,41400.0,True,False,True,20.19,20.77,False,60900.0,-17.9,5.8,False,88.0,51.0,15,False,- · 박스 4주 · 폭 29% · 주가강도 상위 12%,-
TSE3402,3402.T,JP,미분류,1252.0,2026-08-07,34,2.31,2.23,1329.5,1309.5,1306.0,1037.0,21.0,25.9,1353.5,False,True,False,-5.83,-4.13,False,1395.0,-10.3,10.3,False,49.0,51.0,15,False,- · 박스 21주 · 폭 26% · 완전돌파 · 주가강도 49점,-
中集集团,000039.SZ,CN,미분류,8.55,2026-08-11,34,10.01,2.73,9.78,8.9,9.41,7.36,8.0,27.9,14.37,False,False,False,-12.58,-9.14,False,19.17,-55.4,40.5,False,25.0,49.0,15,False,- · 박스 8주 · 폭 28% · 주가강도 25점,-
TSE5970,5970.T,JP,미분류,2229.0,2026-08-07,34,4.53,1.94,2262.0,2223.0,2233.0,1773.0,40.0,25.9,2233.0,True,False,False,-1.46,-0.18,False,2569.0,-13.2,6.8,False,43.0,45.0,15,False,- · 박스 40주 · 폭 26% · 주가강도 43점,-
비츠로테크,042370.KQ,KR,미분류,10610.0,2026-08-10,34,9.67,1.94,9410.0,8820.0,9250.0,6520.0,4.0,41.9,23800.0,False,False,True,12.75,14.7,False,23800.0,-55.4,55.4,False,44.0,44.0,13,False,- · 박스 4주 · 폭 42% · 주가강도 44점,-
Camtek Ltd. - Ordinary Shares,CAMT,US,미분류,142.61,2026-08-10,34,9.39,2.0,169.94,147.75,161.14,126.34,5.0,27.5,215.99,False,False,False,-16.08,-11.5,False,215.99,-34.0,34.0,False,38.0,44.0,15,False,- · 박스 5주 · 폭 28% · 주가강도 38점,-
TSE6875,6875.T,JP,미분류,11270.0,2026-08-07,34,8.78,2.31,10900.0,10600.0,10750.0,8440.0,4.0,27.4,13420.0,False,False,True,3.39,4.84,False,13420.0,-16.0,16.0,False,70.0,44.0,15,False,- · 박스 4주 · 폭 27% · 주가강도 70점,-
TSE3105,3105.T,JP,미분류,2606.0,2026-08-07,34,4.63,1.9,2610.0,2362.5,2559.0,2032.0,5.0,25.9,2694.0,False,False,True,-0.15,1.84,False,2694.0,-3.3,3.3,False,86.0,42.0,15,False,- · 박스 5주 · 폭 26% · 주가강도 상위 14%,-
杭钢股份,600126.SS,CN,미분류,5.99,2026-08-11,34,7.61,2.09,7.21,6.79,6.98,5.5,7.0,26.9,11.22,False,False,False,-16.92,-14.18,False,14.72,-59.3,47.1,False,8.0,40.0,15,False,- · 박스 7주 · 폭 27% · 주가강도 8점,-
"QuinStreet, Inc. - Common Stock",QNST,US,미분류,14.21,2026-08-10,34,3.56,2.33,21.83,20.66,21.28,14.93,5.0,42.5,21.28,True,False,False,-34.91,-33.22,False,26.27,-45.9,36.2,False,26.0,38.0,15,False,- · 박스 5주 · 폭 42% · 주가강도 26점,-
赤峰黄金,600988.SS,CN,미분류,38.44,2026-08-11,34,2.45,1.8,44.8,39.8,44.18,30.88,4.0,43.1,47.49,False,False,False,-14.2,-12.99,False,51.99,-26.1,26.1,False,57.0,34.0,15,False,- · 박스 4주 · 폭 43% · 주가강도 57점,-
华钰矿业,601020.SS,CN,미분류,19.95,2026-08-11,34,2.19,1.92,23.78,22.63,23.27,17.02,5.0,36.7,41.54,False,False,False,-16.11,-14.27,False,42.3,-52.8,52.8,False,6.0,34.0,15,False,- · 박스 5주 · 폭 37% · 주가강도 6점,-
TSE4452,4452.T,JP,미분류,3487.0,2026-08-06,35,10.19,3.69,3513.0,3489.0,3445.0,2880.0,40.0,19.6,3445.0,True,True,True,-0.74,1.22,False,4693.5,-25.7,7.8,False,39.0,80.0,1,True,- · 박스 40주 · 폭 20% · 완전돌파 · 주가강도 39점,-
"Airbnb, Inc. - Class A Common Stock",ABNB,US,경기소비재,156.08,2026-08-07,35,8.61,4.26,164.7,163.45,156.5,121.51,22.0,28.8,156.5,True,True,False,-5.23,-0.27,False,219.94,-29.0,19.3,False,50.0,79.0,15,False,"여행 서비스 대형주 · 시총 1,045억달러 · ROE 35% · 박스 22주 · 폭 29% · 완전돌파 · 주가강도 50점",여행 서비스
"Natera, Inc. - Common Stock",NTRA,US,미분류,411.77,2026-08-07,35,20.92,2.41,320.9,306.38,288.04,248.03,6.0,16.1,288.04,True,True,True,28.32,42.96,False,421.64,-2.3,1.3,False,94.0,79.0,15,False,- · 박스 6주 · 폭 16% · 완전돌파 · 주가강도 상위 6% (최상위권),-
Atlassian Corporation  - Class A Commo,TEAM,US,미분류,178.54,2026-08-07,35,31.74,4.26,145.13,141.51,113.55,80.0,5.0,41.9,119.38,True,True,True,23.02,57.23,False,483.13,-63.0,10.7,False,94.0,79.0,15,False,- · 박스 5주 · 폭 42% · 완전돌파 · 주가강도 상위 6% (최상위권),-
"Manitowoc Company, Inc. (The) Common S",MTW,US,산업재,22.17,2026-08-07,35,20.62,5.16,17.14,17.14,14.83,11.68,9.0,27.0,15.56,True,True,True,29.35,49.49,False,46.64,-52.5,4.3,False,93.0,79.0,15,False,농기계·중장비 소형주 · 시총 8억달러 · ROE 3% · 박스 9주 · 폭 27% · 완전돌파 · 주가강도 상위 7% (최상위권),농기계·중장비
Karat Packaging Inc. - Common Stock,KRT,US,미분류,53.24,2026-08-07,35,5.76,3.15,44.81,44.81,43.0,30.43,6.0,41.3,43.0,True,True,True,18.81,23.81,False,54.67,-2.6,2.6,False,94.0,78.0,15,False,- · 박스 6주 · 폭 41% · 완전돌파 · 주가강도 상위 6% (최상위권),-
TSE6645,6645.T,JP,미분류,6425.0,2026-08-06,35,9.59,4.56,6500.0,6451.0,6383.0,4937.0,14.0,29.3,6383.0,True,True,True,-1.15,0.66,False,12115.0,-47.0,11.3,False,74.0,76.0,15,False,- · 박스 14주 · 폭 29% · 완전돌파 · 주가강도 74점,-
TSE5480,5480.T,JP,미분류,5250.0,2026-08-06,35,7.52,7.45,5360.0,5360.0,5320.0,4100.0,36.0,29.8,5320.0,True,True,False,-2.05,-1.32,False,17130.0,-69.4,9.3,False,46.0,75.0,15,False,- · 박스 36주 · 폭 30% · 완전돌파 · 주가강도 46점,-
"Doximity, Inc. Class A Common Stock",DOCS,US,헬스케어,26.2,2026-08-07,35,88.12,17.53,38.87,27.16,23.57,18.36,11.0,28.4,35.83,True,True,False,-32.59,11.16,False,107.79,-75.7,65.8,False,17.0,72.0,15,False,의료정보 서비스 소형주 · 시총 44억달러 · ROE 17% · 박스 11주 · 폭 28% · 완전돌파 · 주가강도 17점,의료정보 서비스
"DoubleVerify Holdings, Inc. Common Sto",DV,US,통신·미디어,13.4,2026-08-07,35,12.98,13.04,13.23,13.2,12.11,9.52,10.0,27.2,12.11,True,True,True,1.28,10.65,False,48.42,-72.3,1.8,False,58.0,72.0,15,False,광고 소형주 · 시총 21억달러 · ROE 5% · 박스 10주 · 폭 27% · 완전돌파 · 주가강도 58점,광고
"Corsair Gaming, Inc. - Common Stock",CRSR,US,미분류,13.5,2026-08-07,35,19.53,3.29,12.68,11.78,11.44,9.02,4.0,26.8,13.1,False,True,True,6.45,18.01,False,51.37,-73.7,9.9,False,92.0,70.0,15,False,- · 박스 4주 · 폭 27% · 완전돌파 · 주가강도 상위 8% (최상위권),-
"Halozyme Therapeutics, Inc. - Common S",HALO,US,헬스케어,112.89,2026-08-07,35,4.94,4.22,90.0,90.0,86.0,67.02,8.0,28.3,86.0,True,True,True,25.43,31.27,False,116.85,-3.4,3.4,False,85.0,70.0,15,False,바이오 중형주 · 시총 123억달러 · ROE 174% · 박스 8주 · 폭 28% · 완전돌파 · 주가강도 상위 15%,바이오
海正药业,600267.SS,CN,미분류,11.43,2026-08-10,35,5.8,5.07,13.87,13.7,13.11,10.2,5.0,28.5,13.11,True,True,False,-17.59,-12.81,False,28.31,-59.6,23.8,False,39.0,68.0,15,False,- · 박스 5주 · 폭 28% · 완전돌파 · 주가강도 39점,-
"ICU Medical, Inc. - Common Stock",ICUI,US,헬스케어,164.03,2026-08-07,35,9.61,3.0,182.35,180.88,176.27,141.98,6.0,24.2,176.27,True,True,False,-10.05,-6.94,False,321.7,-49.0,14.9,False,55.0,67.0,15,False,의료기기·소모품 소형주 · 시총 40억달러 · ROE 1% · 박스 6주 · 폭 24% · 완전돌파 · 주가강도 55점,의료기기·소모품
TSE3036,3036.T,JP,미분류,3350.0,2026-08-06,35,2.06,9.52,3225.0,3180.0,3160.0,2223.0,21.0,42.2,3310.0,False,True,True,3.88,6.01,False,3785.0,-11.5,11.5,False,71.0,65.0,15,False,- · 박스 21주 · 폭 42% · 완전돌파 · 주가강도 71점,-
Embecta Corp. - Common Stock,EMBC,US,헬스케어,5.93,2026-08-07,35,18.29,3.05,4.14,3.96,3.9,3.01,10.0,29.5,13.44,False,True,True,43.24,52.13,False,49.0,-87.9,60.2,False,33.0,63.0,15,False,의료기기·소모품 소형주 · 시총 3억달러 · 박스 10주 · 폭 30% · 완전돌파 · 주가강도 33점,의료기기·소모품
"Sprout Social, Inc - Class A Common St",SPT,US,미분류,9.47,2026-08-07,35,17.34,2.73,9.61,9.46,9.12,7.29,5.0,25.1,9.12,True,True,True,-1.46,3.84,False,145.42,-93.5,33.7,False,48.0,63.0,15,False,- · 박스 5주 · 폭 25% · 완전돌파 · 주가강도 48점,-
"FIGS, Inc. Class A Common Stock",FIGS,US,미분류,13.62,2026-08-07,35,35.23,3.7,15.2,14.11,11.28,9.17,5.0,23.1,17.48,False,True,False,-10.39,20.69,False,50.4,-73.0,22.1,False,72.0,63.0,15,False,- · 박스 5주 · 폭 23% · 완전돌파 · 주가강도 72점,-
"Funko, Inc. - Class A Common Stock",FNKO,US,경기소비재,5.46,2026-08-07,35,30.78,4.19,6.91,5.61,6.58,5.09,8.0,29.3,6.58,True,False,False,-20.93,-17.02,False,31.12,-82.5,25.7,False,68.0,62.0,15,False,레저 소형주 · 시총 3억달러 · 박스 8주 · 폭 29% · 주가강도 68점,레저
Maplebear Inc. - Common Stock,CART,US,경기소비재,43.34,2026-08-07,35,11.04,3.56,50.0,46.35,49.21,37.99,12.0,29.5,49.21,True,False,False,-13.32,-11.93,False,53.5,-19.0,17.7,False,26.0,61.0,15,False,온라인 유통 중형주 · 시총 111억달러 · ROE 16% · 박스 12주 · 폭 30% · 주가강도 26점,온라인 유통
Fox Factory Holding Corp. - Common Sto,FOXF,US,경기소비재,18.74,2026-08-07,35,12.57,3.47,21.23,19.76,20.0,15.68,12.0,27.6,20.98,True,False,False,-11.73,-6.3,False,190.29,-90.2,28.0,False,31.0,61.0,15,False,자동차부품 소형주 · 시총 9억달러 · 박스 12주 · 폭 28% · 주가강도 31점,자동차부품
Gold Fields Limited American Depositar,GFI,US,미분류,35.18,2026-08-07,35,9.67,1.78,40.95,40.51,37.86,31.11,6.0,21.7,59.36,False,True,False,-14.09,-7.08,False,61.64,-42.9,42.9,False,16.0,60.0,15,False,- · 박스 6주 · 폭 22% · 완전돌파 · 주가강도 16점,-
James Hardie Industries plc. Ordinary ,JHX,US,미분류,25.39,2026-08-07,35,6.89,1.58,29.93,29.59,28.65,23.86,7.0,20.1,28.65,True,True,False,-15.17,-11.38,False,43.57,-41.7,19.2,False,52.0,60.0,15,False,- · 박스 7주 · 폭 20% · 완전돌파 · 주가강도 52점,-
"Power Solutions International, Inc. - ",PSIX,US,미분류,45.54,2026-08-07,35,21.32,2.72,40.06,38.28,35.89,25.28,4.0,42.0,106.5,False,True,True,13.68,26.89,False,121.78,-62.6,59.4,False,11.0,59.0,15,False,- · 박스 4주 · 폭 42% · 완전돌파 · 주가강도 11점,-
"Caris Life Sciences, Inc. - Common Sto",CAI,US,헬스케어,31.75,2026-08-07,35,3.47,2.68,20.69,20.12,20.11,14.19,14.0,41.7,23.0,False,True,True,53.42,57.88,False,42.5,-25.3,5.7,True,83.0,57.0,15,False,바이오 중형주 · 시총 70억달러 · ROE 20% · 박스 14주 · 폭 42% · 완전돌파 · 주가강도 상위 17%,바이오
Genmab A/S - American Depositary Share,GMAB,US,미분류,35.36,2026-08-07,35,5.4,1.85,31.44,30.92,29.86,23.62,23.0,26.4,32.04,False,True,True,12.47,18.42,False,103.19,-65.7,1.0,False,59.0,57.0,15,False,- · 박스 23주 · 폭 26% · 완전돌파 · 주가강도 59점,-
Alamos Gold Inc. Class A Common Shares,AGI,US,미분류,32.72,2026-08-07,35,7.33,1.63,33.38,32.44,32.34,27.05,6.0,19.6,55.41,False,True,True,-1.98,1.18,False,55.41,-40.9,40.9,False,19.0,56.0,15,False,- · 박스 6주 · 폭 20% · 완전돌파 · 주가강도 19점,-
"Concentra Group Holdings Parent, Inc. ",CON,US,헬스케어,35.36,2026-08-07,35,12.21,2.12,34.27,32.09,32.86,26.29,8.0,25.0,32.86,True,False,True,3.18,7.61,False,36.71,-3.7,3.7,False,81.0,56.0,15,False,의료시설 소형주 · 시총 43억달러 · ROE 47% · 박스 8주 · 폭 25% · 주가강도 상위 19%,의료시설
Kinross Gold Corporation Common Stock,KGC,US,미분류,24.11,2026-08-07,35,6.17,1.67,27.2,27.02,26.12,22.29,6.0,17.2,37.78,False,True,False,-11.36,-7.7,False,39.11,-38.4,38.4,False,19.0,56.0,15,False,- · 박스 6주 · 폭 17% · 완전돌파 · 주가강도 19점,-
"Cloudflare, Inc. Class A Common Stock",NET,US,미분류,353.99,2026-08-07,35,11.8,2.43,318.0,295.89,305.0,238.9,5.0,27.7,305.0,True,False,True,11.32,16.06,False,367.43,-3.7,3.7,False,86.0,56.0,15,False,- · 박스 5주 · 폭 28% · 주가강도 상위 14%,-
药明康德,603259.SS,CN,미분류,160.66,2026-08-10,35,3.34,1.96,159.99,157.93,155.48,114.52,6.0,35.8,155.48,True,True,True,0.42,3.33,False,173.6,-7.5,7.5,False,82.0,56.0,15,False,- · 박스 6주 · 폭 36% · 완전돌파 · 주가강도 상위 18%,-
BGF리테일,282330.KS,KR,필수소비재,131500.0,2026-08-07,35,6.29,2.56,141900.0,141200.0,134200.0,107200.0,8.0,25.2,147800.0,False,True,False,-7.33,-2.01,False,249000.0,-47.2,16.0,False,45.0,55.0,15,False,식품 유통 중형주 · 시총 2.5조원 · ROE 17% · 박스 8주 · 폭 25% · 완전돌파 · 주가강도 45점,식품 유통
EuroDry Ltd. - Common Shares,EDRY,US,미분류,51.82,2026-08-07,35,2.41,2.15,30.54,30.48,30.07,20.76,6.0,44.8,30.07,True,True,True,69.68,72.33,False,73.07,-29.1,29.1,False,98.0,55.0,15,False,- · 박스 6주 · 폭 45% · 완전돌파 · 주가강도 상위 2% (최상위권),-
"PRA Group, Inc. - Common Stock",PRAA,US,미분류,20.05,2026-08-07,35,12.01,1.73,20.33,19.62,19.48,15.74,6.0,23.8,22.55,False,True,True,-1.38,2.93,False,65.0,-69.2,11.1,False,45.0,54.0,15,False,- · 박스 6주 · 폭 24% · 완전돌파 · 주가강도 45점,-
Dauch Corporation Common Stock,DCH,US,미분류,5.11,2026-08-07,35,9.52,2.48,6.21,6.17,6.11,4.92,6.0,24.2,9.25,False,True,False,-17.71,-16.37,False,42.1,-87.9,44.8,False,14.0,54.0,15,False,- · 박스 6주 · 폭 24% · 완전돌파 · 주가강도 14점,-
Harmony Gold Mining Company Limited,HMY,US,미분류,17.74,2026-08-07,35,10.86,1.51,20.01,19.4,18.4,14.19,9.0,29.7,22.94,False,True,False,-11.34,-3.59,False,26.06,-31.9,31.9,False,38.0,54.0,15,False,- · 박스 9주 · 폭 30% · 완전돌파 · 주가강도 38점,-
依顿电子,603328.SS,CN,미분류,14.44,2026-08-10,35,10.05,2.23,11.94,11.21,10.85,8.04,4.0,35.0,15.45,False,True,True,20.94,33.09,False,24.04,-39.9,6.5,False,59.0,54.0,15,False,- · 박스 4주 · 폭 35% · 완전돌파 · 주가강도 59점,-
포스코퓨처엠,003670.KS,KR,미분류,177500.0,2026-08-07,35,14.44,3.28,168800.0,150200.0,159700.0,114700.0,4.0,39.2,299500.0,False,False,True,5.15,11.15,False,694000.0,-74.4,40.7,False,31.0,53.0,15,False,- · 박스 4주 · 폭 39% · 주가강도 31점,-
Innodata Inc. - Common Stock,INOD,US,미분류,66.79,2026-08-07,35,15.94,3.44,75.92,61.5,74.69,54.36,5.0,37.4,125.14,False,False,False,-12.03,-10.58,False,125.14,-46.6,46.6,False,52.0,53.0,15,False,- · 박스 5주 · 폭 37% · 주가강도 52점,-
Diageo plc Common Stock,DEO,US,필수소비재,86.24,2026-08-07,35,4.33,2.65,96.82,95.93,94.21,72.98,18.0,29.1,102.74,False,True,False,-10.93,-8.46,False,223.14,-61.4,16.1,False,33.0,53.0,15,False,필수소비재 중형주 · 시총 484억달러 · ROE 15% · 박스 18주 · 폭 29% · 완전돌파 · 주가강도 33점,필수소비재
TSE4483,4483.T,JP,미분류,3540.0,2026-08-06,35,13.68,3.13,3490.0,3310.0,3350.0,2583.0,11.0,29.7,4305.0,False,False,True,1.43,5.67,False,9470.0,-62.6,28.5,False,34.0,53.0,15,False,- · 박스 11주 · 폭 30% · 주가강도 34점,-
"Spectrum Brands Holdings, Inc. Common ",SPB,US,필수소비재,82.84,2026-08-07,35,9.34,2.17,96.5,88.02,92.29,71.63,18.0,28.8,92.29,True,False,False,-14.16,-10.24,False,1528.74,-94.6,16.4,False,53.0,52.0,15,False,생활용품 소형주 · 시총 20억달러 · ROE 4% · 박스 18주 · 폭 29% · 주가강도 53점,생활용품
普洛药业,000739.SZ,CN,미분류,26.56,2026-08-10,35,4.1,3.71,24.37,22.92,23.41,17.4,5.0,34.5,23.41,True,False,True,8.99,13.46,False,41.87,-36.6,2.7,False,83.0,51.0,15,False,- · 박스 5주 · 폭 34% · 주가강도 상위 17%,-
"iRhythm Holdings, Inc.  - Common Stock",IRTC,US,미분류,112.6,2026-08-07,35,2.69,3.09,131.57,123.56,130.0,100.85,21.0,28.9,164.69,False,False,False,-14.42,-13.38,False,286.19,-60.7,46.9,False,10.0,50.0,15,False,- · 박스 21주 · 폭 29% · 주가강도 10점,-
Perpetua Resources Corp. - Common Shar,PPTA,US,미분류,21.82,2026-08-07,35,7.18,1.53,24.47,24.06,23.27,16.43,6.0,41.6,37.37,False,True,False,-10.83,-6.25,False,37.37,-41.6,41.6,False,23.0,50.0,15,False,- · 박스 6주 · 폭 42% · 완전돌파 · 주가강도 23점,-
"Interface, Inc. - Common Stock",TILE,US,경기소비재,35.17,2026-08-07,35,7.55,2.28,37.75,36.49,36.66,30.28,8.0,21.1,36.66,True,False,False,-6.83,-4.06,False,40.5,-13.2,13.2,False,51.0,50.0,15,False,가구·생활용품 소형주 · 시총 20억달러 · ROE 23% · 박스 8주 · 폭 21% · 주가강도 51점,가구·생활용품
Aris Mining Corporation Common Shares,ARIS,US,미분류,17.5,2026-08-07,35,7.57,1.64,16.91,16.85,16.73,13.21,6.0,26.6,23.29,False,True,True,3.49,4.6,False,900.38,-98.1,24.9,False,59.0,50.0,15,False,- · 박스 6주 · 폭 27% · 완전돌파 · 주가강도 59점,-
Avino Silver & Gold Mines Ltd. Common ,ASM,US,미분류,5.61,2026-08-07,35,6.58,1.54,6.8,6.66,6.59,5.15,4.0,28.0,10.94,False,True,False,-17.5,-14.87,False,11.99,-53.2,53.2,False,18.0,50.0,15,False,- · 박스 4주 · 폭 28% · 완전돌파 · 주가강도 18점,-
Equinox Gold Corp. Common Shares,EQX,US,미분류,11.23,2026-08-07,35,7.36,2.23,11.53,11.38,10.84,8.48,6.0,27.8,18.96,False,True,True,-2.6,3.6,False,18.96,-40.8,40.8,False,27.0,50.0,15,False,- · 박스 6주 · 폭 28% · 완전돌파 · 주가강도 27점,-
Iamgold Corporation Ordinary Shares,IAG,US,미분류,18.68,2026-08-07,35,7.61,2.28,17.25,17.16,17.02,13.62,6.0,25.0,24.87,False,True,True,8.29,9.75,False,24.87,-24.9,24.9,False,54.0,50.0,15,False,- · 박스 6주 · 폭 25% · 완전돌파 · 주가강도 54점,-
TSE8358,8358.T,JP,미분류,2902.0,2026-08-06,35,3.21,1.61,2800.0,2727.0,2765.0,2136.0,16.0,29.4,2765.0,True,False,True,3.64,4.95,False,3015.0,-3.7,3.7,False,80.0,50.0,15,False,- · 박스 16주 · 폭 29% · 주가강도 상위 20%,-
TSE6103,6103.T,JP,미분류,4745.0,2026-08-06,35,5.49,2.45,5570.0,5300.0,5310.0,4365.0,7.0,21.6,5310.0,True,False,False,-14.81,-10.64,False,5710.0,-16.9,16.9,False,55.0,50.0,15,False,- · 박스 7주 · 폭 22% · 주가강도 55점,-
"Amphastar Pharmaceuticals, Inc. - Comm",AMPH,US,헬스케어,27.39,2026-08-07,35,13.48,2.51,22.48,20.4,22.0,17.0,11.0,29.4,29.46,False,False,True,21.84,24.5,False,67.66,-59.5,7.2,False,58.0,49.0,15,False,헬스케어 소형주 · 시총 10억달러 · ROE 10% · 박스 11주 · 폭 29% · 주가강도 58점,헬스케어
"The RealReal, Inc. - Common Stock",REAL,US,미분류,8.81,2026-08-07,35,6.66,3.9,13.62,12.21,13.16,10.32,4.0,27.5,14.06,False,False,False,-35.32,-33.05,False,30.22,-70.8,49.3,False,7.0,49.0,15,False,- · 박스 4주 · 폭 28% · 주가강도 7점,-
Appian Corporation - Class A Common St,APPN,US,미분류,35.02,2026-08-07,35,3.91,1.6,31.6,31.26,30.55,21.94,5.0,39.2,30.55,True,True,True,10.82,14.63,False,260.0,-86.5,24.0,False,67.0,48.0,15,False,- · 박스 5주 · 폭 39% · 완전돌파 · 주가강도 67점,-
"CarGurus, Inc. - Class A Common Stock",CARG,US,미분류,30.81,2026-08-07,35,9.95,1.64,40.0,37.92,37.99,30.74,6.0,23.6,38.66,True,False,False,-22.98,-18.9,False,57.25,-46.2,25.3,False,11.0,48.0,15,False,- · 박스 6주 · 폭 24% · 주가강도 11점,-
"Verastem, Inc. - Common Stock",VSTM,US,미분류,7.77,2026-08-07,35,12.52,1.64,6.65,6.02,6.46,5.06,4.0,27.7,7.05,False,False,True,16.84,20.28,False,225.84,-96.6,28.2,False,81.0,48.0,15,False,- · 박스 4주 · 폭 28% · 주가강도 상위 19%,-
"Ziff Davis, Inc. - Common Stock",ZD,US,통신·미디어,55.68,2026-08-07,35,11.76,2.32,56.94,52.75,55.46,43.44,10.0,27.7,55.46,True,False,True,-2.21,0.4,False,135.0,-58.8,7.9,False,66.0,48.0,15,False,광고 소형주 · 시총 19억달러 · 박스 10주 · 폭 28% · 주가강도 66점,광고
BioMarin Pharmaceutical Inc. - Common ,BMRN,US,미분류,59.46,2026-08-07,35,5.48,2.2,64.83,62.2,63.05,49.26,22.0,28.0,66.28,False,False,False,-8.28,-5.69,False,151.75,-60.8,16.2,False,34.0,47.0,15,False,- · 박스 22주 · 폭 28% · 주가강도 34점,-
포스코엠텍,009520.KQ,KR,미분류,12530.0,2026-08-07,35,7.22,2.61,12180.0,11140.0,11990.0,8270.0,4.0,45.0,23100.0,False,False,True,2.87,4.5,False,47000.0,-73.3,45.8,False,14.0,45.0,15,False,- · 박스 4주 · 폭 45% · 주가강도 14점,-
"HCI Group, Inc. Common Stock",HCI,US,미분류,175.29,2026-08-07,35,4.48,1.59,188.99,185.0,186.17,144.75,29.0,28.6,186.17,True,False,False,-7.25,-5.84,False,210.5,-16.7,16.7,False,27.0,45.0,15,False,- · 박스 29주 · 폭 29% · 주가강도 27점,-
BeOne Medicines Ltd. - American Deposi,ONC,US,미분류,367.0,2026-08-07,35,4.75,1.91,345.47,341.86,333.87,259.09,7.0,28.9,372.73,False,True,True,6.23,9.92,False,426.56,-14.0,4.7,False,58.0,44.0,15,False,- · 박스 7주 · 폭 29% · 완전돌파 · 주가강도 58점,-
"Surrozen, Inc. - Common Stock",SRZN,US,미분류,29.64,2026-08-07,35,14.79,1.87,24.84,22.3,23.7,18.12,4.0,30.8,35.0,False,False,True,19.32,25.06,False,210.0,-85.9,21.6,False,78.0,44.0,3,False,- · 박스 4주 · 폭 31% · 주가강도 78점,-
"Willdan Group, Inc. - Common Stock",WLDN,US,미분류,77.21,2026-08-07,35,16.66,2.16,85.97,79.15,82.99,67.18,6.0,23.5,121.29,False,False,False,-10.19,-6.96,False,137.0,-43.6,43.6,False,14.0,44.0,15,False,- · 박스 6주 · 폭 24% · 주가강도 14점,-
DAQO New Energy Corp. American Deposit,DQ,US,미분류,10.9,2026-08-07,35,3.54,1.65,14.03,14.03,13.9,11.38,6.0,22.1,26.16,False,True,False,-22.31,-21.58,False,130.33,-91.6,70.2,False,1.0,44.0,15,False,- · 박스 6주 · 폭 22% · 완전돌파 · 주가강도 1점,-
PONY-W,2026.HK,HK,미분류,52.4,2026-08-11,35,3.15,1.58,65.5,65.15,64.4,49.82,6.0,29.3,119.6,False,True,False,-20.0,-18.63,False,136.9,-61.7,61.7,True,,44.0,15,False,- · 박스 6주 · 폭 29% · 완전돌파,-
TSE3941,3941.T,JP,미분류,1494.5,2026-08-06,35,2.2,1.88,1650.0,1571.5,1614.5,1351.0,11.0,19.5,1614.5,True,False,False,-9.42,-7.43,False,1665.0,-10.2,10.2,False,55.0,44.0,6,False,- · 박스 11주 · 폭 20% · 주가강도 55점,-
鹏欣资源,600490.SS,CN,미분류,6.7,2026-08-10,35,10.03,1.82,7.9,7.61,7.81,5.51,10.0,41.7,12.07,False,False,False,-15.19,-14.21,False,20.67,-67.6,44.5,False,24.0,44.0,15,False,- · 박스 10주 · 폭 42% · 주가강도 24점,-
麦迪科技,603990.SS,CN,미분류,18.94,2026-08-10,35,2.33,1.7,22.83,22.7,22.52,15.6,4.0,44.4,23.69,False,True,False,-17.04,-15.9,False,33.11,-42.8,24.3,False,43.0,44.0,15,False,- · 박스 4주 · 폭 44% · 완전돌파 · 주가강도 43점,-
"Savers Value Village, Inc. Common Stoc",SVV,US,경기소비재,9.35,2026-08-07,35,4.49,3.31,11.4,10.87,11.09,8.74,9.0,26.9,11.62,False,False,False,-17.98,-15.69,False,26.88,-65.2,32.7,False,23.0,43.0,15,False,전문 유통 소형주 · 시총 16억달러 · ROE 6% · 박스 9주 · 폭 27% · 주가강도 23점,전문 유통
"First Solar, Inc. - Common Stock",FSLR,US,미분류,172.97,2026-08-07,35,6.13,2.16,259.11,247.9,253.0,195.84,5.0,29.2,320.95,False,False,False,-33.24,-31.63,False,320.95,-46.1,46.1,False,5.0,40.0,15,False,- · 박스 5주 · 폭 29% · 주가강도 5점,-
Zai Lab Limited - American Depositary ,ZLAB,US,헬스케어,25.69,2026-08-07,35,5.17,2.37,21.96,21.58,21.8,17.19,7.0,26.8,25.28,False,False,True,16.99,17.84,False,193.54,-86.7,26.0,False,62.0,40.0,15,False,바이오 소형주 · 시총 29억달러 · 박스 7주 · 폭 27% · 주가강도 62점,바이오
TSE6363,6363.T,JP,미분류,2938.0,2026-08-06,35,7.49,1.92,3300.0,3210.0,3215.0,2497.0,11.0,28.8,3635.0,False,False,False,-10.97,-8.62,False,3635.0,-19.2,19.2,False,54.0,40.0,15,False,- · 박스 11주 · 폭 29% · 주가강도 54점,-
"Dropbox, Inc. - Class A Common Stock",DBX,US,미분류,31.92,2026-08-07,35,2.03,2.34,35.24,33.92,35.17,27.78,5.0,26.6,35.17,True,False,False,-9.42,-9.24,False,43.5,-26.6,16.4,False,52.0,38.0,15,False,- · 박스 5주 · 폭 27% · 주가강도 52점,-
Gen Digital Inc. - Common Stock,GEN,US,미분류,20.85,2026-08-07,35,3.2,1.89,29.0,27.64,28.5,22.46,11.0,26.9,28.5,True,False,False,-28.1,-26.84,False,34.2,-39.0,34.1,False,11.0,38.0,15,False,- · 박스 11주 · 폭 27% · 주가강도 11점,-
TSE7745,7745.T,JP,미분류,2956.0,2026-08-06,35,4.29,2.36,3400.0,2987.0,3350.0,2667.0,7.0,25.6,3350.0,True,False,False,-13.06,-11.76,False,3510.0,-15.8,13.3,False,60.0,38.0,15,False,- · 박스 7주 · 폭 26% · 주가강도 60점,-
"Lyft, Inc. - Class A Common Stock",LYFT,US,미분류,14.88,2026-08-07,35,3.19,1.89,16.82,16.41,16.8,13.16,10.0,27.7,17.1,False,False,False,-11.53,-11.43,False,88.6,-83.2,41.7,False,18.0,34.0,15,False,- · 박스 10주 · 폭 28% · 주가강도 18점,-
Ivanhoe Electric Inc. Common Stock,IE,US,미분류,10.64,2026-08-07,35,4.58,1.85,11.19,10.9,11.06,7.86,6.0,40.8,18.9,False,False,False,-4.92,-3.8,False,21.55,-50.6,50.6,False,20.0,34.0,15,False,- · 박스 6주 · 폭 41% · 주가강도 20점,-
OceanaGold Corporation Common Shares,OGC,US,미분류,26.93,2026-08-07,35,4.88,1.61,27.53,27.15,27.19,21.9,6.0,24.2,43.33,False,False,False,-2.18,-0.96,False,43.33,-37.8,37.8,False,34.0,34.0,15,False,- · 박스 6주 · 폭 24% · 주가강도 34점,-
MONGOL MINING,0975.HK,HK,미분류,8.53,2026-08-11,35,3.97,2.35,9.56,9.05,9.23,6.62,4.0,39.4,14.37,False,False,False,-10.73,-7.53,False,78.2,-89.1,41.5,False,24.0,34.0,15,False,- · 박스 4주 · 폭 39% · 주가강도 24점,-
TSE7480,7480.T,JP,미분류,3755.0,2026-08-05,36,10.82,11.22,3215.0,3205.0,2901.0,2257.0,5.0,28.5,2901.0,True,True,True,16.8,29.44,False,3770.0,-0.4,0.4,False,94.0,87.0,15,False,- · 박스 5주 · 폭 28% · 완전돌파 · 주가강도 상위 6% (최상위권),-
"Paysign, Inc. - Common Stock",PAYS,US,미분류,12.72,2026-08-06,36,8.03,5.69,10.36,10.3,9.6,7.44,6.0,29.0,9.6,True,True,True,22.78,32.5,False,18.67,-31.9,11.9,False,94.0,79.0,15,False,- · 박스 6주 · 폭 29% · 완전돌파 · 주가강도 상위 6% (최상위권),-
"The Honest Company, Inc. - Common Stoc",HNST,US,필수소비재,5.3,2026-08-06,36,26.88,14.79,4.89,4.84,4.12,3.37,8.0,22.6,4.12,True,True,True,8.5,28.48,False,23.88,-77.8,11.8,False,86.0,76.0,15,False,생활용품 소형주 · 시총 6억달러 · 박스 8주 · 폭 23% · 완전돌파 · 주가강도 상위 14%,생활용품
"Paycom Software, Inc. Common Stock",PAYC,US,미분류,220.58,2026-08-06,36,21.79,4.14,212.89,208.0,179.24,127.79,5.0,40.3,179.24,True,True,True,3.61,23.06,False,558.97,-60.5,10.0,False,84.0,76.0,15,False,- · 박스 5주 · 폭 40% · 완전돌파 · 주가강도 상위 16%,-
TSE7272,7272.T,JP,미분류,1761.0,2026-08-05,36,15.59,5.25,1746.5,1692.5,1550.0,1206.5,7.0,28.5,1550.0,True,True,True,0.83,13.61,False,1987.0,-11.4,11.4,False,81.0,76.0,15,False,- · 박스 7주 · 폭 28% · 완전돌파 · 주가강도 상위 19%,-
"Delcath Systems, Inc. - Common Stock",DCTH,US,미분류,15.81,2026-08-06,36,11.08,6.17,14.03,14.0,13.74,11.04,8.0,24.5,13.74,True,True,True,12.69,15.07,False,7210.0,-99.8,9.2,False,78.0,72.0,15,False,- · 박스 8주 · 폭 24% · 완전돌파 · 주가강도 78점,-
"Aspen Aerogels, Inc. Common Stock",ASPN,US,미분류,5.17,2026-08-06,36,45.71,11.17,7.3,6.41,5.48,4.07,4.0,34.8,6.7,True,True,False,-29.18,-5.66,False,65.99,-92.2,44.7,False,48.0,72.0,13,False,- · 박스 4주 · 폭 35% · 완전돌파 · 주가강도 48점,-
WPP plc American Depositary Shares,WPP,US,미분류,25.57,2026-08-06,36,25.86,5.72,25.94,25.4,21.79,16.77,4.0,29.9,21.79,True,True,True,-1.43,17.35,False,123.33,-79.3,8.0,False,76.0,72.0,15,False,- · 박스 4주 · 폭 30% · 완전돌파 · 주가강도 76점,-
Encompass Health Corporation Common St,EHC,US,미분류,124.02,2026-08-06,36,12.54,2.12,124.81,119.36,119.27,92.77,38.0,28.6,117.17,True,True,True,-0.63,3.98,False,127.99,-3.1,3.1,False,50.0,69.0,15,False,- · 박스 38주 · 폭 29% · 완전돌파 · 주가강도 50점,-
클로봇,466100.KQ,KR,미분류,22300.0,2026-08-06,36,17.96,5.29,33500.0,30900.0,28900.0,20050.0,4.0,44.1,79200.0,False,True,False,-33.43,-22.84,False,82300.0,-72.9,72.9,False,2.0,68.0,15,False,- · 박스 4주 · 폭 44% · 완전돌파 · 주가강도 2점,-
"TaskUs, Inc. - Class A Common Stock",TASK,US,미분류,8.1,2026-08-06,36,11.39,4.55,7.04,7.02,6.6,5.12,4.0,28.8,11.54,False,True,True,15.06,22.73,False,85.49,-90.5,54.8,False,51.0,68.0,8,False,- · 박스 4주 · 폭 29% · 완전돌파 · 주가강도 51점,-
"CACI International, Inc. Class A Commo",CACI,US,미분류,616.4,2026-08-06,36,6.66,3.24,552.54,551.37,549.51,434.7,16.0,26.4,638.07,False,True,True,11.56,12.17,False,683.5,-9.8,9.8,False,58.0,67.0,15,False,- · 박스 16주 · 폭 26% · 완전돌파 · 주가강도 58점,-
"Heritage Insurance Holdings, Inc. Comm",HRTG,US,미분류,33.26,2026-08-06,36,14.26,2.71,34.54,31.15,30.56,23.97,6.0,27.5,31.16,True,True,True,-3.71,8.85,False,36.5,-8.9,8.9,False,61.0,67.0,15,False,- · 박스 6주 · 폭 28% · 완전돌파 · 주가강도 61점,-
Marriott Vacations Worldwide Corporati,VAC,US,미분류,104.56,2026-08-06,36,8.88,3.8,110.77,107.55,105.97,84.51,9.0,25.4,105.97,True,True,False,-5.61,-1.33,False,190.97,-45.2,20.4,False,73.0,67.0,15,False,- · 박스 9주 · 폭 25% · 완전돌파 · 주가강도 73점,-
Allient Inc. - Common Stock,ALNT,US,미분류,114.41,2026-08-06,36,10.72,2.41,103.25,100.48,97.85,78.38,4.0,24.8,104.65,False,True,True,10.81,16.92,False,118.67,-3.6,3.6,False,91.0,65.0,15,False,- · 박스 4주 · 폭 25% · 완전돌파 · 주가강도 상위 9% (최상위권),-
고려아연,010130.KS,KR,미분류,1066000.0,2026-08-06,36,6.03,4.41,1161000.0,1150000.0,1117000.0,877000.0,4.0,27.4,2188000.0,False,True,False,-8.18,-4.57,False,2407000.0,-55.7,51.3,False,16.0,64.0,15,False,- · 박스 4주 · 폭 27% · 완전돌파 · 주가강도 16점,-
TSE8012,8012.T,JP,미분류,1155.0,2026-08-05,36,10.36,3.31,1278.5,1235.0,1257.0,987.5,28.0,27.3,1257.0,True,False,False,-9.66,-8.11,False,1306.5,-11.6,11.6,False,42.0,64.0,15,False,- · 박스 28주 · 폭 27% · 주가강도 42점,-
Insmed Incorporated - Common Stock,INSM,US,미분류,117.67,2026-08-06,36,29.49,3.31,128.22,126.15,119.54,93.92,7.0,27.3,167.37,False,True,False,-8.23,-1.56,False,212.75,-44.7,44.7,False,15.0,63.0,15,False,- · 박스 7주 · 폭 27% · 완전돌파 · 주가강도 15점,-
"Mativ Holdings, Inc. Common Stock",MATV,US,미분류,11.84,2026-08-06,36,12.23,2.48,10.74,10.1,9.99,7.07,21.0,41.3,15.48,False,True,True,10.24,18.52,False,63.53,-81.4,23.5,False,65.0,61.0,15,False,- · 박스 21주 · 폭 41% · 완전돌파 · 주가강도 65점,-
Parker-Hannifin Corporation Common Sto,PH,US,미분류,969.55,2026-08-06,36,7.93,2.07,1076.0,1057.0,1034.96,806.22,37.0,28.4,1034.96,True,True,False,-9.89,-6.32,False,1099.94,-11.9,11.9,False,40.0,61.0,15,False,- · 박스 37주 · 폭 28% · 완전돌파 · 주가강도 40점,-
Encore Capital Group Inc - Common Stoc,ECPG,US,미분류,96.49,2026-08-06,36,9.17,1.94,101.19,95.32,98.15,77.02,15.0,27.4,98.15,True,False,False,-4.64,-1.69,False,104.98,-8.1,8.1,False,80.0,60.0,15,False,- · 박스 15주 · 폭 27% · 주가강도 상위 20%,-
WUXI APPTEC,2359.HK,HK,미분류,207.8,2026-08-10,36,2.96,2.39,198.0,196.8,193.0,149.1,4.0,29.4,193.0,True,True,True,4.95,7.67,False,213.6,-2.7,2.7,False,89.0,60.0,15,False,- · 박스 4주 · 폭 29% · 완전돌파 · 주가강도 상위 11%,-
TSE6395,6395.T,JP,미분류,1335.0,2026-08-05,36,10.64,3.15,1518.0,1386.0,1486.0,1156.0,23.0,28.5,1551.0,False,False,False,-12.06,-10.16,False,2147.0,-37.8,13.9,False,43.0,60.0,15,False,- · 박스 23주 · 폭 28% · 주가강도 43점,-
"Cadre Holdings, Inc. Common Stock",CDRE,US,미분류,26.06,2026-08-06,36,11.47,4.29,34.59,33.54,34.23,26.87,11.0,27.4,48.76,False,False,False,-24.66,-23.87,False,48.76,-46.6,46.6,False,8.0,58.0,15,False,- · 박스 11주 · 폭 27% · 주가강도 8점,-
DNOW Inc. Common Stock,DNOW,US,미분류,16.14,2026-08-06,36,8.51,2.28,15.43,15.19,14.56,11.49,19.0,26.7,17.26,False,True,True,4.6,10.85,False,37.65,-57.1,6.5,False,56.0,58.0,15,False,- · 박스 19주 · 폭 27% · 완전돌파 · 주가강도 56점,-
Tutor Perini Corporation Common Stock,TPC,US,미분류,83.98,2026-08-06,36,12.15,1.64,94.82,91.55,88.5,68.61,12.0,29.0,100.0,False,True,False,-11.43,-5.11,False,102.3,-17.9,17.9,False,46.0,58.0,15,False,- · 박스 12주 · 폭 29% · 완전돌파 · 주가강도 46점,-
Avient Corporation Common Stock,AVNT,US,미분류,41.19,2026-08-06,36,5.49,2.21,40.0,39.66,39.51,31.55,21.0,25.2,44.85,False,True,True,2.97,4.25,False,61.46,-33.0,11.7,False,52.0,57.0,15,False,- · 박스 21주 · 폭 25% · 완전돌파 · 주가강도 52점,-
Digi International Inc. - Common Stock,DGII,US,미분류,78.22,2026-08-06,36,5.68,2.05,76.88,70.63,76.41,59.86,12.0,27.6,76.41,True,False,True,1.74,2.37,False,86.84,-9.9,9.9,False,82.0,56.0,15,False,- · 박스 12주 · 폭 28% · 주가강도 상위 18%,-
"Miller Industries, Inc. Common Stock",MLR,US,미분류,54.03,2026-08-06,36,8.7,2.45,55.25,51.85,52.93,41.29,25.0,28.2,52.93,True,False,True,-2.21,2.08,False,114.38,-52.8,9.5,False,56.0,55.0,10,False,- · 박스 25주 · 폭 28% · 주가강도 56점,-
ATI Inc. Common Stock,ATI,US,미분류,180.67,2026-08-06,36,7.25,1.84,219.99,219.99,208.71,164.0,10.0,27.3,208.71,True,True,False,-17.87,-13.43,False,243.57,-25.8,25.8,False,73.0,54.0,15,False,- · 박스 10주 · 폭 27% · 완전돌파 · 주가강도 73점,-
西藏天路,600326.SS,CN,미분류,6.63,2026-08-07,36,5.32,4.77,7.92,7.43,7.77,6.05,9.0,28.4,11.84,False,False,False,-16.29,-14.67,False,19.5,-66.0,53.0,False,5.0,54.0,15,False,- · 박스 9주 · 폭 28% · 주가강도 5점,-
TSE3131,3131.T,JP,미분류,8100.0,2026-08-05,36,4.44,2.31,4700.0,4475.0,4580.0,3210.0,7.0,42.7,4580.0,True,False,True,72.34,76.86,False,8300.0,-2.4,2.4,False,98.0,53.0,15,False,- · 박스 7주 · 폭 43% · 주가강도 상위 2% (최상위권),-
"Kelly Services, Inc. - Class A Common ",KELYA,US,미분류,16.54,2026-08-06,36,16.62,1.56,17.75,15.21,16.5,13.06,4.0,26.3,16.5,True,False,True,-6.82,0.24,False,38.75,-57.3,6.8,False,83.0,52.0,15,False,- · 박스 4주 · 폭 26% · 주가강도 상위 17%,-
VSE Corporation - Common Stock,VSEC,US,미분류,174.65,2026-08-06,36,3.38,1.73,223.04,221.0,218.37,183.2,4.0,19.2,240.56,False,True,False,-21.7,-20.02,False,247.85,-29.5,29.5,False,18.0,50.0,15,False,- · 박스 4주 · 폭 19% · 완전돌파 · 주가강도 18점,-
"Arhaus, Inc. - Class A Common Stock",ARHS,US,미분류,9.63,2026-08-06,36,18.47,2.91,9.75,8.52,8.9,7.06,6.0,26.0,11.23,False,False,True,-1.23,8.26,False,19.81,-51.4,20.3,False,40.0,49.0,15,False,- · 박스 6주 · 폭 26% · 주가강도 40점,-
News Corporation - Class A Common Stoc,NWSA,US,미분류,29.1,2026-08-06,36,2.99,1.5,29.93,29.14,29.17,22.83,23.0,27.8,29.17,True,False,False,-2.77,-0.24,False,31.66,-8.1,8.1,False,43.0,49.0,15,False,- · 박스 23주 · 폭 28% · 주가강도 43점,-
"SoundHound AI, Inc. - Class A Common S",SOUN,US,미분류,5.83,2026-08-06,36,25.12,2.98,8.05,7.0,7.09,5.65,6.0,25.5,10.05,False,False,False,-27.53,-17.77,False,24.98,-76.7,73.7,False,4.0,49.0,15,False,- · 박스 6주 · 폭 26% · 주가강도 4점,-
ADMA Biologics Inc - Common Stock,ADMA,US,미분류,10.12,2026-08-06,36,4.75,1.79,9.7,9.66,9.33,7.45,12.0,25.2,17.67,False,True,True,4.33,8.47,False,25.67,-60.6,50.5,False,19.0,48.0,15,False,- · 박스 12주 · 폭 25% · 완전돌파 · 주가강도 19점,-
"DXP Enterprises, Inc. - Common Stock",DXPE,US,미분류,191.43,2026-08-06,36,6.91,1.96,180.0,173.22,178.45,137.34,12.0,29.9,183.91,False,False,True,6.35,7.27,False,208.0,-8.0,8.0,False,73.0,48.0,15,False,- · 박스 12주 · 폭 30% · 주가강도 73점,-
GigaCloud Technology Inc - Class A Ord,GCT,US,미분류,52.62,2026-08-06,36,3.81,3.79,48.0,46.7,46.91,33.75,4.0,39.0,51.86,False,False,True,9.62,12.17,False,62.0,-15.1,6.5,False,83.0,47.0,15,False,- · 박스 4주 · 폭 39% · 주가강도 상위 17%,-
아이티센글로벌,124500.KQ,KR,미분류,28750.0,2026-08-06,36,15.14,2.16,27000.0,24250.0,24700.0,17500.0,5.0,41.1,75500.0,False,False,True,6.48,16.4,False,75500.0,-61.9,61.9,False,47.0,44.0,15,False,- · 박스 5주 · 폭 41% · 주가강도 47점,-
"Remitly Global, Inc. - Common stock",RELY,US,미분류,21.89,2026-08-06,36,7.94,2.28,25.98,24.11,25.75,20.3,6.0,26.8,25.75,True,False,False,-15.74,-14.99,False,53.65,-59.2,20.3,False,61.0,44.0,15,False,- · 박스 6주 · 폭 27% · 주가강도 61점,-
Vontier Corporation Common Stock ,VNT,US,미분류,30.96,2026-08-06,36,7.85,2.44,36.26,33.59,33.99,27.25,12.0,24.7,48.2,False,False,False,-14.62,-8.91,False,48.2,-35.8,35.8,False,17.0,44.0,15,False,- · 박스 12주 · 폭 25% · 주가강도 17점,-
武汉凡谷,002194.SZ,CN,미분류,9.98,2026-08-07,36,3.96,1.97,10.49,10.46,10.09,7.8,5.0,29.4,13.7,False,True,False,-4.86,-1.09,False,26.9,-62.9,34.2,False,16.0,44.0,15,False,- · 박스 5주 · 폭 29% · 완전돌파 · 주가강도 16점,-
PHARMARON,3759.HK,HK,미분류,30.06,2026-08-10,36,3.57,2.51,28.46,26.9,27.5,21.36,4.0,28.7,27.5,True,False,True,5.62,9.31,False,94.22,-68.1,13.8,False,77.0,43.0,15,False,- · 박스 4주 · 폭 29% · 주가강도 77점,-
Viatris Inc. - Common Stock,VTRS,US,미분류,18.27,2026-08-06,36,2.83,2.14,18.15,16.22,18.07,14.36,15.0,25.8,18.07,True,False,True,0.66,1.11,False,76.69,-76.2,0.7,False,76.0,42.0,15,False,- · 박스 15주 · 폭 26% · 주가강도 76점,-
昊华能源,601101.SS,CN,미분류,12.59,2026-08-07,36,5.74,1.97,13.45,13.11,13.15,10.26,8.0,28.2,14.65,False,False,False,-6.39,-4.26,False,21.9,-42.5,17.8,False,76.0,40.0,15,False,- · 박스 8주 · 폭 28% · 주가강도 76점,-
华友钴业,603799.SS,CN,미분류,34.03,2026-08-07,36,4.57,2.48,43.29,42.11,43.09,35.58,4.0,21.1,81.64,False,False,False,-21.39,-21.03,False,116.15,-70.7,58.6,False,2.0,40.0,15,False,- · 박스 4주 · 폭 21% · 주가강도 2점,-
"DoorDash, Inc. - Common Stock",DASH,US,미분류,178.39,2026-08-06,36,3.57,1.93,214.67,207.18,208.19,164.43,7.0,26.6,208.19,True,False,False,-16.9,-14.31,False,285.5,-37.5,37.5,False,17.0,38.0,15,False,- · 박스 7주 · 폭 27% · 주가강도 17점,-
Trekor Metals Limited Common Shares,TGB,US,미분류,8.8,2026-08-06,36,2.69,1.77,8.4,7.98,8.32,6.51,4.0,27.8,9.25,False,False,True,4.76,5.77,False,15.88,-44.6,10.4,False,84.0,38.0,15,False,- · 박스 4주 · 폭 28% · 주가강도 상위 16%,-
US Foods Holding Corp. Common Stock,USFD,US,미분류,93.72,2026-08-06,36,4.82,1.63,105.33,103.92,105.17,85.16,8.0,23.5,105.17,True,False,False,-11.02,-10.89,False,111.42,-15.9,15.9,False,36.0,38.0,15,False,- · 박스 8주 · 폭 24% · 주가강도 36점,-
Gran Tierra Energy Inc. Common Stock,GTE,US,미분류,9.65,2026-08-05,37,51.24,66.45,10.33,9.01,7.75,6.14,4.0,26.2,9.74,True,True,True,-6.58,24.52,False,96.4,-90.0,16.2,False,90.0,79.0,15,False,- · 박스 4주 · 폭 26% · 완전돌파 · 주가강도 상위 10% (최상위권),-
"Travere Therapeutics, Inc. - Common St",TVTX,US,미분류,61.57,2026-08-05,37,10.67,3.38,62.0,61.0,60.1,52.06,7.0,15.4,60.1,True,True,True,-0.69,2.45,False,68.73,-10.4,10.4,False,89.0,77.0,15,False,- · 박스 7주 · 폭 15% · 완전돌파 · 주가강도 상위 11%,-
"Flotek Industries, Inc. Common Stock",FTK,US,미분류,28.43,2026-08-05,37,18.65,4.52,33.47,32.72,28.68,21.21,8.0,35.2,28.68,True,True,False,-15.06,-0.87,False,330.0,-91.4,28.3,False,83.0,76.0,15,False,- · 박스 8주 · 폭 35% · 완전돌파 · 주가강도 상위 17%,-
百花医药,600721.SS,CN,미분류,12.95,2026-08-06,37,9.53,7.31,9.54,8.95,8.72,6.25,14.0,39.5,11.23,False,True,True,35.74,48.51,False,26.18,-50.5,22.4,False,80.0,76.0,15,False,- · 박스 14주 · 폭 40% · 완전돌파 · 주가강도 상위 20%,-
"Bloomin' Brands, Inc. - Common Stock",BLMN,US,미분류,7.91,2026-08-05,37,35.87,5.28,12.12,11.4,9.28,7.43,7.0,24.9,9.28,True,True,False,-34.74,-14.76,False,32.81,-75.9,37.4,False,39.0,72.0,15,False,- · 박스 7주 · 폭 25% · 완전돌파 · 주가강도 39점,-
Shopify Inc. - Class A Subordinate Vot,SHOP,US,미분류,144.01,2026-08-05,37,21.65,4.63,150.0,142.52,133.99,104.11,9.0,28.7,139.1,True,True,True,-3.99,7.48,False,182.19,-21.0,21.0,False,45.0,72.0,15,False,- · 박스 9주 · 폭 29% · 완전돌파 · 주가강도 45점,-
Charles River Laboratories Internation,CRL,US,미분류,294.59,2026-08-05,37,14.47,2.06,267.99,252.07,242.73,213.4,5.0,13.7,242.73,True,True,True,9.93,21.37,False,460.21,-36.0,2.9,False,85.0,72.0,15,False,- · 박스 5주 · 폭 14% · 완전돌파 · 주가강도 상위 15%,-
TSE7609,7609.T,JP,미분류,4195.0,2026-08-04,37,6.7,9.38,3820.0,3805.0,3795.0,3030.0,5.0,25.2,4090.0,False,True,True,9.82,10.54,False,4910.0,-14.6,14.6,False,80.0,68.0,15,False,- · 박스 5주 · 폭 25% · 완전돌파 · 주가강도 상위 20%,-
Primo Brands Corporation Class A Commo,PRMB,US,미분류,19.49,2026-08-05,37,10.73,3.33,25.79,24.43,25.59,22.06,12.0,16.0,25.59,True,False,False,-24.43,-23.84,False,37.75,-48.4,25.6,False,19.0,67.0,15,False,- · 박스 12주 · 폭 16% · 주가강도 19점,-
"Freshpet, Inc. - Common Stock",FRPT,US,미분류,57.17,2026-08-05,37,6.76,4.55,66.6,64.95,63.59,50.5,7.0,25.9,86.0,False,True,False,-14.16,-10.1,False,186.98,-69.4,33.5,False,27.0,64.0,15,False,- · 박스 7주 · 폭 26% · 완전돌파 · 주가강도 27점,-
TSE7613,7613.T,JP,미분류,1605.0,2026-08-04,37,3.29,3.01,1475.0,1473.0,1463.0,1145.0,40.0,27.8,1463.0,True,True,True,8.81,9.71,False,2733.0,-41.3,5.2,False,57.0,64.0,15,False,- · 박스 40주 · 폭 28% · 완전돌파 · 주가강도 57점,-
Aya Gold & Silver Inc. - Common Shares,AYA,US,미분류,26.53,2026-08-05,37,5.9,2.27,24.25,23.93,23.08,17.8,5.0,29.7,23.08,True,True,True,9.4,14.95,False,30.67,-13.5,13.5,False,92.0,61.0,15,False,- · 박스 5주 · 폭 30% · 완전돌파 · 주가강도 상위 8% (최상위권),-
"Precigen, Inc. - Common Stock",PGEN,US,미분류,7.81,2026-08-05,37,7.5,3.34,7.02,6.55,6.8,4.81,6.0,41.4,6.8,True,False,True,11.25,14.85,False,68.83,-88.7,5.6,False,93.0,60.0,15,False,- · 박스 6주 · 폭 41% · 주가강도 상위 7% (최상위권),-
TAT Technologies Ltd. - Ordinary Share,TATT,US,미분류,35.64,2026-08-05,37,18.32,3.21,49.28,42.13,45.94,38.16,4.0,20.4,64.5,False,False,False,-27.68,-22.42,False,64.5,-44.7,44.7,False,8.0,59.0,15,False,- · 박스 4주 · 폭 20% · 주가강도 8점,-
"Intapp, Inc. - Common Stock",INTA,US,미분류,35.39,2026-08-05,37,11.35,2.04,36.5,35.28,35.13,25.56,4.0,37.4,35.13,True,True,True,-3.04,0.74,False,77.74,-54.5,26.2,False,48.0,58.0,15,False,- · 박스 4주 · 폭 37% · 완전돌파 · 주가강도 48점,-
"Qualys, Inc. - Common Stock",QLYS,US,미분류,173.83,2026-08-05,37,23.2,2.08,198.42,181.09,167.86,129.48,5.0,29.6,167.86,True,True,False,-12.39,3.56,False,206.35,-15.8,13.7,False,75.0,58.0,15,False,- · 박스 5주 · 폭 30% · 완전돌파 · 주가강도 75점,-
"Latham Group, Inc. - Common Stock",SWIM,US,미분류,6.21,2026-08-05,37,22.28,4.93,6.97,6.41,6.71,5.29,8.0,26.8,8.97,False,False,False,-10.9,-7.45,False,34.73,-82.1,30.7,False,25.0,58.0,15,False,- · 박스 8주 · 폭 27% · 주가강도 25점,-
Perrigo Company plc Ordinary Shares,PRGO,US,미분류,15.1,2026-08-05,37,17.07,2.31,12.62,12.61,11.98,9.4,12.0,27.4,15.05,False,True,True,19.65,26.04,False,215.73,-93.0,33.3,False,61.0,58.0,15,False,- · 박스 12주 · 폭 27% · 완전돌파 · 주가강도 61점,-
PACIFIC BASIN,2343.HK,HK,미분류,3.87,2026-08-07,37,4.79,7.65,3.5,3.5,3.4,2.62,10.0,29.8,3.66,False,True,True,10.57,13.82,False,13.6,-71.5,13.0,False,78.0,58.0,15,False,- · 박스 10주 · 폭 30% · 완전돌파 · 주가강도 78점,-
"Clear Secure, Inc. Class A Common Stoc",YOU,US,미분류,40.36,2026-08-05,37,16.22,2.89,64.77,55.81,62.73,49.5,15.0,26.7,62.73,True,False,False,-37.69,-35.66,False,69.07,-41.6,41.6,False,15.0,57.0,15,False,- · 박스 15주 · 폭 27% · 주가강도 15점,-
Okeanis Eco Tankers Corp. Common Stock,ECO,US,미분류,79.17,2026-08-05,37,6.37,2.35,63.0,60.53,61.53,48.76,7.0,26.2,61.53,True,False,True,25.67,28.67,False,87.31,-9.3,9.3,False,94.0,55.0,15,False,- · 박스 7주 · 폭 26% · 주가강도 상위 6% (최상위권),-
Kennametal Inc. Common Stock,KMT,US,미분류,31.8,2026-08-05,37,12.31,2.89,40.5,33.88,37.55,31.72,11.0,18.4,43.81,False,False,False,-21.48,-15.31,False,52.52,-39.5,27.4,False,36.0,55.0,15,False,- · 박스 11주 · 폭 18% · 주가강도 36점,-
"Kratos Defense & Security Solutions, I",KTOS,US,미분류,44.07,2026-08-05,37,13.5,1.91,58.87,54.51,54.22,43.09,4.0,25.8,106.67,False,True,False,-25.14,-18.72,False,1635.0,-97.3,67.1,False,4.0,54.0,15,False,- · 박스 4주 · 폭 26% · 완전돌파 · 주가강도 4점,-
"Gibraltar Industries, Inc. - Common St",ROCK,US,미분류,40.55,2026-08-05,37,8.16,2.06,51.98,50.77,48.27,39.31,7.0,22.8,56.35,False,True,False,-21.99,-15.99,False,103.02,-60.6,46.0,False,10.0,54.0,15,False,- · 박스 7주 · 폭 23% · 완전돌파 · 주가강도 10점,-
ACADIA Pharmaceuticals Inc. - Common S,ACAD,US,미분류,20.53,2026-08-05,37,2.98,2.98,27.96,27.8,27.31,22.01,6.0,24.1,27.31,True,True,False,-26.57,-24.83,False,58.72,-65.0,33.7,False,11.0,53.0,15,False,- · 박스 6주 · 폭 24% · 완전돌파 · 주가강도 11점,-
浙江世宝,002703.SZ,CN,미분류,15.17,2026-08-06,37,8.05,3.61,17.59,15.9,16.28,11.31,6.0,43.9,26.27,False,False,False,-13.76,-6.82,False,28.75,-47.2,47.2,False,24.0,53.0,15,False,- · 박스 6주 · 폭 44% · 주가강도 24점,-
"Assurant, Inc. Common Stock",AIZ,US,미분류,263.53,2026-08-05,37,4.56,1.81,294.14,290.0,284.64,224.24,15.0,26.9,284.64,True,True,False,-10.41,-7.42,False,303.94,-13.3,13.3,False,41.0,52.0,15,False,- · 박스 15주 · 폭 27% · 완전돌파 · 주가강도 41점,-
"Arista Networks, Inc. Common Stock",ANET,US,미분류,204.92,2026-08-05,37,10.33,2.43,210.19,191.01,194.35,154.74,7.0,25.6,194.35,True,False,True,-2.51,5.44,False,214.89,-4.6,4.6,False,77.0,52.0,15,False,- · 박스 7주 · 폭 26% · 주가강도 77점,-
中金黄金,600489.SS,CN,미분류,21.59,2026-08-06,37,5.11,1.81,25.49,24.78,24.25,18.69,4.0,29.7,41.48,False,True,False,-15.3,-10.97,False,41.48,-48.0,48.0,False,31.0,50.0,15,False,- · 박스 4주 · 폭 30% · 완전돌파 · 주가강도 31점,-
山金国际,000975.SZ,CN,미분류,22.27,2026-08-06,37,5.28,1.51,25.5,24.98,24.38,17.16,5.0,42.1,42.29,False,True,False,-12.67,-8.65,False,42.29,-47.3,47.3,False,32.0,50.0,15,False,- · 박스 5주 · 폭 42% · 완전돌파 · 주가강도 32점,-
Eastman Kodak Company Common New,KODK,US,미분류,9.59,2026-08-05,37,12.32,2.77,10.03,9.29,9.57,7.47,5.0,28.1,14.87,False,False,True,-4.39,0.21,False,60.0,-84.0,35.5,False,48.0,49.0,15,False,- · 박스 5주 · 폭 28% · 주가강도 48점,-
"Expedia Group, Inc. - Common Stock",EXPE,US,미분류,264.23,2026-08-05,37,3.51,1.9,323.0,313.46,312.75,251.12,5.0,24.5,312.75,True,True,False,-18.2,-15.51,False,342.0,-22.7,22.7,False,36.0,48.0,15,False,- · 박스 5주 · 폭 24% · 완전돌파 · 주가강도 36점,-
Innospec Inc. - Common Stock,IOSP,US,미분류,97.88,2026-08-05,37,4.13,2.18,90.28,88.05,87.85,70.3,18.0,25.0,92.14,False,True,True,8.42,11.42,False,133.71,-26.8,2.6,False,60.0,48.0,15,False,- · 박스 18주 · 폭 25% · 완전돌파 · 주가강도 60점,-
OneSpan Inc. - Common Stock,OSPN,US,미분류,17.88,2026-08-05,37,8.39,2.31,17.57,16.06,16.4,12.82,10.0,27.9,16.4,True,False,True,1.76,9.02,False,44.25,-59.6,3.2,False,70.0,48.0,15,False,- · 박스 10주 · 폭 28% · 주가강도 70점,-
"Toast, Inc. Class A Common Stock",TOST,US,미분류,30.38,2026-08-05,37,3.76,1.72,35.08,34.55,33.99,27.54,5.0,23.4,33.99,True,True,False,-13.4,-10.62,False,69.93,-56.6,23.5,False,28.0,48.0,15,False,- · 박스 5주 · 폭 23% · 완전돌파 · 주가강도 28점,-
Elanco Animal Health Incorporated Comm,ELAN,US,미분류,22.45,2026-08-05,37,5.78,2.6,27.08,25.1,26.87,21.3,10.0,26.2,27.72,False,False,False,-17.1,-16.45,False,37.61,-40.3,19.8,False,25.0,45.0,15,False,- · 박스 10주 · 폭 26% · 주가강도 25점,-
TSE4578,4578.T,JP,미분류,11490.0,2026-08-04,37,4.35,2.31,12000.0,11750.0,11910.0,9252.0,24.0,28.7,11910.0,True,False,False,-4.25,-3.53,False,12795.0,-10.2,10.2,False,47.0,45.0,1,True,- · 박스 24주 · 폭 29% · 주가강도 47점,-
"Everus Construction Group, Inc. Common",ECG,US,미분류,116.66,2026-08-05,37,8.08,2.19,147.16,137.29,142.1,107.82,4.0,31.8,171.58,False,False,False,-20.73,-17.9,False,171.58,-32.0,32.0,False,31.0,44.0,15,False,- · 박스 4주 · 폭 32% · 주가강도 31점,-
兴业银锡,000426.SZ,CN,미분류,31.57,2026-08-06,37,4.99,1.83,38.11,36.94,36.45,26.3,4.0,38.6,74.8,False,True,False,-17.16,-13.39,False,74.8,-57.8,57.8,False,20.0,44.0,15,False,- · 박스 4주 · 폭 39% · 완전돌파 · 주가강도 20점,-
Novagold Resources Inc.,NG,US,미분류,6.65,2026-08-05,37,5.06,1.69,6.65,6.61,6.64,5.08,5.0,30.7,14.4,False,False,True,0.0,0.15,False,19.81,-66.4,53.8,False,15.0,40.0,15,False,- · 박스 5주 · 폭 31% · 주가강도 15점,-
NCR Voyix Corporation Common Stock,VYX,US,미분류,6.83,2026-08-05,37,6.53,1.9,9.46,9.13,9.29,7.37,5.0,26.1,10.11,False,False,False,-27.8,-26.48,False,35.28,-80.6,47.5,False,7.0,40.0,15,False,- · 박스 5주 · 폭 26% · 주가강도 7점,-
四川黄金,001337.SZ,CN,미분류,44.55,2026-08-06,37,6.31,2.43,46.0,43.97,44.7,31.68,8.0,41.1,73.55,False,False,False,-3.15,-0.34,False,73.55,-39.4,39.4,False,65.0,40.0,15,False,- · 박스 8주 · 폭 41% · 주가강도 65점,-
The Carlyle Group Inc. - Common Stock,CG,US,미분류,39.52,2026-08-05,37,3.0,1.72,52.16,49.29,51.16,39.6,12.0,29.2,61.48,False,False,False,-24.23,-22.75,False,69.85,-43.4,41.3,False,7.0,38.0,15,False,- · 박스 12주 · 폭 29% · 주가강도 7점,-
Paylocity Holding Corporation - Common,PCTY,US,미분류,142.72,2026-08-05,37,4.66,2.1,150.0,143.5,149.04,102.87,5.0,44.9,149.04,True,False,False,-4.85,-4.24,False,314.49,-54.6,13.5,False,50.0,38.0,15,False,- · 박스 5주 · 폭 45% · 주가강도 50점,-
"Bio-Rad Laboratories, Inc. Class A Com",BIO,US,미분류,377.69,2026-08-05,37,2.14,1.52,340.0,329.6,338.42,270.0,10.0,25.3,338.42,True,False,True,11.09,11.6,False,832.7,-54.6,4.7,False,67.0,38.0,15,False,- · 박스 10주 · 폭 25% · 주가강도 67점,-
Global Industrial Company Common Stock,GIC,US,미분류,42.32,2026-08-05,37,4.39,2.36,39.03,37.35,37.42,29.04,10.0,28.9,37.42,True,False,True,8.43,13.09,False,53.0,-20.2,0.4,False,64.0,38.0,3,False,- · 박스 10주 · 폭 29% · 주가강도 64점,-
Unity Software Inc. Common Stock,U,US,미분류,39.86,2026-08-05,37,2.64,2.09,36.15,35.06,35.69,27.8,5.0,28.4,35.69,True,False,True,10.26,11.68,False,210.0,-81.0,23.6,False,66.0,38.0,15,False,- · 박스 5주 · 폭 28% · 주가강도 66점,-
GLOBAL NEW MAT,6616.HK,HK,미분류,9.22,2026-08-07,37,3.15,2.01,9.16,8.6,8.96,6.21,19.0,44.3,10.11,False,False,True,0.66,2.9,False,11.36,-18.8,17.5,False,67.0,38.0,15,False,- · 박스 19주 · 폭 44% · 주가강도 67점,-
Genius Sports Limited Ordinary Shares,GENI,US,미분류,6.15,2026-08-05,37,2.6,2.45,8.29,8.1,8.15,5.98,5.0,36.4,8.7,False,False,False,-25.81,-24.59,False,25.18,-75.6,54.5,False,16.0,34.0,15,False,- · 박스 5주 · 폭 36% · 주가강도 16점,-
TSE2121,2121.T,JP,미분류,3680.0,2026-08-03,38,10.5,5.71,3200.0,3175.0,3150.0,2449.0,37.0,28.6,3025.0,True,True,True,15.0,16.83,False,7300.0,-49.6,5.3,False,67.0,79.0,15,False,- · 박스 37주 · 폭 29% · 완전돌파 · 주가강도 67점,-
Palantir Technologies Inc. - Class A C,PLTR,US,미분류,187.48,2026-08-04,38,15.52,4.3,145.15,143.28,138.9,114.57,5.0,21.2,165.08,False,True,True,29.17,34.97,False,207.52,-9.7,9.7,False,67.0,78.0,15,False,- · 박스 5주 · 폭 21% · 완전돌파 · 주가강도 67점,-
TSE8005,8005.T,JP,미분류,1734.0,2026-08-03,38,8.35,3.57,1843.0,1787.0,1805.0,1597.0,12.0,13.0,1805.0,True,False,False,-5.91,-3.93,False,1915.0,-9.5,9.5,False,60.0,75.0,15,False,- · 박스 12주 · 폭 13% · 주가강도 60점,-
TSE3762,3762.T,JP,미분류,2474.0,2026-08-03,38,9.79,3.9,2242.0,2228.0,2147.0,1805.0,4.0,18.9,2282.0,False,True,True,10.35,15.23,False,2614.0,-5.4,3.3,False,66.0,73.0,13,False,- · 박스 4주 · 폭 19% · 완전돌파 · 주가강도 66점,-
TSE4220,4220.T,JP,미분류,2285.0,2026-08-03,38,11.24,7.91,2465.0,2402.0,2216.0,1711.0,4.0,29.5,2216.0,True,True,False,-7.3,3.11,False,2915.0,-21.6,21.6,False,79.0,72.0,6,False,- · 박스 4주 · 폭 30% · 완전돌파 · 주가강도 79점,-
风范股份,601700.SS,CN,미분류,6.04,2026-08-05,38,9.97,8.33,6.51,5.94,5.92,4.14,18.0,43.0,7.11,False,True,True,-7.22,2.03,False,18.59,-67.5,31.2,False,56.0,72.0,15,False,- · 박스 18주 · 폭 43% · 완전돌파 · 주가강도 56점,-
Jackson Financial Inc. Class A Common ,JXN,US,미분류,131.81,2026-08-04,38,9.37,1.6,137.99,126.82,126.69,97.6,33.0,29.8,126.69,True,True,True,-4.48,4.04,False,140.9,-6.5,6.5,False,62.0,69.0,15,False,- · 박스 33주 · 폭 30% · 완전돌파 · 주가강도 62점,-
TSE7504,7504.T,JP,미분류,4445.0,2026-08-03,38,5.31,3.79,4360.0,4360.0,4250.0,3560.0,4.0,19.4,4250.0,True,True,True,1.95,4.59,False,5200.0,-14.5,14.5,False,75.0,69.0,15,False,- · 박스 4주 · 폭 19% · 완전돌파 · 주가강도 75점,-
Ethos Technologies Inc. - Class A Comm,LIFE,US,미분류,34.24,2026-08-04,38,19.71,9.75,27.33,25.02,23.31,17.57,5.0,32.7,32.5,False,True,True,25.28,46.89,False,42.55,-19.5,19.5,True,,68.0,15,False,- · 박스 5주 · 폭 33% · 완전돌파,-
"Ameresco, Inc. Class A Common Stock",AMRC,US,미분류,20.32,2026-08-04,38,40.48,5.08,31.93,27.33,26.44,18.38,4.0,43.9,37.14,False,True,False,-36.36,-23.15,False,101.86,-80.1,54.8,False,4.0,68.0,15,False,- · 박스 4주 · 폭 44% · 완전돌파 · 주가강도 4점,-
Wayfair Inc. Class A Common Stock,W,US,미분류,98.63,2026-08-04,38,23.08,4.18,109.92,108.0,97.96,75.92,7.0,29.0,109.92,False,True,False,-10.27,0.68,False,369.0,-73.3,17.8,False,45.0,68.0,15,False,- · 박스 7주 · 폭 29% · 완전돌파 · 주가강도 45점,-
Hillman Solutions Corp. - Common Stock,HLMN,US,미분류,7.11,2026-08-04,38,8.3,3.18,9.0,8.75,8.55,6.96,13.0,22.8,10.85,False,True,False,-21.0,-16.79,False,13.46,-47.2,34.5,False,9.0,67.0,15,False,- · 박스 13주 · 폭 23% · 완전돌파 · 주가강도 9점,-
"UFP Technologies, Inc. - Common Stock",UFPT,US,미분류,299.22,2026-08-04,38,14.01,3.11,305.0,305.0,279.49,221.38,8.0,26.2,279.49,True,True,True,-1.9,7.06,False,366.41,-18.3,11.7,False,68.0,67.0,15,False,- · 박스 8주 · 폭 26% · 완전돌파 · 주가강도 68점,-
Zebra Technologies Corporation - Class,ZBRA,US,미분류,371.87,2026-08-04,38,13.19,2.8,330.1,329.47,300.99,235.05,6.0,28.1,303.4,True,True,True,12.65,23.55,False,615.0,-39.5,3.7,False,80.0,67.0,15,False,- · 박스 6주 · 폭 28% · 완전돌파 · 주가강도 상위 20%,-
"Paymentus Holdings, Inc. Class A Commo",PAY,US,미분류,29.92,2026-08-04,38,17.27,3.88,40.48,37.24,36.72,27.01,4.0,35.9,36.72,True,True,False,-26.09,-18.52,False,45.31,-34.0,34.0,False,43.0,67.0,15,False,- · 박스 4주 · 폭 36% · 완전돌파 · 주가강도 43점,-
TSE6952,6952.T,JP,미분류,2149.0,2026-08-03,38,18.45,3.7,2090.0,2032.0,1998.0,1548.0,10.0,29.1,1998.0,True,True,True,2.82,7.56,False,2884.0,-25.5,15.3,False,76.0,67.0,15,False,- · 박스 10주 · 폭 29% · 완전돌파 · 주가강도 76점,-
TSE6508,6508.T,JP,미분류,11590.0,2026-08-03,38,4.57,3.46,10060.0,9980.0,9860.0,7800.0,4.0,26.4,11400.0,False,True,True,15.21,17.55,False,12760.0,-9.2,9.2,False,84.0,61.0,15,False,- · 박스 4주 · 폭 26% · 완전돌파 · 주가강도 상위 16%,-
Snap Inc. Class A Common Stock,SNAP,US,미분류,5.22,2026-08-04,38,5.75,2.16,5.33,5.27,5.08,4.27,6.0,19.0,6.93,False,True,True,-2.06,2.76,False,83.34,-93.7,42.8,False,25.0,56.0,15,False,- · 박스 6주 · 폭 19% · 완전돌파 · 주가강도 25점,-
"AMETEK, Inc.",AME,US,미분류,251.67,2026-08-04,38,5.02,2.25,256.0,244.02,244.97,188.47,37.0,30.0,244.97,True,False,True,-1.69,2.74,False,261.16,-3.6,3.6,False,50.0,55.0,15,False,- · 박스 37주 · 폭 30% · 주가강도 50점,-
"Broadridge Financial Solutions, Inc. C",BR,US,미분류,162.92,2026-08-04,38,6.97,1.84,168.3,167.31,167.19,133.83,18.0,24.9,201.62,False,True,False,-3.2,-2.55,False,271.91,-40.1,31.8,False,21.0,54.0,15,False,- · 박스 18주 · 폭 25% · 완전돌파 · 주가강도 21점,-
Gates Industrial Corporation Ltd. Comm,GTES,US,미분류,26.67,2026-08-04,38,2.11,1.57,30.0,29.65,29.4,22.86,16.0,28.6,29.4,True,True,False,-11.1,-9.29,False,30.34,-12.1,12.1,False,39.0,52.0,15,False,- · 박스 16주 · 폭 29% · 완전돌파 · 주가강도 39점,-
Kingsoft Cloud Holdings Limited - Amer,KC,US,미분류,9.15,2026-08-04,38,7.56,2.26,12.8,12.64,12.4,8.74,5.0,41.9,18.52,False,True,False,-28.52,-26.24,False,74.67,-87.7,50.6,False,9.0,50.0,15,False,- · 박스 5주 · 폭 42% · 완전돌파 · 주가강도 9점,-
GeneDx Holdings Corp. - Class A Common,WGS,US,미분류,85.93,2026-08-04,38,12.0,2.72,76.0,64.28,72.95,58.14,5.0,25.5,101.94,False,False,True,13.07,17.79,False,896.94,-90.4,49.7,False,36.0,49.0,15,False,- · 박스 5주 · 폭 26% · 주가강도 36점,-
"Henry Schein, Inc. - Common Stock",HSIC,US,미분류,85.99,2026-08-04,38,5.18,2.45,90.99,87.34,89.34,69.68,11.0,28.2,89.34,True,False,False,-5.5,-3.75,False,92.68,-7.2,6.7,False,45.0,48.0,15,False,- · 박스 11주 · 폭 28% · 주가강도 45점,-
United Parks & Resorts Inc. Common Sto,PRKS,US,미분류,32.04,2026-08-04,38,9.87,1.63,50.0,44.08,49.19,38.15,9.0,28.9,49.19,True,False,False,-35.92,-34.86,False,76.57,-58.2,42.5,False,6.0,48.0,15,False,- · 박스 9주 · 폭 29% · 주가강도 6점,-
Capital Southwest Corporation - Common,CSWC,US,미분류,22.99,2026-08-04,38,2.09,1.65,24.44,24.11,24.43,19.91,40.0,22.7,24.43,True,False,False,-5.93,-5.89,False,28.41,-19.1,10.7,False,30.0,45.0,15,False,- · 박스 40주 · 폭 23% · 주가강도 30점,-
"Advanced Energy Industries, Inc. - Com",AEIS,US,미분류,277.84,2026-08-04,38,13.8,1.86,337.27,323.5,326.04,248.79,4.0,31.1,397.44,False,False,False,-17.62,-14.78,False,397.44,-30.1,30.1,False,37.0,44.0,15,False,- · 박스 4주 · 폭 31% · 주가강도 37점,-
TSE4816,4816.T,JP,미분류,2938.0,2026-08-03,38,5.85,2.22,3110.0,2900.0,3070.0,2493.0,4.0,23.1,3070.0,True,False,False,-5.53,-4.3,False,5022.0,-41.5,7.8,False,42.0,44.0,1,True,- · 박스 4주 · 폭 23% · 주가강도 42점,-
TSE7839,7839.T,JP,미분류,2088.0,2026-08-03,38,4.87,1.86,2046.0,1988.0,2038.0,1600.0,17.0,27.4,2038.0,True,False,True,2.05,2.45,False,2995.0,-30.3,4.0,False,53.0,42.0,15,False,- · 박스 17주 · 폭 27% · 주가강도 53점,-
파인엠텍,441270.KQ,KR,미분류,9470.0,2026-08-04,38,5.23,1.57,7650.0,7470.0,7580.0,5340.0,6.0,41.9,12420.0,False,False,True,23.79,24.93,False,14060.0,-32.6,26.0,False,44.0,40.0,15,False,- · 박스 6주 · 폭 42% · 주가강도 44점,-
ZHAOJIN MINING,1818.HK,HK,미분류,17.5,2026-08-06,38,6.77,1.57,24.3,23.02,23.08,16.75,5.0,37.8,42.36,False,False,False,-27.98,-24.18,False,42.36,-58.7,58.7,False,4.0,40.0,15,False,- · 박스 5주 · 폭 38% · 주가강도 4점,-
ZIJIN GOLD INTL,2259.HK,HK,미분류,139.0,2026-08-06,38,7.75,1.83,139.0,129.3,131.3,93.1,4.0,41.0,268.0,False,False,True,0.0,5.86,False,268.0,-48.1,48.1,True,,40.0,15,False,- · 박스 4주 · 폭 41%,-
ZIJIN MINING,2899.HK,HK,미분류,31.94,2026-08-06,38,5.0,1.81,36.96,35.04,35.38,27.3,5.0,29.6,46.98,False,False,False,-13.58,-9.72,False,46.98,-32.0,32.0,False,28.0,40.0,15,False,- · 박스 5주 · 폭 30% · 주가강도 28점,-
"Beta Technologies, Inc. Class A Common",BETA,US,미분류,22.88,2026-08-04,38,4.44,2.13,20.25,19.9,20.14,16.1,5.0,25.1,22.46,False,False,True,12.99,13.6,False,39.5,-42.1,42.1,True,,34.0,15,False,- · 박스 5주 · 폭 25%,-
Atkore Inc. Common Stock,ATKR,US,미분류,94.6,2026-08-03,39,28.02,21.32,93.4,93.3,85.36,67.5,9.0,26.5,90.16,True,True,True,1.28,10.82,False,194.98,-51.5,0.1,False,76.0,72.0,15,False,- · 박스 9주 · 폭 26% · 완전돌파 · 주가강도 76점,-
Bowhead Specialty Holdings Inc. Common,BOW,US,미분류,33.8,2026-08-03,39,10.64,7.72,33.85,33.5,33.2,26.9,7.0,23.4,33.2,True,True,True,-0.13,1.81,False,42.29,-20.1,3.6,False,59.0,72.0,15,False,- · 박스 7주 · 폭 23% · 완전돌파 · 주가강도 59점,-
TSE2914,2914.T,JP,미분류,6914.0,2026-07-31,39,5.03,2.65,7000.0,7000.0,6832.0,5260.0,36.0,29.9,6832.0,True,True,True,-1.23,1.2,False,7218.0,-4.2,4.2,False,56.0,70.0,15,False,- · 박스 36주 · 폭 30% · 완전돌파 · 주가강도 56점,-
ZHEJIANG SHIBAO,1057.HK,HK,미분류,3.76,2026-08-05,39,14.96,6.85,4.49,4.31,4.25,3.37,6.0,26.1,7.39,False,True,False,-16.35,-11.53,False,7.39,-49.1,49.1,False,9.0,68.0,15,False,- · 박스 6주 · 폭 26% · 완전돌파 · 주가강도 9점,-
TSE6337,6337.T,JP,미분류,3720.0,2026-07-31,39,5.33,6.02,2965.0,2948.0,2884.0,2151.0,11.0,34.1,3265.0,False,True,True,25.46,28.99,False,8410.0,-55.8,1.1,False,86.0,68.0,15,False,- · 박스 11주 · 폭 34% · 완전돌파 · 주가강도 상위 14%,-
Integer Holdings Corporation Common St,ITGR,US,미분류,126.38,2026-08-03,39,3.21,24.39,125.1,124.37,123.5,86.25,11.0,43.2,123.5,True,True,True,1.02,2.33,False,146.36,-13.7,0.3,False,75.0,62.0,15,False,- · 박스 11주 · 폭 43% · 완전돌파 · 주가강도 75점,-
TSE6364,6364.T,JP,미분류,2470.0,2026-07-31,39,2.11,6.38,2423.0,2400.0,2373.0,1838.0,4.0,29.1,2373.0,True,True,True,1.94,4.09,False,2788.0,-11.4,11.4,False,66.0,62.0,15,False,- · 박스 4주 · 폭 29% · 완전돌파 · 주가강도 66점,-
TSE6379,6379.T,JP,미분류,963.0,2026-07-31,39,3.06,3.94,921.67,910.0,902.67,703.67,22.0,28.3,923.0,False,True,True,4.48,6.68,False,1071.67,-10.1,10.1,False,66.0,60.0,15,False,- · 박스 22주 · 폭 28% · 완전돌파 · 주가강도 66점,-
中国核建,601611.SS,CN,미분류,10.01,2026-08-04,39,5.94,4.48,12.3,11.86,12.05,9.61,9.0,25.4,19.24,False,False,False,-18.62,-16.93,False,23.68,-57.7,50.2,False,15.0,54.0,15,False,- · 박스 9주 · 폭 25% · 주가강도 15점,-
Lindblad Expeditions Holdings Inc.  - ,LIND,US,미분류,29.64,2026-08-03,39,4.8,2.18,31.0,30.77,30.44,24.54,6.0,24.0,30.44,True,True,False,-4.39,-2.63,False,35.0,-15.3,15.3,False,88.0,52.0,15,False,- · 박스 6주 · 폭 24% · 완전돌파 · 주가강도 상위 12%,-
Microsoft Corporation - Common Stock,MSFT,US,미분류,509.22,2026-08-03,39,2.46,1.59,476.13,475.0,466.84,373.35,4.0,25.0,466.84,True,True,True,6.95,9.08,False,555.45,-8.3,8.0,False,58.0,52.0,15,False,- · 박스 4주 · 폭 25% · 완전돌파 · 주가강도 58점,-
Marcus Corporation (The) Common Stock,MCS,US,미분류,28.7,2026-08-03,39,2.82,3.24,29.92,29.75,29.75,21.37,7.0,39.2,29.75,True,False,False,-4.08,-3.53,False,45.82,-37.4,11.5,False,84.0,51.0,15,False,- · 박스 7주 · 폭 39% · 주가강도 상위 16%,-
Imax Corporation Common Stock,IMAX,US,미분류,56.13,2026-08-03,39,2.74,2.16,49.15,48.69,48.74,36.9,9.0,32.1,48.74,True,False,True,14.2,15.16,False,57.73,-2.8,2.8,False,81.0,50.0,15,False,- · 박스 9주 · 폭 32% · 주가강도 상위 19%,-
"Mohawk Industries, Inc. Common Stock",MHK,US,미분류,124.43,2026-08-03,39,3.86,2.62,127.85,126.73,125.54,101.27,9.0,24.0,139.11,False,True,False,-2.68,-0.88,False,286.85,-56.6,11.3,False,39.0,49.0,15,False,- · 박스 9주 · 폭 24% · 완전돌파 · 주가강도 39점,-
TSE6504,6504.T,JP,미분류,13945.0,2026-07-31,39,18.91,2.72,15095.0,14025.0,14995.0,11675.0,5.0,28.4,17800.0,False,False,False,-7.62,-7.0,False,17800.0,-21.7,21.7,False,51.0,49.0,15,False,- · 박스 5주 · 폭 28% · 주가강도 51점,-
TSE6857,6857.T,JP,미분류,34800.0,2026-07-31,39,16.48,2.02,32540.0,31570.0,31580.0,24135.0,4.0,30.8,35940.0,False,False,True,6.95,10.2,False,38730.0,-10.1,10.1,False,86.0,48.0,15,False,- · 박스 4주 · 폭 31% · 주가강도 상위 14%,-
Neogen Corporation - Common Stock,NEOG,US,미분류,13.72,2026-08-03,39,2.57,2.22,12.35,11.86,12.15,8.63,9.0,40.8,12.15,True,False,True,11.09,12.92,False,48.85,-71.9,3.8,False,92.0,45.0,15,False,- · 박스 9주 · 폭 41% · 주가강도 상위 8% (최상위권),-
Pagaya Technologies Ltd. - Class A Ord,PGY,US,미분류,17.0,2026-08-03,39,2.25,1.81,19.7,19.64,19.6,15.38,5.0,27.4,20.52,False,True,False,-13.72,-13.27,False,414.0,-95.9,52.1,False,19.0,44.0,15,False,- · 박스 5주 · 폭 27% · 완전돌파 · 주가강도 19점,-
"Alphatec Holdings, Inc. - Common Stock",ATEC,US,미분류,10.05,2026-08-03,39,5.04,1.73,10.0,9.86,9.94,7.77,8.0,27.9,15.22,False,False,True,0.5,1.11,False,105.6,-90.5,56.8,False,13.0,40.0,15,False,- · 박스 8주 · 폭 28% · 주가강도 13점,-
新赛股份,600540.SS,CN,미분류,5.67,2026-08-04,39,4.7,2.93,4.01,3.78,3.84,3.04,6.0,26.3,5.99,False,False,True,41.4,47.66,False,13.85,-59.0,24.2,False,72.0,39.0,15,False,- · 박스 6주 · 폭 26% · 주가강도 72점,-
"DexCom, Inc. - Common Stock",DXCM,US,미분류,86.68,2026-08-03,39,2.16,1.71,85.25,83.5,84.7,66.3,10.0,27.8,84.7,True,False,True,1.68,2.34,False,164.86,-47.4,6.4,False,66.0,38.0,15,False,- · 박스 10주 · 폭 28% · 주가강도 66점,-
DaVita Inc. Common Stock,DVA,US,미분류,178.07,2026-08-03,39,2.05,1.75,245.0,231.97,244.49,190.43,8.0,28.4,244.49,True,False,False,-27.32,-27.17,False,247.49,-28.0,28.0,False,46.0,38.0,15,False,- · 박스 8주 · 폭 28% · 주가강도 46점,-
NatWest Group plc American Depositary ,NWG,US,미분류,18.34,2026-08-03,39,2.22,1.55,19.36,19.16,19.31,14.91,12.0,29.5,19.36,False,False,False,-5.27,-5.02,False,241.8,-92.4,5.6,False,46.0,38.0,15,False,- · 박스 12주 · 폭 30% · 주가강도 46점,-
CHINAGOLDINTL,2099.HK,HK,미분류,220.8,2026-08-05,39,2.42,1.85,186.0,184.7,185.2,131.3,4.0,41.1,248.2,False,False,True,18.71,19.22,False,280.6,-21.3,21.3,False,81.0,38.0,15,False,- · 박스 4주 · 폭 41% · 주가강도 상위 19%,-
TSE6349,6349.T,JP,미분류,1930.0,2026-07-30,40,9.56,8.36,1833.0,1825.0,1719.0,1387.0,20.0,23.9,1818.0,True,True,True,5.29,12.27,False,3100.0,-37.7,6.8,False,60.0,79.0,15,False,- · 박스 20주 · 폭 24% · 완전돌파 · 주가강도 60점,-
"Castle Biosciences, Inc. - Common stoc",CSTL,US,미분류,35.93,2026-07-31,40,7.32,4.95,28.75,27.5,27.13,22.24,5.0,22.0,40.88,False,True,True,24.97,32.44,False,107.69,-66.6,18.9,False,75.0,70.0,15,False,- · 박스 5주 · 폭 22% · 완전돌파 · 주가강도 75점,-
"CNO Financial Group, Inc. Common Stock",CNO,US,미분류,53.64,2026-07-31,40,7.66,1.75,57.59,54.83,54.09,42.35,15.0,27.7,54.09,True,True,False,-6.86,-0.83,False,57.59,-6.9,6.9,False,55.0,62.0,15,False,- · 박스 15주 · 폭 28% · 완전돌파 · 주가강도 55점,-
TSE6701,6701.T,JP,미분류,4748.0,2026-07-30,40,7.59,2.55,4963.0,4795.0,4707.0,3657.0,21.0,28.7,5858.0,False,True,True,-4.33,0.87,False,6900.0,-31.2,23.3,False,39.0,62.0,15,False,- · 박스 21주 · 폭 29% · 완전돌파 · 주가강도 39점,-
Newell Brands Inc. - Common Stock,NWL,US,미분류,5.44,2026-07-31,40,28.4,3.93,6.6,5.5,6.2,4.93,5.0,25.8,6.2,True,False,False,-17.58,-12.26,False,55.45,-90.2,23.7,False,52.0,57.0,15,False,- · 박스 5주 · 폭 26% · 주가강도 52점,-
"Forum Energy Technologies, Inc. Common",FET,US,미분류,82.99,2026-07-31,40,19.42,2.29,61.42,56.29,59.61,46.51,11.0,28.2,65.43,False,False,True,35.12,39.22,False,740.6,-88.8,5.1,False,94.0,51.0,15,False,- · 박스 11주 · 폭 28% · 주가강도 상위 6% (최상위권),-
"Merit Medical Systems, Inc. - Common S",MMSI,US,미분류,87.0,2026-07-31,40,5.15,2.74,87.64,82.77,83.91,68.27,5.0,22.9,84.04,True,False,True,-0.73,3.68,False,111.45,-21.9,8.2,False,50.0,49.0,15,False,- · 박스 5주 · 폭 23% · 주가강도 50점,-
Perella Weinberg Partners - Class A Co,PWP,US,미분류,14.64,2026-07-31,40,32.19,2.65,19.71,16.27,17.57,14.11,8.0,24.5,25.92,False,False,False,-25.72,-16.68,False,27.03,-45.8,43.5,False,10.0,49.0,15,False,- · 박스 8주 · 폭 24% · 주가강도 10점,-
KINGSOFT CLOUD,3896.HK,HK,미분류,4.84,2026-08-04,40,5.78,3.39,6.41,6.22,6.35,4.75,4.0,33.7,9.75,False,False,False,-24.41,-23.7,False,11.4,-57.5,50.3,False,7.0,49.0,15,False,- · 박스 4주 · 폭 34% · 주가강도 7점,-
用友网络,600588.SS,CN,미분류,9.25,2026-08-03,40,2.8,4.4,11.39,11.1,11.22,8.73,8.0,28.5,16.49,False,False,False,-18.79,-17.56,False,54.35,-83.0,51.3,False,9.0,48.0,15,False,- · 박스 8주 · 폭 28% · 주가강도 9점,-
TFS Financial Corporation - Common Sto,TFSL,US,미분류,16.45,2026-07-31,40,3.1,2.58,18.61,18.33,18.53,14.45,15.0,28.2,18.53,True,False,False,-11.61,-11.23,False,22.54,-27.0,15.6,False,40.0,47.0,15,False,- · 박스 15주 · 폭 28% · 주가강도 40점,-
"Ryan Specialty Holdings, Inc. Class A ",RYAN,US,미분류,38.12,2026-07-31,40,6.6,1.55,47.0,44.13,46.82,38.52,4.0,21.5,49.46,False,False,False,-18.89,-18.58,False,77.16,-50.6,35.6,False,17.0,46.0,15,False,- · 박스 4주 · 폭 22% · 주가강도 17점,-
NMI Holdings Inc - Common Stock,NMIH,US,미분류,40.97,2026-07-31,40,4.17,1.5,45.25,43.56,44.74,34.84,40.0,28.4,44.74,True,False,False,-9.46,-8.43,False,46.74,-12.3,12.3,False,30.0,45.0,15,False,- · 박스 40주 · 폭 28% · 주가강도 30점,-
"Axos Financial, Inc. Common Stock",AX,US,미분류,87.72,2026-07-31,40,3.99,1.55,102.41,98.21,102.18,78.71,34.0,29.8,102.18,True,False,False,-14.34,-14.15,False,105.74,-17.0,17.0,False,23.0,45.0,15,False,- · 박스 34주 · 폭 30% · 주가강도 23점,-
"SPS Commerce, Inc. - Common Stock",SPSC,US,미분류,81.01,2026-07-31,40,8.92,2.11,71.7,69.0,71.21,56.45,4.0,26.1,96.54,False,False,True,12.98,13.76,False,218.74,-63.0,29.5,False,52.0,44.0,15,False,- · 박스 4주 · 폭 26% · 주가강도 52점,-
Diamondrock Hospitality Company - Comm,DRH,US,미분류,12.64,2026-07-31,40,2.71,1.99,13.26,13.1,13.24,10.25,12.0,29.2,13.24,True,False,False,-4.68,-4.53,False,22.0,-42.5,8.3,False,62.0,42.0,15,False,- · 박스 12주 · 폭 29% · 주가강도 62점,-
TSE9759,9759.T,JP,미분류,2939.0,2026-07-30,40,2.2,1.94,2993.5,2933.0,2972.0,2378.0,22.0,25.0,3423.0,False,False,False,-1.82,-1.11,False,3670.0,-19.9,19.9,False,31.0,41.0,10,False,- · 박스 22주 · 폭 25% · 주가강도 31점,-
浙文互联,600986.SS,CN,미분류,6.98,2026-08-03,40,2.56,2.77,8.02,7.71,7.82,6.24,5.0,25.3,16.48,False,False,False,-12.97,-10.74,False,32.14,-78.3,57.6,False,14.0,39.0,15,False,- · 박스 5주 · 폭 25% · 주가강도 14점,-
TSE8218,8218.T,JP,미분류,3730.0,2026-07-29,41,8.82,7.27,3950.0,3880.0,3710.0,3040.0,40.0,22.0,3710.0,True,True,False,-5.57,0.54,False,5740.0,-35.0,11.0,False,35.0,85.0,15,False,- · 박스 40주 · 폭 22% · 완전돌파 · 주가강도 35점,-
Corcept Therapeutics Incorporated - Co,CORT,US,미분류,115.63,2026-07-30,41,20.49,4.17,112.0,104.75,97.63,77.38,6.0,26.2,97.63,True,True,True,3.24,18.44,False,126.38,-8.5,8.5,False,89.0,80.0,15,False,- · 박스 6주 · 폭 26% · 완전돌파 · 주가강도 상위 11%,-
Sanara MedTech Inc. - Common Stock,SMTI,US,미분류,35.1,2026-07-30,41,10.64,49.28,33.47,33.35,30.87,21.77,5.0,41.8,30.87,True,True,True,4.87,13.7,False,7800.0,-99.6,0.7,False,82.0,76.0,15,False,- · 박스 5주 · 폭 42% · 완전돌파 · 주가강도 상위 18%,-
TSE2767,2767.T,JP,미분류,2489.0,2026-07-29,41,13.47,8.47,2190.0,2190.0,1930.0,1363.0,4.0,41.6,1930.0,True,True,True,13.65,28.96,False,4350.0,-42.8,7.0,False,82.0,76.0,15,False,- · 박스 4주 · 폭 42% · 완전돌파 · 주가강도 상위 18%,-
TSE7309,7309.T,JP,미분류,17690.0,2026-07-29,41,5.71,3.29,20175.0,19955.0,19605.0,15320.0,32.0,28.0,19605.0,True,True,False,-12.32,-9.77,False,35550.0,-50.2,17.8,False,35.0,70.0,15,False,- · 박스 32주 · 폭 28% · 완전돌파 · 주가강도 35점,-
"MarketAxess Holdings, Inc. - Common St",MKTX,US,미분류,163.94,2026-07-30,41,29.76,13.74,163.15,162.3,136.06,108.75,9.0,25.1,195.97,False,True,True,0.48,20.49,False,606.45,-73.0,16.3,False,45.0,68.0,15,False,- · 박스 9주 · 폭 25% · 완전돌파 · 주가강도 45점,-
ANGELALIGN,6699.HK,HK,미분류,84.15,2026-08-03,41,8.2,6.51,86.45,85.35,84.4,65.05,10.0,29.7,94.9,False,True,False,-2.66,-0.3,False,490.0,-82.8,15.8,False,58.0,68.0,15,False,- · 박스 10주 · 폭 30% · 완전돌파 · 주가강도 58점,-
Columbus McKinnon Corporation - Common,CMCO,US,미분류,16.37,2026-07-30,41,36.59,3.76,19.97,18.8,16.73,11.99,19.0,39.5,24.4,False,True,False,-18.03,-2.15,False,57.06,-71.3,32.9,False,37.0,67.0,15,False,- · 박스 19주 · 폭 40% · 완전돌파 · 주가강도 37점,-
Baxter International Inc. Common Stock,BAX,US,미분류,23.49,2026-07-30,41,17.36,3.5,29.07,26.05,24.93,19.36,7.0,28.8,24.93,True,True,False,-19.2,-5.78,False,95.19,-75.3,21.7,False,53.0,67.0,15,False,- · 박스 7주 · 폭 29% · 완전돌파 · 주가강도 53점,-
Lincoln National Corporation Common St,LNC,US,미분류,40.88,2026-07-30,41,6.08,3.24,43.95,43.11,43.06,33.22,18.0,29.6,43.06,True,True,False,-6.99,-5.06,False,86.68,-52.8,14.2,False,38.0,67.0,15,False,- · 박스 18주 · 폭 30% · 완전돌파 · 주가강도 38점,-
Banco Bilbao Vizcaya Argentaria S.A. C,BBVA,US,미분류,28.8,2026-07-30,41,6.31,2.13,27.28,27.17,26.59,20.7,16.0,28.5,26.59,True,True,True,5.57,8.31,False,29.64,-2.8,2.8,False,64.0,66.0,15,False,- · 박스 16주 · 폭 28% · 완전돌파 · 주가강도 64점,-
TAL Education Group American Depositar,TAL,US,미분류,11.89,2026-07-30,41,14.51,3.03,12.47,11.48,11.06,8.88,10.0,24.5,13.23,False,True,True,-4.65,7.5,False,90.96,-86.9,11.1,False,46.0,63.0,15,False,- · 박스 10주 · 폭 24% · 완전돌파 · 주가강도 46점,-
Hippo Holdings Inc. Common Stock,HIPO,US,미분류,30.85,2026-07-30,41,7.27,2.28,32.0,31.62,31.0,24.08,25.0,28.7,31.24,True,True,False,-3.59,-0.48,False,376.25,-91.8,20.3,False,33.0,61.0,15,False,- · 박스 25주 · 폭 29% · 완전돌파 · 주가강도 33점,-
엔젤로보틱스,455900.KQ,KR,미분류,21200.0,2026-07-30,41,18.64,9.95,24500.0,17510.0,21100.0,14860.0,4.0,42.0,43950.0,False,False,True,-13.47,0.47,False,77700.0,-72.7,51.8,False,15.0,58.0,15,False,- · 박스 4주 · 폭 42% · 주가강도 15점,-
CF PHARMTECH,2652.HK,HK,미분류,6.99,2026-08-03,41,9.71,4.75,21.8,16.16,21.2,14.82,7.0,43.0,39.5,False,False,False,-67.96,-67.05,False,48.8,-85.7,85.7,True,,58.0,15,False,- · 박스 7주 · 폭 43%,-
"InterDigital, Inc. - Common Stock",IDCC,US,미분류,327.14,2026-07-30,41,17.93,1.92,307.97,283.08,301.84,249.14,12.0,21.2,387.3,False,False,True,6.22,8.38,False,412.6,-20.7,20.7,False,37.0,54.0,15,False,- · 박스 12주 · 폭 21% · 주가강도 37점,-
TSE4324,4324.T,JP,미분류,3521.0,2026-07-29,41,2.98,1.96,3730.0,3671.0,3622.0,2812.5,15.0,28.8,3622.0,True,True,False,-5.6,-2.79,False,7290.0,-51.7,9.1,False,46.0,52.0,1,True,- · 박스 15주 · 폭 29% · 완전돌파 · 주가강도 46점,-
Willis Towers Watson Public Limited Co,WTW,US,미분류,292.11,2026-07-30,41,7.38,1.77,339.26,323.09,321.23,248.54,10.0,29.2,344.99,False,True,False,-13.9,-9.07,False,352.79,-17.2,17.2,False,27.0,50.0,15,False,- · 박스 10주 · 폭 29% · 완전돌파 · 주가강도 27점,-
"Procore Technologies, Inc. Common Stoc",PCOR,US,미분류,49.06,2026-07-30,41,11.64,2.64,56.0,50.0,50.59,41.03,4.0,23.3,64.09,False,False,False,-12.39,-3.02,False,108.75,-54.9,40.4,False,18.0,49.0,15,False,- · 박스 4주 · 폭 23% · 주가강도 18점,-
New Oriental Education & Technology Gr,EDU,US,미분류,55.87,2026-07-30,41,2.87,4.15,60.26,55.07,58.77,45.92,4.0,28.0,64.97,False,False,False,-7.29,-4.93,False,199.74,-72.0,14.0,False,42.0,48.0,15,False,- · 박스 4주 · 폭 28% · 주가강도 42점,-
Glaukos Corporation Common Stock,GKOS,US,미분류,158.56,2026-07-30,41,11.48,2.43,180.22,165.77,166.0,133.02,5.0,24.8,166.0,True,False,False,-12.02,-4.48,False,191.62,-17.3,17.3,False,76.0,48.0,15,False,- · 박스 5주 · 폭 25% · 주가강도 76점,-
"Five9, Inc. - Common Stock",FIVN,US,미분류,34.66,2026-07-30,41,3.7,2.2,28.17,27.17,28.05,20.76,4.0,35.1,28.05,True,False,True,23.04,23.59,False,211.68,-83.6,13.4,False,91.0,45.0,15,False,- · 박스 4주 · 폭 35% · 주가강도 상위 9% (최상위권),-
"Provident Financial Services, Inc Comm",PFS,US,미분류,22.53,2026-07-30,41,2.41,1.79,24.65,24.5,24.56,19.12,33.0,28.5,24.56,True,False,False,-8.6,-8.27,False,29.12,-22.6,11.6,False,34.0,45.0,15,False,- · 박스 33주 · 폭 28% · 주가강도 34점,-
TSE4432,4432.T,JP,미분류,3295.0,2026-07-29,41,2.13,1.53,3120.0,3090.0,3090.0,2216.0,23.0,39.4,3615.0,False,False,True,5.61,6.63,False,4225.0,-22.0,13.5,False,54.0,41.0,1,True,- · 박스 23주 · 폭 39% · 주가강도 54점,-
Vericel Corporation - Common Stock,VCEL,US,미분류,40.24,2026-07-30,41,4.89,1.61,48.9,46.31,48.75,38.15,6.0,27.8,48.75,True,False,False,-17.71,-17.46,False,1590.0,-97.5,18.4,False,42.0,38.0,15,False,- · 박스 6주 · 폭 28% · 주가강도 42점,-
Cinemark Holdings Inc Cinemark Holding,CNK,US,미분류,38.38,2026-07-30,41,4.61,1.81,36.5,34.52,35.5,28.5,8.0,24.6,35.5,True,False,True,5.15,8.11,False,45.68,-16.0,1.8,False,71.0,38.0,15,False,- · 박스 8주 · 폭 25% · 주가강도 71점,-
"Everforth, Inc. Common Stock",EFOR,US,미분류,32.83,2026-07-30,41,3.16,1.72,24.15,23.99,24.02,16.9,13.0,42.1,54.94,False,False,True,35.94,36.68,False,131.89,-75.1,40.2,False,51.0,38.0,15,False,- · 박스 13주 · 폭 42% · 주가강도 51점,-
Jones Lang LaSalle Incorporated Common,JLL,US,미분류,314.1,2026-07-30,41,2.94,1.87,350.0,347.78,349.81,276.03,13.0,26.7,363.06,False,False,False,-10.26,-10.21,False,393.84,-20.2,20.2,False,29.0,38.0,15,False,- · 박스 13주 · 폭 27% · 주가강도 29점,-
TSE9889,9889.T,JP,미분류,1699.0,2026-07-29,41,2.29,2.23,1610.0,1581.0,1592.0,1229.0,4.0,29.5,1688.0,False,False,True,5.53,6.72,False,1818.0,-6.5,6.5,False,63.0,38.0,15,False,- · 박스 4주 · 폭 30% · 주가강도 63점,-
"Tetra Tech, Inc. - Common Stock",TTEK,US,미분류,33.89,2026-07-30,41,3.49,2.02,34.96,32.04,34.72,26.71,9.0,30.0,43.14,False,False,False,-3.06,-2.39,False,51.2,-33.8,21.4,False,40.0,34.0,15,False,- · 박스 9주 · 폭 30% · 주가강도 40점,-
"Q2 Holdings, Inc. Common Stock",QTWO,US,미분류,55.1,2026-07-30,41,2.18,2.44,61.74,58.87,61.7,49.37,4.0,25.0,66.67,False,False,False,-10.75,-10.7,False,148.56,-62.9,27.7,False,26.0,34.0,15,False,- · 박스 4주 · 폭 25% · 주가강도 26점,-
"Clean Harbors, Inc. Common Stock",CLH,US,미분류,313.26,2026-07-29,42,8.99,3.08,330.97,320.54,316.98,252.35,27.0,25.6,316.98,True,True,False,-5.35,-1.17,False,335.94,-6.8,6.8,False,51.0,78.0,15,False,- · 박스 27주 · 폭 26% · 완전돌파 · 주가강도 51점,-
"Avantor, Inc. Common Stock",AVTR,US,미분류,15.29,2026-07-29,42,16.67,4.25,14.49,13.63,12.47,9.73,4.0,28.2,12.47,True,True,True,5.52,22.66,False,44.37,-65.5,4.7,False,84.0,76.0,15,False,- · 박스 4주 · 폭 28% · 완전돌파 · 주가강도 상위 16%,-
"Manhattan Associates, Inc. - Common St",MANH,US,미분류,201.88,2026-07-29,42,15.95,4.36,195.0,190.83,170.89,135.65,4.0,26.0,179.77,True,True,True,3.53,18.13,False,312.6,-35.4,11.1,False,66.0,72.0,15,False,- · 박스 4주 · 폭 26% · 완전돌파 · 주가강도 66점,-
The Cheesecake Factory Incorporated - ,CAKE,US,미분류,105.16,2026-07-29,42,4.42,4.04,92.94,92.53,89.22,72.71,6.0,22.7,89.22,True,True,True,13.15,17.87,False,118.46,-11.2,11.2,False,90.0,69.0,15,False,- · 박스 6주 · 폭 23% · 완전돌파 · 주가강도 상위 10% (최상위권),-
Huron Consulting Group Inc. - Common S,HURN,US,미분류,157.62,2026-07-29,42,10.48,5.13,134.09,130.74,125.68,89.75,5.0,40.0,176.1,False,True,True,17.55,25.41,False,186.78,-15.6,15.6,False,69.0,68.0,15,False,- · 박스 5주 · 폭 40% · 완전돌파 · 주가강도 69점,-
"Lithia Motors, Inc. Common Stock",LAD,US,미분류,303.07,2026-07-29,42,5.2,5.84,376.94,374.47,361.24,283.36,8.0,27.5,361.24,True,True,False,-19.6,-16.1,False,439.49,-31.0,31.0,False,31.0,68.0,15,False,- · 박스 8주 · 폭 28% · 완전돌파 · 주가강도 31점,-
Stepan Company Common Stock,SCL,US,미분류,63.92,2026-07-29,42,8.1,3.38,62.71,60.99,60.24,48.33,17.0,24.6,68.0,False,True,True,1.93,6.11,False,139.3,-54.1,6.0,False,61.0,67.0,15,False,- · 박스 17주 · 폭 25% · 완전돌파 · 주가강도 61점,-
"Option Care Health, Inc. - Common Stoc",OPCH,US,미분류,22.9,2026-07-29,42,6.45,1.95,23.93,23.21,22.83,19.34,12.0,18.0,36.48,False,True,True,-4.3,0.31,False,91.8,-75.1,37.8,False,16.0,60.0,15,False,- · 박스 12주 · 폭 18% · 완전돌파 · 주가강도 16점,-
利尔化学,002258.SZ,CN,미분류,13.83,2026-07-30,42,9.99,1.54,16.18,15.38,15.24,11.78,17.0,29.4,18.05,False,True,False,-14.52,-9.25,False,26.71,-48.2,23.4,False,30.0,58.0,15,False,- · 박스 17주 · 폭 29% · 완전돌파 · 주가강도 30점,-
Greif Inc. Class A Common Stock,GEF,US,미분류,81.62,2026-07-29,42,3.8,2.52,86.53,83.54,83.39,67.46,6.0,23.6,83.39,True,True,False,-5.67,-2.12,False,90.57,-9.9,9.9,False,53.0,57.0,15,False,- · 박스 6주 · 폭 24% · 완전돌파 · 주가강도 53점,-
First Commonwealth Financial Corporati,FCF,US,미분류,20.57,2026-07-29,42,2.15,2.08,21.83,21.71,21.41,17.14,17.0,24.9,21.41,True,True,False,-5.77,-3.92,False,22.34,-7.9,7.9,False,43.0,56.0,15,False,- · 박스 17주 · 폭 25% · 완전돌파 · 주가강도 43점,-
Ashland Inc. Common Stock,ASH,US,미분류,68.07,2026-07-29,42,7.34,2.9,73.0,69.75,72.25,62.11,6.0,16.3,72.25,True,False,False,-6.75,-5.79,False,114.36,-40.5,13.0,False,52.0,55.0,15,False,- · 박스 6주 · 폭 16% · 주가강도 52점,-
IDEX Corporation Common Stock,IEX,US,미분류,231.15,2026-07-29,42,5.47,2.3,236.94,226.14,231.7,179.61,28.0,29.0,231.7,True,False,False,-2.44,-0.24,False,246.36,-6.2,5.2,False,54.0,55.0,15,False,- · 박스 28주 · 폭 29% · 주가강도 54점,-
Zurn Elkay Water Solutions Corporation,ZWS,US,미분류,46.73,2026-07-29,42,10.4,2.23,54.44,50.74,53.76,43.06,40.0,24.8,53.76,True,False,False,-14.16,-13.08,False,55.0,-15.0,15.0,False,24.0,55.0,15,False,- · 박스 40주 · 폭 25% · 주가강도 24점,-
"Highwoods Properties, Inc. Common Stoc",HIW,US,미분류,29.41,2026-07-29,42,4.01,2.1,34.99,34.24,34.03,28.02,7.0,21.4,34.03,True,True,False,-15.95,-13.58,False,56.23,-47.7,17.0,False,39.0,54.0,15,False,- · 박스 7주 · 폭 21% · 완전돌파 · 주가강도 39점,-
Extra Space Storage Inc Common Stock,EXR,US,미분류,131.68,2026-07-29,42,2.25,2.39,155.63,152.3,155.19,125.71,40.0,23.5,155.19,True,False,False,-15.39,-15.15,False,228.84,-42.5,17.1,False,22.0,45.0,15,False,- · 박스 40주 · 폭 24% · 주가강도 22점,-
"Blackbaud, Inc. - Common Stock",BLKB,US,미분류,42.36,2026-07-29,42,2.89,2.11,36.97,36.61,36.53,25.58,10.0,42.8,56.57,False,True,True,14.58,15.96,False,120.35,-64.8,40.1,False,35.0,44.0,15,False,- · 박스 10주 · 폭 43% · 완전돌파 · 주가강도 35점,-
Ford Motor Company Common Stock,F,US,미분류,12.38,2026-07-29,42,4.08,1.6,15.57,15.16,15.48,13.22,7.0,17.1,17.78,False,False,False,-20.49,-20.03,False,37.3,-66.8,30.4,False,23.0,40.0,15,False,- · 박스 7주 · 폭 17% · 주가강도 23점,-
TSE3697,3697.T,JP,미분류,842.2,2026-07-28,42,3.02,2.41,908.8,882.3,890.9,631.0,4.0,41.2,890.9,True,False,False,-7.33,-5.47,False,2406.0,-65.0,40.9,False,36.0,38.0,15,False,- · 박스 4주 · 폭 41% · 주가강도 36점,-
Cognizant Technology Solutions Corpora,CTSH,US,미분류,56.75,2026-07-29,42,3.98,1.6,52.31,51.23,52.13,37.08,6.0,40.6,85.65,False,False,True,8.49,8.86,False,93.47,-39.3,34.8,False,37.0,34.0,15,False,- · 박스 6주 · 폭 41% · 주가강도 37점,-
Envista Holdings Corporation Common St,NVST,US,미분류,23.73,2026-07-29,42,3.82,2.08,27.99,27.66,27.9,22.35,11.0,24.8,30.42,False,False,False,-15.22,-14.95,False,52.03,-54.4,22.0,False,29.0,34.0,15,False,- · 박스 11주 · 폭 25% · 주가강도 29점,-
"IQVIA Holdings, Inc. Common Stock",IQV,US,미분류,270.97,2026-07-28,43,10.21,3.31,235.0,232.5,217.05,188.92,4.0,14.9,244.16,False,True,True,15.31,24.84,False,285.61,-5.1,2.3,False,76.0,77.0,15,False,- · 박스 4주 · 폭 15% · 완전돌파 · 주가강도 76점,-
"Kiniksa Pharmaceuticals International,",KNSA,US,미분류,76.1,2026-07-28,43,10.27,3.87,70.06,67.35,67.53,55.69,5.0,21.3,67.53,True,False,True,8.62,12.69,False,82.94,-8.2,8.2,False,85.0,71.0,15,False,- · 박스 5주 · 폭 21% · 주가강도 상위 15%,-
Firy Inc. Class A Common Stock,FIRY,US,미분류,12.51,2026-07-28,43,67.05,77.76,13.97,9.2,10.74,7.65,8.0,40.4,20.0,False,False,True,-10.42,16.48,False,925.96,-98.6,37.4,False,97.0,65.0,15,False,- · 박스 8주 · 폭 40% · 주가강도 상위 3% (최상위권),-
Coca-Cola Company (The) Common Stock,KO,US,미분류,87.18,2026-07-28,43,5.03,1.95,88.3,86.25,85.68,66.0,40.0,29.8,85.68,True,True,True,-1.27,1.75,False,92.49,-5.7,5.7,False,50.0,65.0,15,False,- · 박스 40주 · 폭 30% · 완전돌파 · 주가강도 50점,-
Park National Corporation Common Stock,PRK,US,미분류,181.5,2026-07-28,43,4.41,3.8,197.7,196.71,192.77,149.06,40.0,29.3,192.77,True,True,False,-8.19,-5.85,False,215.0,-15.6,15.6,False,37.0,64.0,15,False,- · 박스 40주 · 폭 29% · 완전돌파 · 주가강도 37점,-
NEW ORIENTAL-S,9901.HK,HK,미분류,43.34,2026-07-30,43,14.68,3.72,45.78,43.52,44.46,34.26,13.0,29.8,51.05,False,False,False,-5.33,-2.52,False,158.8,-72.7,15.1,False,37.0,57.0,15,False,- · 박스 13주 · 폭 30% · 주가강도 37점,-
Fortrea Holdings Inc. - Common Stock,FTRE,US,미분류,20.06,2026-07-28,43,5.47,2.44,20.25,19.89,20.19,16.55,4.0,22.0,20.19,True,False,False,-0.94,-0.64,False,41.02,-51.1,6.2,False,86.0,54.0,15,False,- · 박스 4주 · 폭 22% · 주가강도 상위 14%,-
"Northwest Bancshares, Inc. - Common St",NWBI,US,미분류,15.12,2026-07-28,43,2.99,1.56,15.87,15.73,15.72,12.3,17.0,27.8,15.72,True,True,False,-4.73,-3.82,False,19.1,-20.8,6.4,False,44.0,52.0,15,False,- · 박스 17주 · 폭 28% · 완전돌파 · 주가강도 44점,-
"Franklin Electric Co., Inc. - Common S",FELE,US,미분류,97.58,2026-07-28,43,6.12,2.25,111.88,109.65,111.53,89.54,40.0,24.6,111.53,True,False,False,-12.78,-12.51,False,115.82,-15.7,15.7,False,25.0,51.0,15,False,- · 박스 40주 · 폭 25% · 주가강도 25점,-
岩山科技,002195.SZ,CN,미분류,5.95,2026-07-29,43,2.93,3.16,7.03,6.56,6.83,5.68,4.0,20.2,11.17,False,False,False,-15.36,-12.88,False,14.4,-58.7,54.9,False,8.0,49.0,15,False,- · 박스 4주 · 폭 20% · 주가강도 8점,-
Polaris Inc. Common Stock,PII,US,미분류,52.3,2026-07-28,43,2.52,2.13,76.58,70.71,75.92,58.81,12.0,29.1,75.92,True,False,False,-31.71,-31.11,False,159.33,-67.2,32.9,False,10.0,42.0,15,False,- · 박스 12주 · 폭 29% · 주가강도 10점,-
TSE3498,3498.T,JP,미분류,7520.0,2026-07-27,43,5.19,1.82,7300.0,7160.0,7230.0,5650.0,6.0,28.0,8580.0,False,False,True,3.01,4.01,False,10880.0,-30.9,30.9,False,32.0,40.0,15,False,- · 박스 6주 · 폭 28% · 주가강도 32점,-
Oshkosh Corporation (Holding Company)C,OSK,US,미분류,132.79,2026-07-28,43,3.26,2.76,160.0,148.24,158.2,122.47,9.0,29.2,180.49,False,False,False,-17.01,-16.06,False,180.49,-26.4,26.4,False,20.0,39.0,15,False,- · 박스 9주 · 폭 29% · 주가강도 20점,-
Asbury Automotive Group Inc Common Sto,ABG,US,미분류,179.68,2026-07-28,43,3.69,2.35,235.0,226.12,231.79,178.5,9.0,29.9,244.89,False,False,False,-23.54,-22.48,False,312.56,-42.5,30.6,False,10.0,34.0,15,False,- · 박스 9주 · 폭 30% · 주가강도 10점,-
JD LOGISTICS,2618.HK,HK,미분류,10.09,2026-07-30,43,2.53,2.03,15.0,14.65,14.68,11.37,10.0,29.1,16.76,False,False,False,-32.73,-31.27,False,48.15,-79.0,39.8,False,7.0,34.0,15,False,- · 박스 10주 · 폭 29% · 주가강도 7점,-
EASTROC,9980.HK,HK,미분류,94.2,2026-07-30,43,2.24,2.06,128.0,123.4,126.3,100.1,6.0,26.2,227.69,False,False,False,-26.41,-25.42,False,227.69,-58.6,58.6,True,,34.0,15,False,- · 박스 6주 · 폭 26%,-
TSE1518,1518.T,JP,미분류,2220.0,2026-07-24,44,12.6,18.51,2199.0,2185.0,1953.0,1367.0,9.0,42.9,1953.0,True,True,True,0.95,13.67,False,2403.0,-7.6,7.6,False,84.0,80.0,15,False,- · 박스 9주 · 폭 43% · 완전돌파 · 주가강도 상위 16%,-
TSE8541,8541.T,JP,미분류,3630.0,2026-07-24,44,3.99,12.53,2608.0,2540.0,2510.0,1972.0,4.0,27.3,2510.0,True,True,True,39.19,44.62,False,3735.0,-2.8,2.8,False,97.0,77.0,15,False,- · 박스 4주 · 폭 27% · 완전돌파 · 주가강도 상위 3% (최상위권),-
TSE4733,4733.T,JP,미분류,8015.0,2026-07-24,44,4.28,3.68,7315.0,7257.0,7183.0,5557.0,23.0,29.3,8300.0,False,True,True,9.57,11.58,False,9379.0,-14.5,14.5,False,47.0,60.0,1,True,- · 박스 23주 · 폭 29% · 완전돌파 · 주가강도 47점,-
顺钠股份,000533.SZ,CN,미분류,10.02,2026-07-28,44,9.99,6.31,11.56,10.2,10.51,7.26,4.0,44.8,21.84,False,False,False,-13.32,-4.66,False,21.84,-54.1,54.1,False,38.0,58.0,15,False,- · 박스 4주 · 폭 45% · 주가강도 38점,-
长城军工,601606.SS,CN,미분류,31.09,2026-07-28,44,6.35,6.35,37.5,33.0,35.26,25.0,8.0,41.0,50.0,False,False,False,-17.09,-11.83,False,77.07,-59.7,47.3,False,10.0,54.0,15,False,- · 박스 8주 · 폭 41% · 주가강도 10점,-
Sensient Technologies Corporation Comm,SXT,US,미분류,128.88,2026-07-27,44,2.3,1.52,129.7,124.42,128.41,107.54,12.0,19.4,129.35,True,False,True,-0.63,0.37,False,138.82,-7.2,7.2,False,61.0,52.0,15,False,- · 박스 12주 · 폭 19% · 주가강도 61점,-
Omeros Corporation - Common Stock,OMER,US,미분류,19.43,2026-07-27,44,14.91,1.7,11.25,10.5,10.7,7.39,4.0,44.8,15.32,False,False,True,72.71,81.59,False,30.23,-35.7,8.5,False,97.0,51.0,15,False,- · 박스 4주 · 폭 45% · 주가강도 상위 3% (최상위권),-
"Dyne Therapeutics, Inc. - Common Stock",DYN,US,미분류,16.34,2026-07-27,44,2.29,1.52,25.0,24.59,24.87,19.14,5.0,29.9,24.87,True,False,False,-34.64,-34.3,False,47.45,-65.6,40.2,False,15.0,38.0,15,False,- · 박스 5주 · 폭 30% · 주가강도 15점,-
"Safety Insurance Group, Inc. - Common ",SAFT,US,미분류,103.57,2026-07-24,45,41.23,13.96,103.01,102.87,81.49,67.04,40.0,21.6,81.49,True,True,True,0.54,27.1,False,103.96,-0.4,0.3,False,73.0,93.0,15,False,- · 박스 40주 · 폭 22% · 완전돌파 · 주가강도 73점,-
TSE4052,4052.T,JP,미분류,999.0,2026-07-23,45,10.26,39.05,344.0,283.0,315.0,221.0,15.0,42.5,376.0,False,False,True,190.41,217.14,False,5410.0,-81.5,38.3,False,99.0,69.0,6,False,- · 박스 15주 · 폭 42% · 주가강도 상위 1% (최상위권),-
Tenet Healthcare Corporation Common St,THC,US,미분류,257.93,2026-07-24,45,18.08,3.39,235.01,229.37,210.41,171.45,5.0,22.7,247.21,False,True,True,9.75,22.58,False,283.05,-8.9,8.9,False,68.0,67.0,15,False,- · 박스 5주 · 폭 23% · 완전돌파 · 주가강도 68점,-
TSE3091,3091.T,JP,미분류,2809.0,2026-07-23,45,4.17,5.85,2498.0,2333.0,2459.0,1897.5,23.0,29.6,2459.0,True,False,True,12.45,14.23,False,2931.0,-4.2,4.2,False,67.0,63.0,15,False,- · 박스 23주 · 폭 30% · 주가강도 67점,-
World Kinect Corporation Common Stock,WKC,US,미분류,35.22,2026-07-24,45,10.28,4.35,40.0,37.81,37.88,30.61,6.0,23.8,37.88,True,False,False,-11.95,-7.02,False,58.5,-39.8,14.5,False,65.0,62.0,15,False,- · 박스 6주 · 폭 24% · 주가강도 65점,-
OCI홀딩스,010060.KS,KR,미분류,218500.0,2026-07-24,45,4.66,4.02,258500.0,239000.0,252000.0,175200.0,4.0,43.8,414000.0,False,False,False,-15.47,-13.29,False,605154.06,-63.9,47.2,False,79.0,48.0,15,False,- · 박스 4주 · 폭 44% · 주가강도 79점,-
Tompkins Financial Corporation Common ,TMP,US,미분류,97.71,2026-07-24,45,4.89,2.19,97.18,94.47,97.12,75.22,17.0,29.1,97.12,True,False,True,0.55,0.61,False,102.59,-4.8,4.8,False,56.0,46.0,15,False,- · 박스 17주 · 폭 29% · 주가강도 56점,-
Gentherm Inc - Common Stock,THRM,US,미분류,33.61,2026-07-24,45,2.21,2.7,46.62,42.43,45.96,33.04,8.0,39.1,45.96,True,False,False,-27.91,-26.87,False,99.0,-66.1,30.5,False,29.0,43.0,15,False,- · 박스 8주 · 폭 39% · 주가강도 29점,-
NovoCure Limited - Ordinary Shares,NVCR,US,미분류,15.83,2026-07-24,45,3.45,2.29,20.68,17.6,20.55,14.63,4.0,40.5,20.55,True,False,False,-23.45,-22.97,False,232.76,-93.2,26.2,False,55.0,38.0,15,False,- · 박스 4주 · 폭 40% · 주가강도 55점,-
Quest Diagnostics Incorporated Common ,DGX,US,미분류,237.62,2026-07-23,46,8.7,4.33,228.09,220.0,219.2,171.18,40.0,28.1,219.2,True,True,True,4.18,8.4,False,248.84,-4.5,4.5,False,55.0,83.0,15,False,- · 박스 40주 · 폭 28% · 완전돌파 · 주가강도 55점,-
Thermo Fisher Scientific Inc Common St,TMO,US,미분류,678.6,2026-07-23,46,8.97,2.5,573.68,568.84,544.45,435.27,22.0,25.1,643.99,False,True,True,18.29,24.64,False,682.98,-0.6,0.6,False,70.0,74.0,15,False,- · 박스 22주 · 폭 25% · 완전돌파 · 주가강도 70점,-
"Medpace Holdings, Inc. - Common Stock",MEDP,US,미분류,615.94,2026-07-23,46,22.51,3.77,647.0,592.65,567.91,445.01,6.0,27.6,624.0,True,True,True,-4.8,8.46,False,677.9,-9.1,9.1,False,54.0,71.0,15,False,- · 박스 6주 · 폭 28% · 완전돌파 · 주가강도 54점,-
汉森制药,002412.SZ,CN,미분류,8.82,2026-07-24,46,10.03,7.5,8.12,6.99,7.44,5.32,20.0,39.8,8.6,False,False,True,8.62,18.55,False,23.82,-63.0,38.0,False,73.0,65.0,15,False,- · 박스 20주 · 폭 40% · 주가강도 73점,-
Allegion plc Ordinary Shares,ALLE,US,미분류,155.38,2026-07-23,46,8.3,3.51,151.57,148.72,150.79,125.0,19.0,20.6,183.11,False,False,True,2.51,3.04,False,183.11,-15.1,15.1,False,31.0,63.0,15,False,- · 박스 19주 · 폭 21% · 주가강도 31점,-
"Oceaneering International, Inc. Common",OII,US,미분류,45.84,2026-07-23,46,4.93,2.55,47.22,46.49,45.91,32.75,21.0,40.2,45.91,True,True,False,-2.92,-0.15,False,87.64,-47.7,15.5,False,78.0,60.0,15,False,- · 박스 21주 · 폭 40% · 완전돌파 · 주가강도 78점,-
케이엔에스,432470.KQ,KR,미분류,10250.0,2026-07-23,46,11.12,11.65,9890.0,8010.0,8900.0,6410.0,4.0,38.8,20400.0,False,False,True,3.64,15.17,False,123700.0,-91.7,49.8,False,32.0,58.0,15,False,- · 박스 4주 · 폭 39% · 주가강도 32점,-
Norfolk Southern Corporation Common St,NSC,US,미분류,313.05,2026-07-23,46,3.64,2.43,343.0,343.0,342.53,277.8,40.0,23.3,342.53,True,True,False,-8.73,-8.61,False,358.6,-12.7,12.7,False,33.0,55.0,15,False,- · 박스 40주 · 폭 23% · 완전돌파 · 주가강도 33점,-
에스피지,058610.KQ,KR,미분류,97800.0,2026-07-23,46,9.32,2.95,90300.0,81200.0,85800.0,61000.0,4.0,40.7,165700.0,False,False,True,8.31,13.99,False,165700.0,-41.0,41.0,False,84.0,53.0,15,False,- · 박스 4주 · 폭 41% · 주가강도 상위 16%,-
Union Pacific Corporation Common Stock,UNP,US,미분류,274.1,2026-07-23,46,5.93,2.57,309.9,302.82,303.15,238.13,16.0,27.3,303.15,True,False,False,-11.55,-9.58,False,315.99,-13.3,13.3,False,41.0,53.0,15,False,- · 박스 16주 · 폭 27% · 주가강도 41점,-
中曼石油,603619.SS,CN,미분류,20.76,2026-07-24,46,8.73,3.87,25.52,22.68,24.92,17.64,6.0,41.3,48.18,False,False,False,-18.65,-16.69,False,52.38,-60.4,56.9,False,22.0,53.0,15,False,- · 박스 6주 · 폭 41% · 주가강도 22점,-
CSX Corporation - Common Stock,CSX,US,미분류,46.76,2026-07-23,46,4.07,2.3,51.96,51.62,51.29,40.82,15.0,25.6,51.29,True,True,False,-10.01,-8.83,False,53.6,-12.8,12.8,False,49.0,52.0,15,False,- · 박스 15주 · 폭 26% · 완전돌파 · 주가강도 49점,-
"West Pharmaceutical Services, Inc. Com",WST,US,미분류,375.65,2026-07-23,46,7.42,2.4,385.0,351.18,367.66,290.41,12.0,26.6,367.66,True,False,True,-2.43,2.17,False,475.35,-21.0,2.7,False,64.0,48.0,15,False,- · 박스 12주 · 폭 27% · 주가강도 64점,-
SEI Investments Company - Common Stock,SEIC,US,미분류,104.82,2026-07-23,46,3.58,1.98,102.29,95.4,100.79,79.68,13.0,26.5,100.79,True,False,True,2.47,4.0,False,112.15,-6.5,6.5,False,59.0,46.0,15,False,- · 박스 13주 · 폭 26% · 주가강도 59점,-
TSE9274,9274.T,JP,미분류,1117.0,2026-07-22,46,2.8,2.33,1103.0,1087.0,1100.0,883.0,15.0,24.6,1100.0,True,False,True,1.27,1.55,False,1192.0,-6.3,6.3,False,60.0,46.0,10,False,- · 박스 15주 · 폭 25% · 주가강도 60점,-
新中港,605162.SS,CN,미분류,11.77,2026-07-24,46,2.37,3.62,8.65,8.05,8.45,6.66,4.0,26.9,15.48,False,False,True,36.07,39.29,False,18.73,-37.2,24.0,False,71.0,43.0,15,False,- · 박스 4주 · 폭 27% · 주가강도 71점,-
TSE6237,6237.T,JP,미분류,4055.0,2026-07-22,46,2.95,1.88,4885.0,4745.0,4785.0,3435.0,4.0,39.3,4785.0,True,False,False,-16.99,-15.26,False,6030.0,-32.8,32.8,False,72.0,38.0,15,False,- · 박스 4주 · 폭 39% · 주가강도 72점,-
"Patterson-UTI Energy, Inc. - Common St",PTEN,US,미분류,10.85,2026-07-23,46,2.61,1.55,11.0,10.33,10.87,8.5,5.0,27.9,13.08,False,False,False,-1.36,-0.18,False,38.49,-71.8,19.0,False,76.0,34.0,15,False,- · 박스 5주 · 폭 28% · 주가강도 76점,-
CHINA EB LTD,0165.HK,HK,미분류,6.32,2026-07-27,46,2.91,2.17,6.36,5.68,6.34,5.13,8.0,23.6,10.69,False,False,False,-0.63,-0.32,False,37.7,-83.2,52.3,False,19.0,34.0,15,False,- · 박스 8주 · 폭 24% · 주가강도 19점,-
中国海油,600938.SS,CN,미분류,33.36,2026-07-24,46,2.06,1.76,33.67,31.81,33.3,26.4,5.0,26.1,44.54,False,False,True,-0.92,0.18,False,44.54,-25.1,25.1,False,48.0,34.0,15,False,- · 박스 5주 · 폭 26% · 주가강도 48점,-
"Penske Automotive Group, Inc. Common S",PAG,US,미분류,207.22,2026-07-22,47,10.15,8.75,215.0,212.78,207.22,162.2,8.0,27.8,207.22,True,True,False,-3.62,0.0,False,227.0,-8.7,8.7,False,58.0,76.0,15,False,- · 박스 8주 · 폭 28% · 완전돌파 · 주가강도 58점,-
이랜시스,264850.KQ,KR,미분류,5550.0,2026-07-22,47,21.57,3.04,5720.0,4860.0,4810.0,3525.0,4.0,36.5,9530.0,False,True,True,-2.97,15.38,False,9530.0,-41.8,41.8,False,36.0,63.0,15,False,- · 박스 4주 · 폭 36% · 완전돌파 · 주가강도 36점,-
TSE4911,4911.T,JP,미분류,3374.0,2026-07-21,47,3.59,1.51,3170.0,3152.0,3104.0,2451.0,9.0,26.6,3535.0,False,True,True,6.44,8.7,False,9250.0,-63.5,11.7,False,66.0,44.0,15,False,- · 박스 9주 · 폭 27% · 완전돌파 · 주가강도 66점,-
First BanCorp. New Common Stock,FBP,US,미분류,26.76,2026-07-22,47,2.21,1.86,28.25,27.43,27.89,22.33,14.0,24.9,27.89,True,False,False,-5.27,-4.05,False,491.17,-94.6,10.4,False,49.0,42.0,15,False,- · 박스 14주 · 폭 25% · 주가강도 49점,-
TSE1407,1407.T,JP,미분류,2173.0,2026-07-21,47,2.33,1.92,2901.0,2673.0,2878.0,2134.0,7.0,34.9,3270.0,False,False,False,-25.09,-24.5,False,6940.0,-68.7,33.5,False,49.0,34.0,15,False,- · 박스 7주 · 폭 35% · 주가강도 49점,-
Utz Brands Inc Class A Common Stock ,UTZ,US,미분류,14.25,2026-07-21,48,88.99,31.24,14.08,14.05,8.75,6.78,19.0,29.1,11.3,True,True,True,1.21,62.86,False,30.09,-52.6,0.6,False,86.0,80.0,15,False,- · 박스 19주 · 폭 29% · 완전돌파 · 주가강도 상위 14%,-
TSE3946,3946.T,JP,미분류,4395.0,2026-07-17,48,2.47,9.85,4350.0,4230.0,4285.0,3355.0,14.0,27.7,4285.0,True,False,True,1.03,2.57,False,4820.0,-8.8,8.8,False,56.0,60.0,6,False,- · 박스 14주 · 폭 28% · 주가강도 56점,-
TSE7581,7581.T,JP,미분류,6400.0,2026-07-17,48,4.42,13.71,7080.0,6960.0,7050.0,4955.0,19.0,42.3,7220.0,False,False,False,-9.6,-9.22,False,8420.0,-24.0,24.0,False,47.0,52.0,15,False,- · 박스 19주 · 폭 42% · 주가강도 47점,-
"Washington Trust Bancorp, Inc. - Commo",WASH,US,미분류,38.49,2026-07-21,48,3.94,2.77,37.75,37.32,37.5,29.43,26.0,27.4,37.5,True,False,True,1.96,2.64,False,63.25,-39.1,5.1,False,51.0,50.0,15,False,- · 박스 26주 · 폭 27% · 주가강도 51점,-
"Crown Holdings, Inc.",CCK,US,미분류,107.47,2026-07-21,48,4.29,2.64,119.49,114.75,118.5,91.31,37.0,29.8,118.5,True,False,False,-10.06,-9.31,False,130.42,-17.6,12.6,False,32.0,50.0,15,False,- · 박스 37주 · 폭 30% · 주가강도 32점,-
OFG Bancorp Common Stock,OFG,US,미분류,51.2,2026-07-21,48,3.28,1.55,51.64,51.0,51.42,39.75,16.0,29.4,51.42,True,False,False,-0.85,-0.43,False,54.47,-6.0,6.0,False,48.0,46.0,15,False,- · 박스 16주 · 폭 29% · 주가강도 48점,-
Forward Air Corporation - Common Stock,FWRD,US,미분류,15.27,2026-07-21,48,14.77,1.79,15.15,14.67,15.0,11.75,5.0,27.7,31.18,False,False,True,0.79,1.8,False,125.71,-87.9,51.0,False,13.0,44.0,15,False,- · 박스 5주 · 폭 28% · 주가강도 13점,-
LXP Industrial Trust Common Stock (Mar,LXP,US,미분류,60.91,2026-07-20,49,3.86,6.75,60.77,60.53,59.0,48.51,14.0,21.6,59.0,True,True,True,0.23,3.24,False,112.07,-45.7,1.1,False,57.0,72.0,15,False,- · 박스 14주 · 폭 22% · 완전돌파 · 주가강도 57점,-
Advanced Biomed Inc. - Common Stock,ADVB,US,미분류,6.73,2026-07-20,49,33.4,636.49,6.71,6.21,5.92,4.11,4.0,44.0,7.7,False,True,True,0.3,13.68,False,82.0,-91.8,72.2,True,56.0,68.0,15,False,- · 박스 4주 · 폭 44% · 완전돌파 · 주가강도 56점,-
立新能源,001258.SZ,CN,미분류,10.12,2026-07-21,49,10.0,4.16,10.01,9.55,9.1,6.37,5.0,42.9,12.33,False,True,True,1.1,11.21,False,19.19,-47.3,40.0,False,71.0,68.0,15,False,- · 박스 5주 · 폭 43% · 완전돌파 · 주가강도 71점,-
TSE5574,5574.T,JP,미분류,3035.0,2026-07-16,49,13.02,9.2,2656.0,2360.0,2616.0,2041.0,8.0,28.2,3335.0,False,False,True,14.27,16.02,False,10300.0,-70.5,15.7,False,54.0,58.0,15,False,- · 박스 8주 · 폭 28% · 주가강도 54점,-
Domino's Pizza Inc - Common Stock,DPZ,US,미분류,292.27,2026-07-20,49,6.38,3.13,342.75,324.0,342.7,282.0,11.0,21.5,419.82,False,False,False,-14.73,-14.72,False,567.57,-48.5,33.9,False,9.0,55.0,15,False,- · 박스 11주 · 폭 22% · 주가강도 9점,-
LINGBAO GOLD,3330.HK,HK,미분류,19.68,2026-07-22,49,6.24,2.56,17.7,17.5,16.76,11.7,4.0,43.2,31.2,False,True,True,11.19,17.42,False,31.2,-36.9,36.9,False,41.0,55.0,15,False,- · 박스 4주 · 폭 43% · 완전돌파 · 주가강도 41점,-
WANGUO GOLD GP,3939.HK,HK,미분류,13.03,2026-07-22,49,4.35,1.82,10.55,10.34,10.18,7.26,4.0,40.2,18.69,False,True,True,23.51,28.0,False,18.69,-30.3,30.3,False,72.0,44.0,15,False,- · 박스 4주 · 폭 40% · 완전돌파 · 주가강도 72점,-
"Harley-Davidson, Inc. Common Stock",HOG,US,미분류,24.67,2026-07-20,49,3.42,1.98,27.49,26.96,27.22,21.04,14.0,29.4,27.22,True,False,False,-10.26,-9.37,False,75.87,-67.5,15.6,False,36.0,42.0,15,False,- · 박스 14주 · 폭 29% · 주가강도 36점,-
LEE & MAN PAPER,2314.HK,HK,미분류,3.37,2026-07-21,50,8.5,6.44,3.7,3.6,3.48,2.76,13.0,26.1,4.16,False,True,False,-9.05,-3.3,False,10.94,-69.2,26.0,False,41.0,72.0,15,False,- · 박스 13주 · 폭 26% · 완전돌파 · 주가강도 41점,-
TSE5246,5246.T,JP,미분류,830.0,2026-07-15,50,8.01,9.41,715.0,711.0,697.0,547.0,11.0,27.4,858.0,False,True,True,16.08,19.08,False,2313.0,-64.1,25.8,False,66.0,68.0,15,False,- · 박스 11주 · 폭 27% · 완전돌파 · 주가강도 66점,-
九安医疗,002432.SZ,CN,미분류,60.34,2026-07-20,50,10.0,3.49,87.12,71.55,79.2,55.04,6.0,43.9,94.94,False,False,False,-30.74,-23.81,False,99.12,-39.1,36.4,False,43.0,53.0,15,False,- · 박스 6주 · 폭 44% · 주가강도 43점,-
共进股份,603118.SS,CN,미분류,16.3,2026-07-20,50,10.03,2.97,16.45,13.47,14.98,10.7,8.0,40.0,17.7,False,False,True,-0.91,8.81,False,37.32,-56.3,20.8,False,69.0,49.0,15,False,- · 박스 8주 · 폭 40% · 주가강도 69점,-
"Distribution Solutions Group, Inc. - C",DSGR,US,미분류,35.0,2026-07-16,51,26.31,37.85,34.71,34.39,28.75,25.43,16.0,13.1,32.0,True,True,True,0.84,21.74,False,41.47,-15.6,0.2,False,62.0,86.0,15,False,- · 박스 16주 · 폭 13% · 완전돌파 · 주가강도 62점,-
"CareDx, Inc. - Common Stock",CDNA,US,미분류,64.6,2026-07-16,51,22.35,5.55,36.4,35.5,30.0,21.33,7.0,40.6,30.0,True,True,True,77.47,115.33,False,99.83,-35.3,1.4,False,99.0,79.0,15,False,- · 박스 7주 · 폭 41% · 완전돌파 · 주가강도 상위 1% (최상위권),-
ManpowerGroup Common Stock,MAN,US,미분류,57.02,2026-07-16,51,19.89,4.92,46.78,46.78,41.0,28.51,7.0,43.8,41.0,True,True,True,21.89,39.07,False,136.93,-58.4,10.7,False,91.0,79.0,15,False,- · 박스 7주 · 폭 44% · 완전돌파 · 주가강도 상위 9% (최상위권),-
TSE7085,7085.T,JP,미분류,882.0,2026-07-14,51,4.95,5.89,955.0,951.0,940.0,726.0,33.0,29.5,940.0,True,True,False,-7.64,-6.17,False,1072.0,-17.7,12.0,False,33.0,69.0,15,False,- · 박스 33주 · 폭 30% · 완전돌파 · 주가강도 33점,-
"Matson, Inc. Common Stock",MATX,US,미분류,223.45,2026-07-16,51,2.92,1.98,215.0,214.31,213.62,175.5,9.0,21.7,213.62,True,True,True,3.93,4.6,False,240.87,-7.2,7.2,False,83.0,62.0,15,False,- · 박스 9주 · 폭 22% · 완전돌파 · 주가강도 상위 17%,-
儒意电影,002739.SZ,CN,미분류,8.29,2026-07-17,51,6.49,5.88,10.99,10.02,10.6,7.55,18.0,40.4,13.87,False,False,False,-24.57,-21.79,False,92.93,-91.1,40.2,False,7.0,58.0,15,False,- · 박스 18주 · 폭 40% · 주가강도 7점,-
Robert Half Inc. Common Stock,RHI,US,미분류,36.76,2026-07-16,51,5.64,1.77,38.77,38.77,37.49,26.67,7.0,40.6,37.49,True,True,False,-5.18,-1.95,False,125.77,-70.8,21.3,False,60.0,54.0,15,False,- · 박스 7주 · 폭 41% · 완전돌파 · 주가강도 60점,-
TSE7453,7453.T,JP,미분류,4070.0,2026-07-14,51,8.27,2.5,4583.0,4278.0,4311.0,3378.0,7.0,27.6,4311.0,True,False,False,-11.19,-5.59,False,4625.0,-12.0,12.0,False,57.0,53.0,15,False,- · 박스 7주 · 폭 28% · 주가강도 57점,-
珍宝岛,603567.SS,CN,미분류,5.2,2026-07-17,51,4.01,3.78,5.7,5.56,5.48,4.21,4.0,30.2,9.95,False,True,False,-8.77,-5.11,False,60.15,-91.4,58.1,False,6.0,53.0,15,False,- · 박스 4주 · 폭 30% · 완전돌파 · 주가강도 6점,-
"J.B. Hunt Transport Services, Inc. - C",JBHT,US,미분류,226.07,2026-07-16,51,7.14,2.48,296.0,286.75,294.98,231.48,12.0,27.4,294.98,True,False,False,-23.62,-23.36,False,299.76,-24.6,24.6,False,40.0,48.0,15,False,- · 박스 12주 · 폭 27% · 주가강도 40점,-
UnitedHealth Group Incorporated Common,UNH,US,미분류,377.83,2026-07-16,51,7.38,2.02,449.39,420.37,434.3,348.95,11.0,24.5,434.3,True,False,False,-15.92,-13.0,False,630.73,-40.1,18.2,False,41.0,44.0,15,False,- · 박스 11주 · 폭 24% · 주가강도 41점,-
TSE4443,4443.T,JP,미분류,1981.0,2026-07-14,51,4.25,3.93,1767.0,1741.0,1760.0,1363.0,5.0,29.1,2007.0,False,False,True,12.11,12.56,False,3642.5,-45.6,15.9,False,65.0,43.0,15,False,- · 박스 5주 · 폭 29% · 주가강도 65점,-
"Citizens Financial Group, Inc. Common ",CFG,US,미분류,64.8,2026-07-16,51,3.77,2.15,73.8,72.33,72.94,56.32,16.0,29.5,72.94,True,False,False,-12.2,-11.16,False,75.33,-14.0,14.0,False,34.0,42.0,15,False,- · 박스 16주 · 폭 30% · 주가강도 34점,-
"PayPal Holdings, Inc. - Common Stock",PYPL,US,미분류,54.28,2026-07-15,52,15.78,5.71,54.85,53.44,51.87,40.2,11.0,29.0,57.86,False,True,True,-1.03,4.65,False,310.16,-82.5,31.5,False,39.0,68.0,15,False,- · 박스 11주 · 폭 29% · 완전돌파 · 주가강도 39점,-
TSE6814,6814.T,JP,미분류,7490.0,2026-07-13,52,10.95,3.2,7090.0,7090.0,6980.0,5470.0,9.0,27.6,8900.0,False,True,True,5.64,7.31,False,10020.0,-25.2,25.2,False,56.0,63.0,15,False,- · 박스 9주 · 폭 28% · 완전돌파 · 주가강도 56점,-
TSE6136,6136.T,JP,미분류,3600.0,2026-07-13,52,11.12,2.45,4197.0,4035.0,4123.0,3395.0,4.0,21.4,4123.0,True,False,False,-14.22,-12.68,False,4223.0,-14.8,14.8,False,70.0,54.0,15,False,- · 박스 4주 · 폭 21% · 주가강도 70점,-
Alibaba Group Holding Limited American,BABA,US,미분류,108.76,2026-07-15,52,4.52,1.54,117.4,117.15,115.58,91.99,4.0,25.6,181.1,False,True,False,-7.36,-5.9,False,319.32,-65.9,43.6,False,15.0,44.0,15,False,- · 박스 4주 · 폭 26% · 완전돌파 · 주가강도 15점,-
巨人网络,002558.SZ,CN,미분류,22.12,2026-07-16,52,2.6,2.7,30.33,29.66,30.18,23.44,8.0,28.8,53.35,False,False,False,-27.07,-26.71,False,78.23,-71.7,58.5,False,3.0,39.0,15,False,- · 박스 8주 · 폭 29% · 주가강도 3점,-
宏桥控股,002379.SZ,CN,미분류,16.3,2026-07-15,53,3.49,3.52,18.1,17.62,17.51,13.61,4.0,28.7,33.44,False,True,False,-9.94,-6.91,False,33.44,-51.3,51.3,False,15.0,53.0,15,False,- · 박스 4주 · 폭 29% · 완전돌파 · 주가강도 15점,-
通富微电,002156.SZ,CN,미분류,60.36,2026-07-15,53,8.0,1.74,84.1,75.8,79.38,61.74,4.0,28.6,79.38,True,False,False,-28.23,-23.96,False,84.7,-28.7,28.7,False,70.0,48.0,15,False,- · 박스 4주 · 폭 29% · 주가강도 70점,-
BABA-W,9988.HK,HK,미분류,106.2,2026-07-16,53,2.47,1.51,116.2,116.0,115.1,88.65,4.0,29.8,174.2,False,True,False,-8.61,-7.73,False,309.4,-65.7,43.0,False,16.0,44.0,15,False,- · 박스 4주 · 폭 30% · 완전돌파 · 주가강도 16점,-
MICROPORT,0853.HK,HK,미분류,6.07,2026-07-16,53,5.91,2.33,7.35,7.04,7.21,5.83,5.0,23.7,14.16,False,False,False,-17.35,-15.74,False,72.85,-91.7,62.7,False,3.0,40.0,15,False,- · 박스 5주 · 폭 24% · 주가강도 3점,-
Agenus Inc. - Common Stock,AGEN,US,미분류,9.43,2026-07-13,54,61.79,218.81,5.42,4.91,3.63,2.85,8.0,27.4,5.08,True,True,True,73.99,159.78,False,7065.75,-99.9,2.9,False,98.0,79.0,15,False,- · 박스 8주 · 폭 27% · 완전돌파 · 주가강도 상위 2% (최상위권),-
Q32 Bio Inc. - Common Stock,QTTB,US,미분류,9.23,2026-07-13,54,63.34,30.81,18.31,17.28,15.02,10.55,5.0,42.4,15.02,True,True,False,-49.59,-38.55,False,572.4,-98.4,60.8,False,96.0,79.0,15,False,- · 박스 5주 · 폭 42% · 완전돌파 · 주가강도 상위 4% (최상위권),-
TriCo Bancshares - Common Stock,TCBK,US,미분류,51.89,2026-07-13,54,4.62,21.97,56.12,56.12,55.32,43.08,35.0,28.4,55.32,True,True,False,-7.54,-6.2,False,61.71,-15.9,15.9,False,34.0,69.0,15,False,- · 박스 35주 · 폭 28% · 완전돌파 · 주가강도 34점,-
JOINN,6127.HK,HK,미분류,26.64,2026-07-15,54,12.61,14.93,25.0,23.16,22.2,15.5,9.0,43.2,27.16,False,True,True,6.56,20.0,False,70.41,-62.2,11.1,False,66.0,68.0,15,False,- · 박스 9주 · 폭 43% · 완전돌파 · 주가강도 66점,-
TSE4732,4732.T,JP,미분류,1787.5,2026-07-09,54,7.03,1.56,2131.5,1990.0,2003.5,1623.5,40.0,23.4,2003.5,True,False,False,-16.14,-10.78,False,2131.5,-16.1,16.1,False,25.0,51.0,1,True,- · 박스 40주 · 폭 23% · 주가강도 25점,-
TSE3391,3391.T,JP,미분류,2088.0,2026-07-09,54,3.9,3.13,2384.0,2310.0,2314.5,1889.0,12.0,22.5,2993.0,False,False,False,-12.42,-9.79,False,3356.0,-37.8,30.2,False,13.0,47.0,15,False,- · 박스 12주 · 폭 22% · 주가강도 13점,-
"Resideo Technologies, Inc. Common Stoc",REZI,US,미분류,18.22,2026-07-13,54,2.8,1.67,24.28,23.41,23.69,18.59,8.0,27.4,29.89,False,False,False,-24.96,-23.08,False,31.52,-42.2,42.2,False,6.0,34.0,15,False,- · 박스 8주 · 폭 27% · 주가강도 6점,-
WD-40 Company - Common Stock,WDFC,US,미분류,203.9,2026-07-10,55,22.0,7.47,292.09,261.49,252.53,196.35,5.0,28.6,253.24,True,True,False,-30.19,-19.26,False,333.42,-38.8,31.8,False,19.0,72.0,15,False,- · 박스 5주 · 폭 29% · 완전돌파 · 주가강도 19점,-
哈药股份,600664.SS,CN,미분류,7.14,2026-07-13,55,4.15,3.05,3.51,3.45,3.42,2.84,7.0,20.4,4.88,False,True,True,103.42,108.77,False,16.33,-56.3,27.6,False,95.0,66.0,15,False,- · 박스 7주 · 폭 20% · 완전돌파 · 주가강도 상위 5% (최상위권),-
KB Financial Group Inc,KB,US,미분류,127.17,2026-07-10,55,5.57,2.0,121.8,121.8,119.71,94.72,21.0,26.4,119.71,True,True,True,4.41,6.23,False,133.29,-4.6,4.6,False,71.0,65.0,15,False,- · 박스 21주 · 폭 26% · 완전돌파 · 주가강도 71점,-
TSE5243,5243.T,JP,미분류,3335.0,2026-07-08,55,4.51,11.55,2319.0,2155.0,2311.0,1604.0,7.0,44.1,3405.0,False,False,True,43.81,44.31,False,3405.0,-2.1,2.1,False,94.0,63.0,15,False,- · 박스 7주 · 폭 44% · 주가강도 상위 6% (최상위권),-
TSE6469,6469.T,JP,미분류,2914.0,2026-07-08,55,18.28,2.28,3235.0,3235.0,2803.0,2275.0,5.0,23.2,5090.0,False,True,False,-9.92,3.96,False,5090.0,-42.8,42.8,False,55.0,54.0,15,False,- · 박스 5주 · 폭 23% · 완전돌파 · 주가강도 55점,-
ChipMOS TECHNOLOGIES INC. - American D,IMOS,US,미분류,71.58,2026-07-10,55,2.85,2.4,76.49,75.11,76.36,55.03,6.0,38.8,76.36,True,False,False,-6.42,-6.26,False,78.35,-8.6,8.6,False,95.0,49.0,15,False,- · 박스 6주 · 폭 39% · 주가강도 상위 5% (최상위권),-
九丰能源,605090.SS,CN,미분류,30.33,2026-07-13,55,10.01,2.67,41.78,41.14,41.48,32.71,7.0,26.8,55.33,False,False,False,-27.41,-26.88,False,55.33,-45.2,45.2,False,9.0,49.0,15,False,- · 박스 7주 · 폭 27% · 주가강도 9점,-
CCC Intelligent Solutions Holdings Inc,CCC,US,미분류,6.62,2026-07-10,55,10.59,1.53,5.95,5.65,5.86,4.08,12.0,43.6,8.68,False,False,True,11.26,12.97,False,16.11,-58.9,30.6,False,33.0,48.0,15,False,- · 박스 12주 · 폭 44% · 주가강도 33점,-
Ultrapar Participacoes S.A. (New) Amer,UGP,US,미분류,7.13,2026-07-10,55,2.93,1.59,5.98,5.93,5.87,4.62,7.0,27.1,6.2,False,True,True,19.23,21.47,False,13.97,-49.0,8.4,False,85.0,48.0,15,False,- · 박스 7주 · 폭 27% · 완전돌파 · 주가강도 상위 15%,-
TSE9449,9449.T,JP,미분류,3911.0,2026-07-08,55,3.67,2.29,3810.0,3741.0,3720.0,2901.0,13.0,28.2,4118.0,False,True,True,2.65,5.13,False,4390.0,-10.9,10.9,False,47.0,48.0,10,False,- · 박스 13주 · 폭 28% · 완전돌파 · 주가강도 47점,-
昭衍新药,603127.SS,CN,미분류,44.82,2026-07-13,55,2.08,2.05,44.12,42.75,43.58,30.4,14.0,43.4,45.95,False,False,True,1.59,2.85,False,92.87,-51.7,19.5,False,54.0,38.0,15,False,- · 박스 14주 · 폭 43% · 주가강도 54점,-
"Penguin Solutions, Inc. - Common Stock",PENG,US,미분류,54.98,2026-07-09,56,5.26,2.63,82.6,80.96,80.0,56.61,5.0,41.3,80.0,True,True,False,-33.44,-31.28,False,89.86,-38.8,38.8,False,94.0,66.0,15,False,- · 박스 5주 · 폭 41% · 완전돌파 · 주가강도 상위 6% (최상위권),-
"Alnylam Pharmaceuticals, Inc. - Common",ALNY,US,미분류,255.36,2026-07-09,56,17.0,5.09,378.49,311.1,350.5,273.11,21.0,28.3,427.05,False,False,False,-32.53,-27.14,False,495.55,-48.5,48.5,False,4.0,65.0,15,False,- · 박스 21주 · 폭 28% · 주가강도 4점,-
"BridgeBio Pharma, Inc. - Common Stock",BBIO,US,미분류,66.61,2026-07-09,56,7.24,5.76,84.0,84.0,79.25,62.5,9.0,26.8,84.94,False,True,False,-20.7,-15.95,False,93.42,-28.7,28.7,False,26.0,64.0,15,False,- · 박스 9주 · 폭 27% · 완전돌파 · 주가강도 26점,-
한미사이언스,008930.KS,KR,미분류,51300.0,2026-07-08,56,10.9,6.0,35100.0,31650.0,33200.0,25600.0,5.0,29.7,55500.0,False,False,True,46.15,54.52,False,177366.47,-71.1,15.9,False,80.0,62.0,15,False,- · 박스 5주 · 폭 30% · 주가강도 상위 20%,-
TSE5831,5831.T,JP,미분류,3609.0,2026-07-07,56,3.05,1.77,3443.0,3357.0,3344.0,2603.5,13.0,28.4,3344.0,True,True,True,4.82,7.92,False,3712.0,-2.8,2.8,False,75.0,60.0,15,False,- · 박스 13주 · 폭 28% · 완전돌파 · 주가강도 75점,-
The Simply Good Foods Company - Common,SMPL,US,미분류,9.6,2026-07-09,56,17.06,3.04,15.03,12.28,13.86,10.89,11.0,27.3,22.0,False,False,False,-36.13,-30.74,False,45.77,-79.0,62.6,False,2.0,53.0,15,False,- · 박스 11주 · 폭 27% · 주가강도 2점,-
木林森,002745.SZ,CN,미분류,11.87,2026-07-10,56,7.39,2.36,13.66,12.76,13.15,9.14,9.0,43.9,13.15,True,False,False,-13.1,-9.73,False,39.38,-69.9,15.1,False,53.0,44.0,15,False,- · 박스 9주 · 폭 44% · 주가강도 53점,-
TSE6284,6284.T,JP,미분류,8450.0,2026-07-06,57,9.77,2.67,10110.0,9830.0,9790.0,7920.0,12.0,23.6,9790.0,True,True,False,-16.42,-13.69,False,10280.0,-17.8,17.8,False,41.0,67.0,15,False,- · 박스 12주 · 폭 24% · 완전돌파 · 주가강도 41점,-
浪潮信息,000977.SZ,CN,미분류,67.18,2026-07-09,57,6.18,2.76,83.0,82.03,79.49,55.36,36.0,43.6,79.49,True,True,False,-19.06,-15.49,False,96.37,-30.3,30.3,False,39.0,66.0,15,False,- · 박스 36주 · 폭 44% · 완전돌파 · 주가강도 39점,-
"Beazer Homes USA, Inc. Common Stock",BZH,US,미분류,33.36,2026-07-08,57,14.15,2.8,31.3,30.78,29.8,23.98,6.0,24.3,29.8,True,True,True,6.58,11.95,False,410.7,-91.9,3.4,False,77.0,63.0,15,False,- · 박스 6주 · 폭 24% · 완전돌파 · 주가강도 77점,-
S-Oil,010950.KS,KR,미분류,160100.0,2026-07-07,57,2.57,2.4,119900.0,118000.0,116900.0,90400.0,6.0,29.3,177100.0,False,True,True,33.53,36.95,False,177100.0,-9.6,9.6,False,92.0,55.0,15,False,- · 박스 6주 · 폭 29% · 완전돌파 · 주가강도 상위 8% (최상위권),-
TSE6356,6356.T,JP,미분류,1367.0,2026-07-06,57,6.25,1.58,1750.0,1708.0,1682.0,1329.0,5.0,26.6,2287.0,False,True,False,-21.89,-18.73,False,2287.0,-40.2,40.2,False,57.0,50.0,15,False,- · 박스 5주 · 폭 27% · 완전돌파 · 주가강도 57점,-
TSE5724,5724.T,JP,미분류,2970.0,2026-07-06,57,3.51,2.66,2775.0,2740.0,2724.0,2180.0,5.0,25.0,5500.0,False,True,True,7.03,9.03,False,5500.0,-46.0,46.0,False,74.0,49.0,15,False,- · 박스 5주 · 폭 25% · 완전돌파 · 주가강도 74점,-
MAOYAN ENT,1896.HK,HK,미분류,3.96,2026-07-10,57,2.32,5.17,5.73,5.32,5.65,4.38,4.0,29.0,7.92,False,False,False,-30.89,-29.91,False,19.3,-79.5,54.1,False,3.0,48.0,15,False,- · 박스 4주 · 폭 29% · 주가강도 3점,-
TSE4894,4894.T,JP,미분류,6640.0,2026-07-06,57,3.87,1.78,4835.0,4780.0,4655.0,3610.0,4.0,28.9,12400.0,False,True,True,37.33,42.64,False,12400.0,-46.5,46.5,False,55.0,44.0,15,False,- · 박스 4주 · 폭 29% · 완전돌파 · 주가강도 55점,-
视源股份,002841.SZ,CN,미분류,44.48,2026-07-08,58,5.62,4.89,45.5,45.18,44.86,31.53,40.0,42.3,43.25,True,True,False,-2.24,-0.85,False,149.81,-70.3,20.5,False,58.0,75.0,15,False,- · 박스 40주 · 폭 42% · 완전돌파 · 주가강도 58점,-
"Agios Pharmaceuticals, Inc. - Common S",AGIO,US,미분류,33.42,2026-07-07,58,5.32,2.62,39.38,39.38,38.38,26.89,4.0,42.7,38.38,True,True,False,-15.13,-12.92,False,138.85,-75.9,27.3,False,27.0,59.0,15,False,- · 박스 4주 · 폭 43% · 완전돌파 · 주가강도 27점,-
瑞芯微,603893.SS,CN,미분류,212.94,2026-07-08,58,4.87,3.31,200.0,197.11,193.99,158.18,5.0,22.6,213.89,False,True,True,6.47,9.77,False,249.99,-14.8,9.2,False,56.0,53.0,15,False,- · 박스 5주 · 폭 23% · 완전돌파 · 주가강도 56점,-
紫光股份,000938.SZ,CN,미분류,31.53,2026-07-08,58,9.59,2.46,34.5,33.32,34.49,23.85,16.0,44.6,34.49,True,False,False,-8.61,-8.58,False,50.84,-38.0,31.2,False,50.0,52.0,15,False,- · 박스 16주 · 폭 45% · 주가강도 50점,-
"AvePoint, Inc. - Class A Common Stock",AVPT,US,미분류,13.67,2026-07-07,58,3.94,1.66,12.52,12.38,12.06,9.38,11.0,28.5,14.09,False,True,True,9.19,13.4,False,20.25,-32.5,12.3,False,48.0,44.0,15,False,- · 박스 11주 · 폭 28% · 완전돌파 · 주가강도 48점,-
TSE7806,7806.T,JP,미분류,8040.0,2026-07-03,58,4.71,1.55,8230.0,7960.0,8000.0,6650.0,5.0,20.3,8000.0,True,False,True,-2.31,0.5,False,9400.0,-14.5,14.5,False,74.0,44.0,15,False,- · 박스 5주 · 폭 20% · 주가강도 74점,-
LB Pharmaceuticals Inc - Common Stock,LBRX,US,미분류,37.89,2026-07-07,58,2.72,1.76,34.32,33.17,34.29,27.37,4.0,25.3,34.29,True,False,True,10.4,10.5,False,50.16,-24.5,24.5,True,87.0,42.0,15,False,- · 박스 4주 · 폭 25% · 주가강도 상위 13%,-
TSE9201,9201.T,JP,미분류,3071.0,2026-07-02,59,3.36,2.03,2950.0,2946.0,2876.5,2406.5,16.0,19.5,3272.0,False,True,True,4.1,6.76,False,4940.0,-37.8,6.1,False,35.0,54.0,10,False,- · 박스 16주 · 폭 20% · 완전돌파 · 주가강도 35점,-
TSE6532,6532.T,JP,미분류,7667.0,2026-07-02,59,7.35,1.66,6750.0,6545.0,6404.0,4943.0,10.0,29.6,7222.0,False,True,True,13.59,19.72,False,9075.0,-15.5,15.5,False,61.0,50.0,15,False,- · 박스 10주 · 폭 30% · 완전돌파 · 주가강도 61점,-
Geo Group Inc (The) REIT,GEO,US,미분류,30.22,2026-07-06,59,6.18,1.73,32.12,29.17,30.68,23.73,4.0,29.3,30.68,True,False,False,-5.92,-1.5,False,36.46,-17.1,8.8,False,77.0,44.0,15,False,- · 박스 4주 · 폭 29% · 주가강도 77점,-
"CoreCivic, Inc. Common Stock",CXW,US,미분류,31.69,2026-07-06,59,4.09,2.26,32.3,29.58,31.66,21.85,4.0,44.9,31.66,True,False,True,-1.89,0.09,False,148.75,-78.7,13.3,False,72.0,38.0,15,False,- · 박스 4주 · 폭 45% · 주가강도 72점,-
한국콜마,161890.KS,KR,미분류,153700.0,2026-07-02,60,2.06,4.76,109000.0,107800.0,107000.0,74000.0,12.0,44.6,107000.0,True,True,True,41.01,43.64,False,165900.0,-7.4,7.4,False,93.0,77.0,15,False,- · 박스 12주 · 폭 45% · 완전돌파 · 주가강도 상위 7% (최상위권),-
TSE8173,8173.T,JP,미분류,4365.0,2026-07-01,60,6.87,3.07,4200.0,4065.0,4010.0,3100.0,4.0,29.4,4010.0,True,True,True,3.93,8.85,False,4640.0,-5.9,5.9,False,74.0,67.0,15,False,- · 박스 4주 · 폭 29% · 완전돌파 · 주가강도 74점,-
雷赛智能,002979.SZ,CN,미분류,51.76,2026-07-06,60,7.84,3.35,75.0,72.5,69.55,49.32,7.0,41.0,69.55,True,True,False,-30.99,-25.58,False,76.51,-32.3,32.3,False,41.0,63.0,15,False,- · 박스 7주 · 폭 41% · 완전돌파 · 주가강도 41점,-
TSE6925,6925.T,JP,미분류,4082.0,2026-07-01,60,12.48,2.01,5048.0,4817.0,4890.0,3771.0,5.0,29.7,4890.0,True,False,False,-19.14,-16.52,False,5164.0,-21.0,21.0,False,70.0,48.0,15,False,- · 박스 5주 · 폭 30% · 주가강도 70점,-
国泰海通,601211.SS,CN,미분류,16.65,2026-07-06,60,5.83,1.71,20.5,19.17,19.58,16.07,4.0,21.8,22.35,False,False,False,-18.78,-14.96,False,37.3,-55.4,25.5,False,12.0,46.0,15,False,- · 박스 4주 · 폭 22% · 주가강도 12점,-
Lindsay Corporation Common Stock,LNN,US,미분류,113.9,2026-07-02,60,6.84,2.0,129.35,116.28,125.59,97.27,14.0,29.1,148.0,False,False,False,-11.94,-9.31,False,183.08,-37.8,23.0,False,17.0,44.0,15,False,- · 박스 14주 · 폭 29% · 주가강도 17점,-
双环传动,002472.SZ,CN,미분류,38.7,2026-07-06,60,3.28,2.97,48.55,46.63,47.01,36.3,11.0,29.5,49.47,False,False,False,-20.29,-17.68,False,53.5,-27.7,27.7,False,21.0,39.0,15,False,- · 박스 11주 · 폭 30% · 주가강도 21점,-
"Guardant Health, Inc. - Common Stock",GH,US,미분류,177.33,2026-07-01,61,7.15,2.54,160.76,156.16,153.95,122.76,4.0,25.4,153.95,True,True,True,10.31,15.19,False,183.51,-3.4,3.4,False,92.0,70.0,15,False,- · 박스 4주 · 폭 25% · 완전돌파 · 주가강도 상위 8% (최상위권),-
TSE3989,3989.T,JP,미분류,1546.0,2026-06-30,61,15.72,15.78,1325.0,1311.0,1195.0,946.0,8.0,26.3,1335.0,False,True,True,16.68,29.37,False,2753.0,-43.8,5.0,False,68.0,68.0,6,False,- · 박스 8주 · 폭 26% · 완전돌파 · 주가강도 68점,-
艾艾精工,603580.SS,CN,미분류,75.5,2026-07-03,61,2.23,4.06,28.0,27.7,27.39,21.36,7.0,28.2,28.09,False,True,True,169.64,175.65,False,88.55,-14.7,14.7,False,99.0,65.0,15,False,- · 박스 7주 · 폭 28% · 완전돌파 · 주가강도 상위 1% (최상위권),-
"Aclaris Therapeutics, Inc. - Common St",ACRS,US,미분류,5.43,2026-07-01,61,6.71,1.53,5.64,5.24,5.35,3.85,11.0,39.0,5.35,True,False,True,-3.81,1.5,False,33.88,-84.0,17.7,False,87.0,48.0,15,False,- · 박스 11주 · 폭 39% · 주가강도 상위 13%,-
Klarna Group plc Ordinary Shares,KLAR,US,미분류,12.41,2026-07-01,61,8.65,1.93,21.99,20.25,20.58,14.83,6.0,38.8,33.1,False,False,False,-43.57,-39.7,False,47.48,-73.9,72.3,True,2.0,44.0,15,False,- · 박스 6주 · 폭 39% · 주가강도 2점,-
GTHT,2611.HK,HK,미분류,14.71,2026-07-06,61,6.3,1.81,16.21,15.01,15.76,12.73,16.0,23.8,18.53,False,False,False,-9.25,-6.66,False,21.35,-31.1,20.6,False,22.0,44.0,15,False,- · 박스 16주 · 폭 24% · 주가강도 22점,-
Regal Rexnord Corporation Common Stock,RRX,US,미분류,156.48,2026-07-01,61,4.03,1.84,247.8,225.0,239.0,190.79,5.0,25.3,239.0,True,False,False,-36.85,-34.53,False,247.8,-36.9,36.9,False,12.0,38.0,15,False,- · 박스 5주 · 폭 25% · 주가강도 12점,-
永太科技,002326.SZ,CN,미분류,16.16,2026-07-02,62,3.73,4.33,26.99,26.63,26.38,20.59,8.0,28.1,30.54,False,True,False,-40.13,-38.74,False,80.37,-79.9,51.0,False,3.0,58.0,15,False,- · 박스 8주 · 폭 28% · 완전돌파 · 주가강도 3점,-
TSE5463,5463.T,JP,미분류,1670.5,2026-06-29,62,14.04,3.24,1950.0,1813.0,1909.5,1551.5,6.0,23.1,1939.0,True,False,False,-14.33,-12.52,False,1987.0,-15.9,15.9,False,37.0,57.0,15,False,- · 박스 6주 · 폭 23% · 주가강도 37점,-
安洁科技,002635.SZ,CN,미분류,14.76,2026-07-02,62,5.51,3.36,23.74,21.08,22.5,15.74,10.0,42.9,22.5,True,False,False,-37.83,-34.4,False,44.41,-66.8,40.3,False,17.0,53.0,15,False,- · 박스 10주 · 폭 43% · 주가강도 17점,-
"Fortune Brands Innovations, Inc. Commo",FBIN,US,미분류,38.43,2026-06-30,62,2.12,2.8,52.05,51.96,51.3,36.31,5.0,41.3,64.84,False,True,False,-26.17,-25.09,False,97.44,-60.6,40.7,False,6.0,49.0,15,False,- · 박스 5주 · 폭 41% · 완전돌파 · 주가강도 6점,-
水晶光电,002273.SZ,CN,미분류,23.51,2026-07-02,62,2.49,3.23,40.0,38.23,39.03,32.25,4.0,21.0,44.3,False,False,False,-41.22,-39.76,False,44.3,-46.9,46.9,False,9.0,49.0,15,False,- · 박스 4주 · 폭 21% · 주가강도 9점,-
MKS Inc. - Common Stock,MKSI,US,미분류,258.38,2026-06-30,62,2.35,1.71,425.78,418.48,421.58,298.0,5.0,41.5,421.58,True,False,False,-39.32,-38.71,False,447.62,-42.3,42.3,False,56.0,38.0,15,False,- · 박스 5주 · 폭 42% · 주가강도 56점,-
씨어스,458870.KQ,KR,미분류,25450.0,2026-06-30,62,2.92,2.02,38800.0,36500.0,38000.0,26600.0,4.0,42.9,64200.0,False,False,False,-34.41,-33.03,False,64200.0,-60.4,60.4,False,4.0,34.0,15,False,- · 박스 4주 · 폭 43% · 주가강도 4점,-
三美股份,603379.SS,CN,미분류,49.04,2026-07-01,63,6.73,3.31,81.0,80.99,75.89,53.73,15.0,41.2,78.35,True,True,False,-39.46,-35.38,False,87.2,-43.8,43.8,False,4.0,67.0,15,False,- · 박스 15주 · 폭 41% · 완전돌파 · 주가강도 4점,-
QuidelOrtho Corporation - Common Stock,QDEL,US,미분류,10.83,2026-06-29,63,23.28,2.8,17.0,16.73,15.76,11.42,5.0,38.0,35.58,False,True,False,-36.29,-31.28,False,306.72,-96.5,69.6,False,1.0,59.0,15,False,- · 박스 5주 · 폭 38% · 완전돌파 · 주가강도 1점,-
"Viridian Therapeutics, Inc.  - Common ",VRDN,US,미분류,20.57,2026-06-29,63,8.21,3.02,19.37,18.24,18.38,15.5,7.0,18.6,34.29,False,False,True,6.2,11.92,False,2247.75,-99.1,40.0,False,28.0,59.0,15,False,- · 박스 7주 · 폭 19% · 주가강도 28점,-
"Charter Communications, Inc. - Class A",CHTR,US,미분류,111.4,2026-06-29,63,25.79,3.47,168.11,143.32,155.37,124.05,6.0,25.2,254.11,False,False,False,-33.73,-28.3,False,825.62,-86.5,61.0,False,2.0,53.0,15,False,- · 박스 6주 · 폭 25% · 주가강도 2점,-
KEYMED BIO-B,2162.HK,HK,미분류,79.6,2026-07-02,63,6.01,2.49,75.0,74.3,74.25,52.6,6.0,41.2,81.85,False,True,True,6.13,7.21,False,89.75,-11.3,11.3,False,49.0,50.0,15,False,- · 박스 6주 · 폭 41% · 완전돌파 · 주가강도 49점,-
"Life360, Inc. - Common Stock",LIF,US,미분류,39.98,2026-06-29,63,3.01,1.87,54.68,53.73,53.54,41.78,4.0,28.1,71.26,False,True,False,-26.88,-25.33,False,112.54,-64.5,64.5,False,3.0,44.0,15,False,- · 박스 4주 · 폭 28% · 완전돌파 · 주가강도 3점,-
合肥城建,002208.SZ,CN,미분류,10.06,2026-07-01,63,2.72,1.87,20.77,20.08,20.22,14.82,5.0,36.4,26.36,False,False,False,-51.56,-50.25,False,26.36,-61.8,61.8,False,11.0,34.0,15,False,- · 박스 5주 · 폭 36% · 주가강도 11점,-
금호전기,001210.KS,KR,미분류,9600.0,2026-06-26,64,9.08,6.98,3545.0,3450.0,3320.0,2325.0,4.0,42.8,6960.0,False,True,True,170.8,189.16,False,351485.16,-97.3,33.1,False,96.0,75.0,15,False,- · 박스 4주 · 폭 43% · 완전돌파 · 주가강도 상위 4% (최상위권),-
"Apogee Enterprises, Inc. - Common Stoc",APOG,US,미분류,36.41,2026-06-26,64,7.23,6.27,45.55,43.23,43.53,36.81,4.0,18.3,43.53,True,False,False,-20.07,-16.36,False,87.93,-58.6,28.4,False,14.0,64.0,15,False,- · 박스 4주 · 폭 18% · 주가강도 14점,-
Acushnet Holdings Corp. Common Stock,GOLF,US,미분류,83.79,2026-06-26,64,2.34,3.67,115.85,114.67,113.25,79.41,29.0,42.6,113.25,True,True,False,-27.67,-26.01,False,119.65,-30.0,30.0,False,14.0,64.0,15,False,- · 박스 29주 · 폭 43% · 완전돌파 · 주가강도 14점,-
TSE6135,6135.T,JP,미분류,3080.0,2026-06-25,64,8.6,1.89,3108.0,3074.0,3000.0,2328.0,8.0,28.9,3000.0,True,True,True,-0.9,2.67,False,3300.0,-6.7,6.7,False,57.0,62.0,15,False,- · 박스 8주 · 폭 29% · 완전돌파 · 주가강도 57점,-
海思科,002653.SZ,CN,미분류,61.93,2026-06-30,64,3.9,3.86,63.44,62.89,61.7,45.68,15.0,35.1,61.7,True,True,True,-2.38,0.37,False,80.83,-23.4,23.4,False,26.0,61.0,15,False,- · 박스 15주 · 폭 35% · 완전돌파 · 주가강도 26점,-
"Bob's Discount Furniture, Inc. Common ",BOBS,US,미분류,13.89,2026-06-26,64,2.06,4.62,15.37,15.02,15.23,11.25,6.0,35.4,23.49,False,False,False,-9.63,-8.8,False,23.49,-40.9,40.9,True,,48.0,15,False,- · 박스 6주 · 폭 35%,-
TSE2579,2579.T,JP,미분류,3727.0,2026-06-25,64,2.61,1.82,4200.0,4163.0,4127.0,3367.0,6.0,22.6,4250.0,False,True,False,-11.26,-9.69,False,4815.0,-22.6,20.0,False,35.0,44.0,15,False,- · 박스 6주 · 폭 23% · 완전돌파 · 주가강도 35점,-
凯美特气,002549.SZ,CN,미분류,12.4,2026-06-30,64,2.92,2.8,21.5,19.93,21.3,14.85,15.0,43.4,24.8,False,False,False,-42.33,-41.78,False,30.0,-58.7,58.7,False,2.0,43.0,15,False,- · 박스 15주 · 폭 43% · 주가강도 2점,-
ASMPT,0522.HK,HK,미분류,162.6,2026-06-30,64,3.23,1.74,224.0,219.2,221.6,160.4,8.0,38.2,221.6,True,False,False,-27.41,-26.62,False,244.4,-33.5,33.5,False,79.0,38.0,15,False,- · 박스 8주 · 폭 38% · 주가강도 79점,-
Acuity Inc. Common Stock,AYI,US,미분류,305.91,2026-06-25,65,14.53,4.64,349.89,335.76,323.06,257.04,18.0,25.7,380.17,False,True,False,-12.57,-5.31,False,380.17,-19.5,19.5,False,14.0,72.0,15,False,- · 박스 18주 · 폭 26% · 완전돌파 · 주가강도 14점,-
"Methode Electronics, Inc. Common Stock",MEI,US,미분류,14.06,2026-06-25,65,16.96,4.01,15.31,15.01,14.64,10.31,4.0,42.0,15.55,False,True,False,-8.16,-3.96,False,51.38,-72.6,31.0,False,86.0,72.0,15,False,- · 박스 4주 · 폭 42% · 완전돌파 · 주가강도 상위 14%,-
Bio-Techne Corp - Common Stock,TECH,US,미분류,72.51,2026-06-25,65,19.28,17.71,70.23,70.08,60.26,47.22,4.0,27.6,72.16,False,True,True,3.25,20.33,False,135.96,-46.7,0.2,False,56.0,68.0,15,False,- · 박스 4주 · 폭 28% · 완전돌파 · 주가강도 56점,-
광주신세계,037710.KS,KR,미분류,34350.0,2026-06-25,65,6.99,32.86,45900.0,39050.0,43100.0,33200.0,18.0,29.8,43100.0,True,False,False,-25.16,-20.3,False,76900.0,-55.3,42.4,False,17.0,62.0,15,False,- · 박스 18주 · 폭 30% · 주가강도 17점,-
TSE8136,8136.T,JP,미분류,1176.0,2026-06-24,65,11.24,6.94,1043.5,890.4,1004.5,818.8,8.0,22.7,1235.8,False,False,True,12.7,17.07,False,1737.0,-32.3,26.2,False,34.0,58.0,15,False,- · 박스 8주 · 폭 23% · 주가강도 34점,-
胜通能源,001331.SZ,CN,미분류,38.5,2026-06-29,65,6.89,3.89,51.44,43.27,50.04,39.5,5.0,26.7,50.04,True,False,False,-25.16,-23.06,False,68.0,-43.4,43.4,False,89.0,57.0,15,False,- · 박스 5주 · 폭 27% · 주가강도 상위 11%,-
금호건설,002990.KS,KR,미분류,12750.0,2026-06-25,65,3.2,61.18,5000.0,4520.0,4845.0,3530.0,6.0,37.3,5990.0,False,False,True,155.0,163.16,False,2724466.75,-99.5,34.2,False,96.0,55.0,15,False,- · 박스 6주 · 폭 37% · 주가강도 상위 4% (최상위권),-
"Micron Technology, Inc. - Common Stock",MU,US,미분류,1053.98,2026-06-25,65,17.6,1.61,1233.0,1136.31,1213.56,854.35,4.0,42.0,1213.56,True,False,False,-14.52,-13.15,False,1255.0,-16.0,16.0,False,98.0,55.0,15,False,- · 박스 4주 · 폭 42% · 주가강도 상위 2% (최상위권),-
TCL中环,002129.SZ,CN,미분류,9.11,2026-06-29,65,2.59,2.88,11.48,11.2,11.19,8.1,17.0,38.1,11.86,False,True,False,-20.64,-18.59,False,49.77,-81.7,26.8,False,22.0,53.0,15,False,- · 박스 17주 · 폭 38% · 완전돌파 · 주가강도 22점,-
"Revvity, Inc. Common Stock",RVTY,US,미분류,151.02,2026-06-25,65,2.24,1.54,108.0,107.38,106.86,87.04,7.0,22.8,118.3,False,True,True,39.83,41.33,False,203.16,-25.7,0.8,False,85.0,48.0,15,False,- · 박스 7주 · 폭 23% · 완전돌파 · 주가강도 상위 15%,-
"MillerKnoll, Inc. - Common Stock",MLKN,US,미분류,20.28,2026-06-25,65,5.8,2.92,18.24,17.71,18.2,14.01,10.0,29.9,23.18,False,False,True,11.18,11.43,False,51.25,-60.4,17.9,False,45.0,45.0,15,False,- · 박스 10주 · 폭 30% · 주가강도 45점,-
"Kulicke and Soffa Industries, Inc. - C",KLIC,US,미분류,91.68,2026-06-25,65,5.21,1.76,129.7,123.97,129.65,94.31,6.0,37.5,129.65,True,False,False,-29.31,-29.29,False,135.8,-32.5,32.5,False,75.0,44.0,15,False,- · 박스 6주 · 폭 38% · 주가강도 75점,-
Corning Incorporated Common Stock,GLW,US,미분류,151.59,2026-06-25,65,6.18,1.88,218.55,213.02,217.09,160.32,7.0,35.4,217.09,True,False,False,-30.64,-30.17,False,271.78,-44.2,44.2,False,53.0,44.0,15,False,- · 박스 7주 · 폭 35% · 주가강도 53점,-
"Caterpillar, Inc. Common Stock",CAT,US,미분류,819.95,2026-06-25,65,3.04,1.67,1024.64,1015.0,1023.29,797.79,9.0,28.3,1023.29,True,False,False,-19.98,-19.87,False,1073.46,-23.6,23.6,False,52.0,38.0,15,False,- · 박스 9주 · 폭 28% · 주가강도 52점,-
永和股份,605020.SS,CN,미분류,30.4,2026-06-29,65,3.11,1.93,42.5,39.28,42.0,29.9,6.0,40.5,42.0,True,False,False,-28.47,-27.62,False,51.0,-40.4,40.4,False,21.0,38.0,15,False,- · 박스 6주 · 폭 40% · 주가강도 21점,-
杭氧股份,002430.SZ,CN,미분류,24.22,2026-06-29,65,3.17,2.08,29.93,28.6,29.26,23.4,5.0,25.0,34.73,False,False,False,-19.08,-17.22,False,45.25,-46.5,30.3,False,10.0,34.0,15,False,- · 박스 5주 · 폭 25% · 주가강도 10점,-
恒逸石化,000703.SZ,CN,미분류,15.69,2026-06-26,66,9.98,4.05,17.08,15.56,15.68,12.18,6.0,28.7,18.35,False,False,True,-8.14,0.06,False,20.95,-25.1,25.1,False,82.0,62.0,15,False,- · 박스 6주 · 폭 29% · 주가강도 상위 18%,-
TSE6369,6369.T,JP,미분류,2385.0,2026-06-23,66,7.42,3.2,2578.0,2387.0,2418.0,2105.0,5.0,14.9,3165.0,False,False,False,-7.49,-1.36,False,3165.0,-24.6,24.6,False,24.0,59.0,15,False,- · 박스 5주 · 폭 15% · 주가강도 24점,-
Liberty Latin America Ltd. - Class C C,LILAK,US,미분류,8.39,2026-06-24,66,4.59,2.01,6.15,6.09,6.09,4.76,22.0,28.0,6.09,True,True,True,36.42,37.84,False,44.71,-81.2,5.9,False,68.0,55.0,15,False,- · 박스 22주 · 폭 28% · 완전돌파 · 주가강도 68점,-
Meritage Homes Corporation Common Stoc,MTH,US,미분류,65.0,2026-06-24,66,2.33,1.55,77.36,77.36,76.9,63.82,4.0,20.5,81.77,False,True,False,-15.98,-15.47,False,106.99,-39.2,23.9,False,15.0,50.0,15,False,- · 박스 4주 · 폭 20% · 완전돌파 · 주가강도 15점,-
科华数据,002335.SZ,CN,미분류,30.75,2026-06-26,66,2.79,2.33,43.43,43.0,42.26,35.12,4.0,20.3,50.22,False,True,False,-29.2,-27.24,False,54.59,-43.7,43.7,False,6.0,50.0,15,False,- · 박스 4주 · 폭 20% · 완전돌파 · 주가강도 6점,-
KB Home Common Stock,KBH,US,미분류,47.88,2026-06-24,66,7.53,3.96,56.7,55.9,56.01,44.03,8.0,27.2,67.57,False,False,False,-15.56,-14.52,False,89.7,-46.6,29.1,False,8.0,49.0,15,False,- · 박스 8주 · 폭 27% · 주가강도 8점,-
大族激光,002008.SZ,CN,미분류,81.76,2026-06-26,66,10.0,2.19,168.08,151.0,157.74,116.3,6.0,35.6,157.74,True,False,False,-51.36,-48.17,False,168.08,-51.4,51.4,False,74.0,48.0,15,False,- · 박스 6주 · 폭 36% · 주가강도 74점,-
Willis Lease Finance Corporation - Com,WLFC,US,미분류,52.3,2026-06-24,66,2.05,2.01,71.6,70.18,70.48,56.17,5.0,25.5,79.81,False,False,False,-26.96,-25.8,False,81.54,-35.9,35.9,False,17.0,34.0,15,False,- · 박스 5주 · 폭 26% · 주가강도 17점,-
"Backblaze, Inc. - Common Stock",BLZE,US,미분류,13.54,2026-06-23,67,26.97,17.29,10.31,9.62,9.45,6.7,6.0,41.2,9.45,True,True,True,31.33,43.2,False,36.5,-62.9,43.6,False,95.0,79.0,15,False,- · 박스 6주 · 폭 41% · 완전돌파 · 주가강도 상위 5% (최상위권),-
TSE3086,3086.T,JP,미분류,2615.0,2026-06-22,67,15.96,8.1,2906.5,2725.0,2696.0,2082.0,16.0,29.5,2796.0,True,True,False,-10.03,-3.0,False,3617.0,-27.7,27.7,False,22.0,76.0,15,False,- · 박스 16주 · 폭 30% · 완전돌파 · 주가강도 22점,-
TSE4667,4667.T,JP,미분류,1039.0,2026-06-22,67,15.34,15.46,716.67,671.33,713.33,498.0,15.0,43.2,767.67,False,False,True,44.98,45.65,False,3163.33,-67.2,24.0,False,90.0,69.0,1,True,- · 박스 15주 · 폭 43% · 주가강도 상위 10% (최상위권),-
Edgewell Personal Care Company Common ,EPC,US,미분류,28.29,2026-06-23,67,9.07,3.72,24.78,24.66,24.1,17.0,4.0,41.8,25.23,False,True,True,14.16,17.39,False,107.45,-73.7,5.5,False,65.0,63.0,15,False,- · 박스 4주 · 폭 42% · 완전돌파 · 주가강도 65점,-
TSE4973,4973.T,JP,미분류,4790.0,2026-06-22,67,4.88,3.04,6450.0,6300.0,6200.0,4785.0,10.0,29.6,6200.0,True,True,False,-25.74,-22.74,False,10000.0,-52.1,30.1,False,48.0,57.0,15,False,- · 박스 10주 · 폭 30% · 완전돌파 · 주가강도 48점,-
美盈森,002303.SZ,CN,미분류,6.7,2026-06-25,67,3.37,6.51,3.99,3.91,3.92,3.03,15.0,29.4,4.34,False,False,True,67.92,70.92,False,27.28,-75.4,4.4,False,87.0,56.0,15,False,- · 박스 15주 · 폭 29% · 주가강도 상위 13%,-
航天工程,603698.SS,CN,미분류,20.04,2026-06-25,67,9.31,2.07,40.84,39.11,37.77,29.75,4.0,27.0,48.4,False,True,False,-50.93,-46.94,False,54.73,-63.4,58.6,False,3.0,54.0,15,False,- · 박스 4주 · 폭 27% · 완전돌파 · 주가강도 3점,-
深科技,000021.SZ,CN,미분류,33.79,2026-06-25,67,5.03,1.55,52.8,52.0,50.27,34.85,5.0,44.2,50.27,True,True,False,-36.0,-32.78,False,66.2,-49.0,49.0,False,38.0,54.0,15,False,- · 박스 5주 · 폭 44% · 완전돌파 · 주가강도 38점,-
飞龙股份,002536.SZ,CN,미분류,46.52,2026-06-25,67,5.15,1.51,52.04,51.16,49.49,35.0,9.0,41.4,49.49,True,True,False,-10.61,-6.0,False,63.97,-27.3,27.3,False,74.0,54.0,15,False,- · 박스 9주 · 폭 41% · 완전돌파 · 주가강도 74점,-
SK,034730.KS,KR,미분류,596000.0,2026-06-23,67,4.38,3.12,762000.0,701000.0,757000.0,535000.0,4.0,41.5,757000.0,True,False,False,-21.78,-21.27,False,883000.0,-32.5,32.5,False,87.0,51.0,15,False,- · 박스 4주 · 폭 42% · 주가강도 상위 13%,-
TSE5332,5332.T,JP,미분류,5857.0,2026-06-22,67,3.69,1.91,8700.0,8663.0,8620.0,6815.0,4.0,26.5,8620.0,True,True,False,-32.68,-32.05,False,9500.0,-38.3,38.3,False,34.0,48.0,15,False,- · 박스 4주 · 폭 26% · 완전돌파 · 주가강도 34점,-
TSE5471,5471.T,JP,미분류,2482.5,2026-06-22,67,2.95,2.37,2701.0,2699.0,2661.5,1873.5,4.0,42.1,2661.5,True,True,False,-8.09,-6.73,False,3005.0,-17.4,17.4,False,65.0,48.0,15,False,- · 박스 4주 · 폭 42% · 완전돌파 · 주가강도 65점,-
TSE6674,6674.T,JP,미분류,5439.0,2026-06-22,67,9.69,1.6,7696.0,7452.0,7600.0,5956.0,9.0,27.6,7600.0,True,False,False,-29.33,-28.43,False,7899.0,-31.1,31.1,False,48.0,48.0,15,False,- · 박스 9주 · 폭 28% · 주가강도 48점,-
法拉电子,600563.SS,CN,미분류,115.84,2026-06-25,67,2.37,2.06,183.0,178.97,182.88,141.5,5.0,29.2,182.88,True,False,False,-36.7,-36.66,False,261.2,-55.7,41.7,False,13.0,38.0,15,False,- · 박스 5주 · 폭 29% · 주가강도 13점,-
晶方科技,603005.SS,CN,미분류,27.86,2026-06-25,67,2.06,1.78,50.65,48.65,50.5,37.44,4.0,34.9,50.5,True,False,False,-45.0,-44.83,False,80.73,-65.5,49.6,False,9.0,38.0,15,False,- · 박스 4주 · 폭 35% · 주가강도 9점,-
京东方Ａ,000725.SZ,CN,미분류,5.71,2026-06-25,67,3.68,1.78,7.33,7.14,7.18,5.11,4.0,40.5,7.18,True,False,False,-22.1,-20.47,False,13.12,-56.5,39.9,False,40.0,38.0,15,False,- · 박스 4주 · 폭 40% · 주가강도 40점,-
领益智造,002600.SZ,CN,미분류,11.98,2026-06-25,67,2.77,2.01,18.15,17.51,17.88,13.4,10.0,33.4,18.83,False,False,False,-33.99,-33.0,False,18.83,-36.4,36.4,False,6.0,34.0,15,False,- · 박스 10주 · 폭 33% · 주가강도 6점,-
"Definium Therapeutics, Inc.  - Common ",DFTX,US,미분류,38.41,2026-06-22,68,57.6,10.26,38.58,35.13,25.25,20.7,4.0,22.0,26.25,True,True,True,-0.44,52.12,False,86.55,-55.6,22.7,False,95.0,85.0,15,False,- · 박스 4주 · 폭 22% · 완전돌파 · 주가강도 상위 5% (최상위권),-
"Arcosa, Inc. Common Stock ",ACA,US,미분류,146.53,2026-06-22,68,6.74,15.49,145.0,143.96,137.76,109.22,10.0,26.1,137.76,True,True,True,1.06,6.37,False,146.92,-0.3,0.3,False,63.0,76.0,15,False,- · 박스 10주 · 폭 26% · 완전돌파 · 주가강도 63점,-
Aurinia Pharmaceuticals Inc - Common S,AUPH,US,미분류,16.52,2026-06-22,68,5.41,2.88,17.35,17.16,16.88,13.33,31.0,26.6,16.88,True,True,False,-4.78,-2.13,False,33.97,-51.4,14.2,False,38.0,66.0,15,False,- · 박스 31주 · 폭 27% · 완전돌파 · 주가강도 38점,-
TSE4203,4203.T,JP,미분류,8389.0,2026-06-19,68,8.15,2.25,7963.0,7684.0,7471.0,6018.0,5.0,24.1,7471.0,True,True,True,5.35,12.29,False,8417.0,-0.3,0.3,False,77.0,66.0,6,False,- · 박스 5주 · 폭 24% · 완전돌파 · 주가강도 77점,-
United Microelectronics Corporation (N,UMC,US,미분류,23.85,2026-06-22,68,11.71,1.63,26.9,26.8,24.17,17.98,4.0,34.4,24.17,True,True,False,-11.34,-1.32,False,28.96,-17.6,17.6,False,96.0,65.0,15,False,- · 박스 4주 · 폭 34% · 완전돌파 · 주가강도 상위 4% (최상위권),-
"The Baldwin Insurance Group, Inc. - Cl",BWIN,US,미분류,31.82,2026-06-22,68,12.75,3.21,22.82,22.65,21.57,16.84,6.0,28.1,27.01,False,True,True,39.44,47.55,False,55.82,-43.0,2.7,False,59.0,63.0,15,False,- · 박스 6주 · 폭 28% · 완전돌파 · 주가강도 59점,-
"Oruka Therapeutics, Inc. - Common Stoc",ORKA,US,미분류,84.19,2026-06-22,68,11.97,2.46,81.0,79.0,74.74,53.62,7.0,39.4,91.0,False,True,True,3.94,12.64,False,75932640.0,-100.0,27.1,False,97.0,61.0,15,False,- · 박스 7주 · 폭 39% · 완전돌파 · 주가강도 상위 3% (최상위권),-
"Spyre Therapeutics, Inc. - Common Stoc",SYRE,US,미분류,85.79,2026-06-22,68,7.54,2.16,95.0,95.0,90.99,64.67,9.0,40.7,90.99,True,True,False,-9.69,-5.71,False,318.75,-73.1,22.1,False,97.0,61.0,15,False,- · 박스 9주 · 폭 41% · 완전돌파 · 주가강도 상위 3% (최상위권),-
TSE1961,1961.T,JP,미분류,2598.0,2026-06-19,68,4.2,1.52,3075.0,3005.0,2987.0,2066.67,21.0,44.5,2987.0,True,True,False,-15.51,-13.02,False,3275.0,-20.7,20.7,False,45.0,55.0,15,False,- · 박스 21주 · 폭 44% · 완전돌파 · 주가강도 45점,-
TSE6958,6958.T,JP,미분류,788.0,2026-06-19,68,2.96,2.72,799.0,717.0,798.0,655.0,4.0,21.8,798.0,True,False,False,-1.38,-1.25,False,2795.0,-71.8,4.3,False,82.0,53.0,15,False,- · 박스 4주 · 폭 22% · 주가강도 상위 18%,-
孚日股份,002083.SZ,CN,미분류,9.25,2026-06-24,68,10.04,3.4,12.71,11.6,11.88,8.81,8.0,34.8,14.75,False,False,False,-27.22,-22.14,False,14.75,-37.3,37.3,False,32.0,53.0,15,False,- · 박스 8주 · 폭 35% · 주가강도 32점,-
TSE5333,5333.T,JP,미분류,5426.0,2026-06-19,68,2.72,2.16,7507.0,7329.0,7308.0,5218.0,6.0,40.1,7308.0,True,True,False,-27.72,-25.75,False,7894.0,-31.3,31.3,False,67.0,48.0,15,False,- · 박스 6주 · 폭 40% · 완전돌파 · 주가강도 67점,-
TSE5381,5381.T,JP,미분류,1037.0,2026-06-19,68,6.4,2.0,1197.0,1163.0,1176.0,884.0,5.0,33.0,1377.0,False,False,False,-13.37,-11.82,False,5200.0,-80.1,24.7,False,84.0,44.0,15,False,- · 박스 5주 · 폭 33% · 주가강도 상위 16%,-
TSE6298,6298.T,JP,미분류,1239.0,2026-06-19,68,5.53,1.65,1547.0,1454.0,1520.0,1177.0,6.0,29.1,1520.0,True,False,False,-19.91,-18.49,False,1805.0,-31.4,22.2,False,46.0,44.0,15,False,- · 박스 6주 · 폭 29% · 주가강도 46점,-
Ecopetrol S.A. American Depositary Sha,EC,US,미분류,16.7,2026-06-22,68,2.96,2.91,17.07,15.75,16.81,13.54,4.0,24.2,16.81,True,False,False,-2.17,-0.65,False,67.92,-75.4,9.1,False,73.0,43.0,15,False,- · 박스 4주 · 폭 24% · 주가강도 73점,-
"Qnity Electronics, Inc. Common Stock",Q,US,미분류,124.91,2026-06-22,68,3.54,2.2,174.96,170.37,171.52,135.2,8.0,26.9,171.52,True,False,False,-28.61,-27.17,False,177.28,-29.5,29.5,True,,38.0,15,False,- · 박스 8주 · 폭 27%,-
TSE5991,5991.T,JP,미분류,3452.0,2026-06-19,68,2.93,2.26,4314.0,4060.0,4260.0,3081.0,5.0,38.3,4260.0,True,False,False,-19.98,-18.97,False,4340.0,-20.5,20.5,False,57.0,38.0,15,False,- · 박스 5주 · 폭 38% · 주가강도 57점,-
TSE6856,6856.T,JP,미분류,24670.0,2026-06-19,68,3.52,1.81,29440.0,28585.0,28740.0,22400.0,6.0,28.3,28740.0,True,False,False,-16.2,-14.16,False,30100.0,-18.0,18.0,False,70.0,38.0,15,False,- · 박스 6주 · 폭 28% · 주가강도 70점,-
TSE6859,6859.T,JP,미분류,3990.0,2026-06-19,68,2.93,1.9,4740.0,4630.0,4645.0,3225.0,9.0,44.0,4645.0,True,False,False,-15.82,-14.1,False,4790.0,-16.7,16.7,False,40.0,38.0,15,False,- · 박스 9주 · 폭 44% · 주가강도 40점,-
TSE6728,6728.T,JP,미분류,7844.0,2026-06-19,68,4.48,1.62,10495.0,10200.0,10235.0,7925.0,5.0,29.1,11420.0,False,False,False,-25.26,-23.36,False,11450.0,-31.5,31.3,False,21.0,34.0,15,False,- · 박스 5주 · 폭 29% · 주가강도 21점,-
"Smith & Wesson Brands, Inc. - Common S",SWBI,US,미분류,14.03,2026-06-18,69,15.08,8.3,15.8,15.63,15.79,13.62,14.0,15.9,15.79,True,False,False,-11.2,-11.15,False,39.61,-64.6,20.1,False,45.0,72.0,15,False,- · 박스 14주 · 폭 16% · 주가강도 45점,-
남화토건,091590.KQ,KR,미분류,6160.0,2026-06-19,69,13.38,61.44,5210.0,4595.0,4600.0,3200.0,40.0,43.8,4595.0,True,False,True,18.23,33.91,False,22500.0,-72.6,49.5,False,62.0,69.0,15,False,- · 박스 40주 · 폭 44% · 주가강도 62점,-
"Immix Biopharma, Inc. - Common Stock",IMMX,US,미분류,11.47,2026-06-18,69,8.65,6.7,9.92,8.63,9.77,7.65,4.0,27.7,11.61,False,False,True,15.63,17.4,False,15.1,-24.0,24.0,False,96.0,65.0,15,False,- · 박스 4주 · 폭 28% · 주가강도 상위 4% (최상위권),-
黄河旋风,600172.SS,CN,미분류,14.9,2026-06-23,69,8.76,1.75,16.76,16.18,16.06,11.16,4.0,43.9,16.06,True,True,False,-11.1,-7.22,False,19.89,-25.1,25.1,False,93.0,65.0,15,False,- · 박스 4주 · 폭 44% · 완전돌파 · 주가강도 상위 7% (최상위권),-
东方钽业,000962.SZ,CN,미분류,55.45,2026-06-23,69,8.27,2.82,75.04,71.6,69.31,50.25,5.0,37.9,69.31,True,True,False,-26.11,-20.0,False,96.24,-42.4,42.4,False,68.0,63.0,15,False,- · 박스 5주 · 폭 38% · 완전돌파 · 주가강도 68점,-
中信建投,601066.SS,CN,미분류,23.01,2026-06-23,69,4.42,5.55,28.6,28.4,27.39,21.24,10.0,29.0,27.64,True,True,False,-19.55,-15.99,False,60.14,-61.7,26.7,False,13.0,62.0,15,False,- · 박스 10주 · 폭 29% · 완전돌파 · 주가강도 13점,-
广发证券,000776.SZ,CN,미분류,19.74,2026-06-23,69,3.52,4.06,23.5,23.15,22.7,17.66,18.0,28.5,24.1,False,True,False,-16.0,-13.04,False,32.88,-40.0,22.4,False,17.0,62.0,15,False,- · 박스 18주 · 폭 28% · 완전돌파 · 주가강도 17점,-
东方锆业,002167.SZ,CN,미분류,15.59,2026-06-23,69,9.98,2.24,19.51,19.51,17.74,12.48,4.0,42.1,17.74,True,True,False,-20.09,-12.12,False,26.85,-41.9,41.9,False,21.0,58.0,15,False,- · 박스 4주 · 폭 42% · 완전돌파 · 주가강도 21점,-
EquipmentShare.com Inc - Class A Commo,EQPT,US,미분류,18.21,2026-06-18,69,7.15,1.54,25.03,24.81,24.43,18.02,4.0,35.6,35.5,False,True,False,-27.25,-25.46,False,35.5,-48.7,48.7,True,,50.0,15,False,- · 박스 4주 · 폭 36% · 완전돌파,-
驰宏锌锗,600497.SS,CN,미분류,8.93,2026-06-23,69,5.04,3.23,11.88,10.81,11.38,8.06,10.0,41.2,11.93,False,False,False,-24.83,-21.53,False,21.77,-59.0,33.9,False,35.0,49.0,15,False,- · 박스 10주 · 폭 41% · 주가강도 35점,-
Enpro Inc. Common Stock,NPO,US,미분류,307.44,2026-06-18,69,2.09,2.17,371.21,369.77,367.61,292.52,6.0,25.7,367.61,True,True,False,-17.18,-16.37,False,390.42,-21.3,21.3,False,45.0,48.0,15,False,- · 박스 6주 · 폭 26% · 완전돌파 · 주가강도 45점,-
TSE6266,6266.T,JP,미분류,3920.0,2026-06-18,69,4.34,2.41,4325.0,4325.0,4235.0,3095.0,6.0,36.8,4235.0,True,True,False,-9.36,-7.44,False,5490.0,-28.6,28.6,False,78.0,48.0,15,False,- · 박스 6주 · 폭 37% · 완전돌파 · 주가강도 78점,-
彤程新材,603650.SS,CN,미분류,63.21,2026-06-23,69,6.8,1.96,73.86,68.98,69.85,48.36,11.0,44.4,69.85,True,False,False,-14.42,-9.51,False,102.28,-38.2,38.2,False,49.0,44.0,15,False,- · 박스 11주 · 폭 44% · 주가강도 49점,-
"Krystal Biotech, Inc. - Common Stock",KRYS,US,미분류,337.08,2026-06-18,69,2.44,2.84,350.0,343.48,347.67,279.74,6.0,24.3,347.67,True,False,False,-3.69,-3.05,False,382.54,-11.9,11.9,False,66.0,43.0,15,False,- · 박스 6주 · 폭 24% · 주가강도 66점,-
锡业股份,000960.SZ,CN,미분류,30.6,2026-06-23,69,5.01,2.29,48.21,42.01,45.91,31.99,10.0,43.5,48.8,False,False,False,-36.53,-33.35,False,77.42,-60.5,37.3,False,25.0,40.0,15,False,- · 박스 10주 · 폭 44% · 주가강도 25점,-
"Trevi Therapeutics, Inc. - Common Stoc",TRVI,US,미분류,14.4,2026-06-18,69,3.24,1.96,16.9,16.48,16.8,13.11,9.0,28.1,16.8,True,False,False,-14.79,-14.29,False,20.22,-28.8,28.8,False,43.0,38.0,15,False,- · 박스 9주 · 폭 28% · 주가강도 43점,-
凯盛科技,600552.SS,CN,미분류,17.2,2026-06-23,69,3.35,1.92,26.51,25.14,25.65,17.76,4.0,44.4,25.65,True,False,False,-35.12,-32.94,False,33.67,-48.9,48.9,False,45.0,38.0,15,False,- · 박스 4주 · 폭 44% · 주가강도 45점,-
豫光金铅,600531.SS,CN,미분류,11.12,2026-06-23,69,4.66,2.31,15.5,14.3,15.14,11.34,5.0,33.5,24.79,False,False,False,-28.26,-26.55,False,24.79,-55.1,55.1,False,11.0,34.0,15,False,- · 박스 5주 · 폭 34% · 주가강도 11점,-
TSE7740,7740.T,JP,미분류,1359.0,2026-06-17,70,26.14,8.0,1303.0,1223.0,1151.0,962.0,40.0,19.6,1151.0,True,True,True,4.3,18.07,False,1463.0,-7.1,7.1,False,61.0,89.0,15,False,- · 박스 40주 · 폭 20% · 완전돌파 · 주가강도 61점,-
ClearPoint Neuro Inc. - Common Stock,CLPT,US,미분류,15.31,2026-06-17,70,36.06,12.7,18.15,16.67,15.1,10.71,6.0,41.0,16.58,True,True,False,-15.65,1.39,False,200.0,-92.3,49.1,False,35.0,72.0,15,False,- · 박스 6주 · 폭 41% · 완전돌파 · 주가강도 35점,-
uniQure N.V. - Ordinary Shares,QURE,US,미분류,39.11,2026-06-17,70,61.36,11.52,43.55,42.5,31.0,24.0,5.0,29.2,31.0,True,True,False,-10.2,26.16,False,82.49,-52.6,45.3,False,68.0,72.0,15,False,- · 박스 5주 · 폭 29% · 완전돌파 · 주가강도 68점,-
La-Z-Boy Incorporated Common Stock,LZB,US,미분류,29.83,2026-06-17,70,20.31,7.14,42.18,39.92,40.4,31.25,26.0,29.3,40.4,True,False,False,-29.28,-26.16,False,48.31,-38.3,33.6,False,8.0,69.0,15,False,- · 박스 26주 · 폭 29% · 주가강도 8점,-
领先股份,603991.SS,CN,미분류,169.2,2026-06-22,70,4.09,3.12,135.0,133.01,130.51,91.0,15.0,43.4,130.51,True,True,True,25.33,29.65,False,188.9,-10.4,10.4,False,91.0,68.0,15,False,- · 박스 15주 · 폭 43% · 완전돌파 · 주가강도 상위 9% (최상위권),-
冰轮环境,000811.SZ,CN,미분류,37.88,2026-06-22,70,7.79,1.7,43.3,40.76,40.17,28.61,5.0,40.4,40.17,True,True,False,-12.52,-5.7,False,58.5,-35.2,35.2,False,90.0,61.0,15,False,- · 박스 5주 · 폭 40% · 완전돌파 · 주가강도 상위 10% (최상위권),-
TSE5232,5232.T,JP,미분류,1850.5,2026-06-17,70,5.62,1.57,2017.0,1971.67,1961.0,1552.33,4.0,26.3,1961.0,True,True,False,-8.25,-5.63,False,2172.33,-14.8,14.8,False,56.0,54.0,15,False,- · 박스 4주 · 폭 26% · 완전돌파 · 주가강도 56점,-
士兰微,600460.SS,CN,미분류,31.84,2026-06-22,70,5.79,2.37,44.25,43.5,42.62,30.09,5.0,41.6,42.62,True,True,False,-28.05,-25.29,False,74.78,-57.4,44.2,False,19.0,54.0,15,False,- · 박스 5주 · 폭 42% · 완전돌파 · 주가강도 19점,-
Jabil Inc. Common Stock,JBL,US,미분류,318.93,2026-06-17,70,9.81,2.5,412.36,374.11,398.89,321.92,8.0,23.9,398.89,True,False,False,-22.66,-20.05,False,428.93,-25.6,25.6,False,48.0,53.0,15,False,- · 박스 8주 · 폭 24% · 주가강도 48점,-
中兵红箭,000519.SZ,CN,미분류,14.4,2026-06-22,70,4.97,3.99,21.35,21.21,20.88,16.42,11.0,27.2,21.8,False,True,False,-32.55,-31.03,False,37.03,-61.1,36.9,False,6.0,53.0,15,False,- · 박스 11주 · 폭 27% · 완전돌파 · 주가강도 6점,-
"Crane NXT, Co. Common Stock",CXT,US,미분류,47.5,2026-06-17,70,5.55,1.68,45.26,45.17,44.65,35.71,5.0,25.0,56.16,False,True,True,4.95,6.38,False,69.0,-31.2,31.2,False,21.0,50.0,15,False,- · 박스 5주 · 폭 25% · 완전돌파 · 주가강도 21점,-
한전기술,052690.KS,KR,미분류,122900.0,2026-06-18,70,16.26,2.71,157300.0,133300.0,151300.0,108800.0,4.0,39.1,198000.0,False,False,False,-21.87,-18.77,False,198000.0,-37.9,37.9,False,50.0,49.0,15,False,- · 박스 4주 · 폭 39% · 주가강도 50점,-
"Mizuho Financial Group, Inc. Sponosred",MFG,US,미분류,11.05,2026-06-17,70,2.77,2.6,10.03,10.03,9.86,8.03,10.0,22.8,10.28,False,True,True,10.17,12.07,False,15.35,-28.0,3.8,False,72.0,49.0,15,False,- · 박스 10주 · 폭 23% · 완전돌파 · 주가강도 72점,-
新疆众和,600888.SS,CN,미분류,9.67,2026-06-22,70,4.11,2.22,13.68,13.46,13.44,9.33,4.0,44.1,13.44,True,True,False,-29.31,-28.05,False,17.97,-46.2,44.0,False,26.0,48.0,15,False,- · 박스 4주 · 폭 44% · 완전돌파 · 주가강도 26점,-
"Banco Santander, S.A. Sponsored ADR (S",SAN,US,미분류,14.22,2026-06-17,70,2.09,1.82,13.66,13.3,13.48,10.44,27.0,29.1,13.48,True,False,True,4.1,5.49,False,22.34,-36.3,5.5,False,53.0,45.0,15,False,- · 박스 27주 · 폭 29% · 주가강도 53점,-
宁波韵升,600366.SS,CN,미분류,10.76,2026-06-22,70,2.95,2.85,15.35,14.75,15.06,11.68,10.0,28.9,16.2,False,False,False,-29.9,-28.55,False,19.49,-44.8,38.2,False,4.0,39.0,15,False,- · 박스 10주 · 폭 29% · 주가강도 4점,-
Deutsche Bank AG Common Stock,DB,US,미분류,36.08,2026-06-17,70,2.04,1.52,35.59,34.9,35.17,28.12,15.0,25.1,40.43,False,False,True,1.38,2.59,False,124.3,-71.0,13.3,False,36.0,38.0,15,False,- · 박스 15주 · 폭 25% · 주가강도 36점,-
高能环境,603588.SS,CN,미분류,16.25,2026-06-22,70,3.81,1.67,16.62,16.39,16.44,12.05,9.0,36.4,18.66,False,False,False,-2.23,-1.16,False,20.7,-21.5,21.5,False,81.0,38.0,15,False,- · 박스 9주 · 폭 36% · 주가강도 상위 19%,-
海亮股份,002203.SZ,CN,미분류,17.48,2026-06-22,70,4.11,2.37,26.57,25.15,25.52,17.68,6.0,44.3,25.52,True,False,False,-34.21,-31.5,False,26.99,-35.2,35.2,False,47.0,38.0,15,False,- · 박스 6주 · 폭 44% · 주가강도 47점,-
贤丰控股,002141.SZ,CN,미분류,6.58,2026-06-18,71,7.48,1.88,4.6,4.46,4.28,2.98,14.0,43.6,4.57,True,True,True,43.04,53.74,False,14.51,-54.7,11.9,False,86.0,62.0,15,False,- · 박스 14주 · 폭 44% · 완전돌파 · 주가강도 상위 14%,-
江西铜业,600362.SS,CN,미분류,41.74,2026-06-18,71,3.18,2.43,50.0,50.0,49.48,39.59,4.0,25.0,70.7,False,True,False,-16.52,-15.64,False,78.5,-46.8,41.0,False,36.0,44.0,15,False,- · 박스 4주 · 폭 25% · 완전돌파 · 주가강도 36점,-
StoneX Group Inc. - Common Stock,SNEX,US,미분류,65.9,2026-06-16,71,2.17,2.12,92.45,87.59,92.31,68.07,8.0,35.6,92.31,True,False,False,-28.72,-28.61,False,94.66,-30.4,30.4,False,52.0,38.0,15,False,- · 박스 8주 · 폭 36% · 주가강도 52점,-
赛腾股份,603283.SS,CN,미분류,42.94,2026-06-18,71,3.17,1.62,65.06,61.31,63.06,45.48,5.0,38.7,63.06,True,False,False,-34.0,-31.91,False,88.88,-51.7,51.7,False,29.0,38.0,15,False,- · 박스 5주 · 폭 39% · 주가강도 29점,-
TSE4968,4968.T,JP,미분류,2341.0,2026-06-15,72,6.68,3.59,1900.0,1825.0,1791.0,1271.0,5.0,40.9,1791.0,True,True,True,23.21,30.71,False,2788.0,-16.0,12.4,False,87.0,67.0,15,False,- · 박스 5주 · 폭 41% · 완전돌파 · 주가강도 상위 13%,-
"TripAdvisor, Inc. - Common Stock",TRIP,US,미분류,8.41,2026-06-15,72,9.59,3.74,13.6,12.55,12.94,9.01,17.0,43.6,15.73,False,False,False,-38.16,-35.01,False,111.24,-92.4,52.8,False,2.0,57.0,15,False,- · 박스 17주 · 폭 44% · 주가강도 2점,-
Ralph Lauren Corporation Common Stock,RL,US,미분류,357.16,2026-06-15,72,2.46,1.79,413.93,410.85,405.49,317.23,29.0,27.8,405.49,True,True,False,-13.71,-11.92,False,421.6,-15.3,15.3,False,28.0,55.0,15,False,- · 박스 29주 · 폭 28% · 완전돌파 · 주가강도 28점,-
"Entegris, Inc. - Common Stock",ENTG,US,미분류,150.63,2026-06-15,72,6.05,1.79,159.63,159.0,156.43,122.0,6.0,28.2,159.15,True,True,False,-5.64,-3.71,False,186.94,-19.4,19.4,False,64.0,54.0,15,False,- · 박스 6주 · 폭 28% · 완전돌파 · 주가강도 64점,-
TSE6387,6387.T,JP,미분류,8740.0,2026-06-15,72,20.24,2.77,14790.0,13670.0,14100.0,9900.0,5.0,42.4,14470.0,True,False,False,-40.91,-38.01,False,16930.0,-48.4,48.4,False,76.0,53.0,15,False,- · 박스 5주 · 폭 42% · 주가강도 76점,-
兴森科技,002436.SZ,CN,미분류,42.2,2026-06-17,72,2.06,1.67,45.01,45.01,44.1,31.0,5.0,42.3,44.1,True,True,False,-6.24,-4.31,False,55.0,-23.3,23.3,False,86.0,52.0,15,False,- · 박스 5주 · 폭 42% · 완전돌파 · 주가강도 상위 14%,-
"Evertec, Inc. Common Stock",EVTC,US,미분류,27.51,2026-06-15,72,4.41,1.78,27.44,26.95,26.58,21.81,5.0,21.9,31.56,False,True,True,0.26,3.5,False,51.06,-46.1,20.9,False,20.0,50.0,15,False,- · 박스 5주 · 폭 22% · 완전돌파 · 주가강도 20점,-
Korea Electric Power Corporation Commo,KEP,US,미분류,11.07,2026-06-15,72,8.31,1.57,13.82,13.6,13.73,11.83,4.0,16.1,23.41,False,False,False,-19.9,-19.37,False,28.37,-61.0,52.7,False,9.0,50.0,15,False,- · 박스 4주 · 폭 16% · 주가강도 9점,-
LIG디펜스앤에어로스페이스,079550.KS,KR,미분류,681000.0,2026-06-16,72,11.6,2.88,943000.0,936000.0,939000.0,660000.0,5.0,42.3,1118000.0,False,False,False,-27.78,-27.48,False,1118000.0,-39.1,39.1,False,50.0,49.0,15,False,- · 박스 5주 · 폭 42% · 주가강도 50점,-
"Applied Materials, Inc. - Common Stock",AMAT,US,미분류,486.76,2026-06-15,72,4.01,1.61,589.98,580.51,569.95,397.37,5.0,43.4,569.95,True,True,False,-17.5,-14.6,False,739.67,-34.2,34.2,False,75.0,48.0,15,False,- · 박스 5주 · 폭 43% · 완전돌파 · 주가강도 75점,-
麦格米特,002851.SZ,CN,미분류,118.5,2026-06-17,72,3.32,2.32,169.07,168.0,163.64,116.1,6.0,40.9,163.64,True,True,False,-29.91,-27.58,False,189.98,-37.6,37.6,False,44.0,48.0,15,False,- · 박스 6주 · 폭 41% · 완전돌파 · 주가강도 44점,-
江钨装备,600397.SS,CN,미분류,15.94,2026-06-17,72,2.52,3.27,17.11,16.51,17.1,12.77,12.0,33.9,22.6,False,False,False,-6.84,-6.78,False,31.79,-49.9,49.9,False,65.0,47.0,15,False,- · 박스 12주 · 폭 34% · 주가강도 65점,-
TSE1631,1631.T,JP,미분류,42260.0,2026-06-15,72,2.67,2.21,38420.0,38110.0,38320.0,29880.0,11.0,28.2,38320.0,True,False,True,9.99,10.28,False,42960.0,-1.6,1.6,False,72.0,46.0,15,False,- · 박스 11주 · 폭 28% · 주가강도 72점,-
TSE6146,6146.T,JP,미분류,58550.0,2026-06-15,72,3.44,2.02,82650.0,80450.0,81000.0,57230.0,20.0,41.5,81000.0,True,False,False,-29.16,-27.72,False,91680.0,-36.1,36.1,False,27.0,45.0,15,False,- · 박스 20주 · 폭 42% · 주가강도 27점,-
TSE6376,6376.T,JP,미분류,3580.0,2026-06-15,72,2.92,1.6,3705.0,3690.0,3695.0,2781.0,4.0,32.9,3695.0,True,False,False,-3.37,-3.11,False,4530.0,-21.0,21.0,False,86.0,42.0,15,False,- · 박스 4주 · 폭 33% · 주가강도 상위 14%,-
"American Airlines Group, Inc. - Common",AAL,US,미분류,13.52,2026-06-15,72,3.74,2.57,15.54,15.2,15.4,11.97,5.0,28.7,16.5,False,False,False,-13.0,-12.21,False,63.27,-78.6,28.0,False,24.0,39.0,15,False,- · 박스 5주 · 폭 29% · 주가강도 24점,-
Rogers Corporation Common Stock,ROG,US,미분류,136.64,2026-06-15,72,3.26,1.79,155.99,154.4,155.67,120.0,8.0,29.7,155.67,True,False,False,-12.4,-12.22,False,274.51,-50.2,19.1,False,57.0,38.0,15,False,- · 박스 8주 · 폭 30% · 주가강도 57점,-
TSE4064,4064.T,JP,미분류,3640.0,2026-06-15,72,2.78,1.57,3700.0,3635.0,3685.0,2891.0,4.0,27.5,3685.0,True,False,False,-1.62,-1.22,False,7940.0,-54.2,7.4,False,64.0,38.0,6,False,- · 박스 4주 · 폭 28% · 주가강도 64점,-
TSE6178,6178.T,JP,미분류,2520.0,2026-06-12,73,3.21,1.97,2280.5,2257.0,2252.0,1736.0,21.0,29.7,2252.0,True,True,True,10.5,11.9,False,2603.0,-3.2,3.2,False,73.0,59.0,15,False,- · 박스 21주 · 폭 30% · 완전돌파 · 주가강도 73점,-
Seneca Foods Corp. - Class A Common St,SENEA,US,미분류,182.53,2026-06-12,73,3.55,4.02,154.5,152.5,152.98,131.54,7.0,16.3,167.52,False,False,True,18.14,19.32,False,210.0,-13.1,13.1,False,68.0,54.0,15,False,- · 박스 7주 · 폭 16% · 주가강도 68점,-
中国巨石,600176.SS,CN,미분류,39.69,2026-06-16,73,2.56,1.63,46.94,46.0,45.77,31.81,7.0,43.9,45.77,True,True,False,-15.45,-13.28,False,77.2,-48.6,48.6,False,86.0,52.0,15,False,- · 박스 7주 · 폭 44% · 완전돌파 · 주가강도 상위 14%,-
PHINIA Inc. Common Stock,PHIN,US,미분류,60.74,2026-06-12,73,2.43,2.13,83.8,83.8,83.35,65.87,11.0,26.5,83.35,True,True,False,-27.52,-27.13,False,86.93,-30.1,30.1,False,13.0,48.0,15,False,- · 박스 11주 · 폭 26% · 완전돌파 · 주가강도 13점,-
深桑达Ａ,000032.SZ,CN,미분류,13.38,2026-06-16,73,3.17,3.62,21.47,20.99,21.35,14.96,17.0,42.7,24.18,False,False,False,-37.68,-37.33,False,41.55,-67.8,50.8,False,2.0,47.0,15,False,- · 박스 17주 · 폭 43% · 주가강도 2점,-
TSE2801,2801.T,JP,미분류,1630.5,2026-06-12,73,3.02,1.71,1639.0,1609.0,1632.0,1289.5,28.0,26.6,1632.0,True,False,False,-0.52,-0.09,False,2051.0,-20.5,12.7,False,40.0,45.0,15,False,- · 박스 28주 · 폭 27% · 주가강도 40점,-
平安电工,001359.SZ,CN,미분류,82.51,2026-06-16,73,3.67,1.99,93.98,89.64,90.65,63.67,6.0,42.4,90.65,True,False,False,-12.21,-8.98,False,134.04,-38.4,38.4,False,62.0,38.0,15,False,- · 박스 6주 · 폭 42% · 주가강도 62점,-
金钼股份,601958.SS,CN,미분류,19.3,2026-06-15,74,6.78,4.1,27.25,27.03,26.85,18.58,6.0,44.5,27.65,False,True,False,-29.17,-28.12,False,34.3,-43.7,38.9,False,28.0,64.0,15,False,- · 박스 6주 · 폭 44% · 완전돌파 · 주가강도 28점,-
"Navan, Inc. - Class A Common Stock",NAVN,US,미분류,19.98,2026-06-11,74,16.2,4.77,24.25,22.03,23.53,17.02,5.0,38.2,23.53,True,False,False,-17.61,-15.09,False,30.88,-35.3,35.3,True,,62.0,15,False,- · 박스 5주 · 폭 38%,-
巨化股份,600160.SS,CN,미분류,33.1,2026-06-15,74,6.16,2.56,45.0,42.22,43.92,30.65,39.0,43.3,43.92,True,False,False,-26.44,-24.64,False,58.0,-42.9,42.9,False,7.0,56.0,15,False,- · 박스 39주 · 폭 43% · 주가강도 7점,-
桐昆股份,601233.SS,CN,미분류,22.49,2026-06-15,74,3.5,2.4,23.08,22.91,22.65,18.36,5.0,23.4,26.01,False,True,False,-2.56,-0.71,False,31.0,-27.5,20.0,False,59.0,44.0,15,False,- · 박스 5주 · 폭 23% · 완전돌파 · 주가강도 59점,-
서산,079650.KQ,KR,미분류,6070.0,2026-06-11,75,25.71,225.52,1599.0,1273.0,1272.0,952.0,4.0,33.6,1731.0,False,True,True,279.61,377.2,False,10300.0,-41.1,41.1,False,98.0,75.0,15,False,- · 박스 4주 · 폭 34% · 완전돌파 · 주가강도 상위 2% (최상위권),-
"Cracker Barrel Old Country Store, Inc.",CBRL,US,미분류,53.73,2026-06-10,75,19.83,11.01,43.5,43.15,36.65,28.22,7.0,29.9,36.89,True,True,True,23.52,46.6,False,185.0,-71.0,10.8,False,77.0,72.0,15,False,- · 박스 7주 · 폭 30% · 완전돌파 · 주가강도 77점,-
中化国际,600500.SS,CN,미분류,5.01,2026-06-12,75,9.57,7.42,7.9,7.48,7.21,5.27,4.0,36.8,7.21,True,True,False,-36.58,-30.51,False,23.31,-78.5,49.1,False,24.0,72.0,15,False,- · 박스 4주 · 폭 37% · 완전돌파 · 주가강도 24점,-
祥鑫科技,002965.SZ,CN,미분류,30.0,2026-06-12,75,5.01,3.95,40.47,38.92,38.59,31.35,5.0,23.1,43.58,False,True,False,-25.87,-22.26,False,59.85,-49.9,48.2,False,5.0,59.0,15,False,- · 박스 5주 · 폭 23% · 완전돌파 · 주가강도 5점,-
TSE2222,2222.T,JP,미분류,2414.0,2026-06-10,75,3.52,2.46,2350.0,2320.5,2293.0,1765.5,25.0,29.9,2293.0,True,True,True,2.72,5.28,False,2787.0,-13.4,13.4,False,49.0,55.0,15,False,- · 박스 25주 · 폭 30% · 완전돌파 · 주가강도 49점,-
兴发集团,600141.SS,CN,미분류,26.5,2026-06-12,75,9.99,3.72,36.0,33.14,34.11,26.6,4.0,28.2,45.49,False,False,False,-26.39,-22.31,False,58.38,-54.6,48.5,False,5.0,53.0,15,False,- · 박스 4주 · 폭 28% · 주가강도 5점,-
贵研铂业,600459.SS,CN,미분류,18.02,2026-06-12,75,5.26,3.45,26.43,24.79,26.0,18.04,13.0,44.1,28.19,False,False,False,-31.82,-30.69,False,29.99,-39.9,39.9,False,10.0,53.0,15,False,- · 박스 13주 · 폭 44% · 주가강도 10점,-
太极实业,600667.SS,CN,미분류,17.95,2026-06-12,75,6.8,1.93,18.7,16.4,17.51,12.14,4.0,44.2,17.51,True,False,True,-4.01,2.51,False,32.1,-44.1,44.1,False,85.0,48.0,15,False,- · 박스 4주 · 폭 44% · 주가강도 상위 15%,-
雅克科技,002409.SZ,CN,미분류,124.55,2026-06-12,75,3.86,3.05,140.01,131.81,134.81,103.4,4.0,30.4,134.81,True,False,False,-11.04,-7.61,False,246.44,-49.5,49.5,False,64.0,47.0,15,False,- · 박스 4주 · 폭 30% · 주가강도 64점,-
有研新材,600206.SS,CN,미분류,49.7,2026-06-12,75,4.26,2.42,35.7,32.45,35.1,24.7,7.0,42.1,35.1,True,False,True,39.22,41.6,False,69.4,-28.4,28.4,False,91.0,45.0,15,False,- · 박스 7주 · 폭 42% · 주가강도 상위 9% (최상위권),-
翔鹭钨业,002842.SZ,CN,미분류,31.09,2026-06-12,75,5.72,2.76,41.59,38.01,39.34,30.5,4.0,29.0,48.5,False,False,False,-25.25,-20.97,False,54.44,-42.9,42.9,False,79.0,45.0,15,False,- · 박스 4주 · 폭 29% · 주가강도 79점,-
章源钨业,002378.SZ,CN,미분류,21.28,2026-06-12,75,4.07,3.01,35.0,32.87,34.45,27.2,5.0,26.7,48.42,False,False,False,-39.2,-38.23,False,48.42,-56.1,56.1,False,28.0,43.0,15,False,- · 박스 5주 · 폭 27% · 주가강도 28점,-
旭光电子,600353.SS,CN,미분류,29.3,2026-06-12,75,3.54,2.26,31.0,28.5,29.94,20.83,4.0,43.7,29.94,True,False,False,-5.48,-2.14,False,53.68,-45.4,45.4,False,72.0,38.0,15,False,- · 박스 4주 · 폭 44% · 주가강도 72점,-
厦门钨业,600549.SS,CN,미분류,43.75,2026-06-12,75,2.31,2.4,69.0,64.53,68.6,49.3,12.0,39.1,81.56,False,False,False,-36.59,-36.22,False,96.85,-54.8,54.8,False,12.0,38.0,15,False,- · 박스 12주 · 폭 39% · 주가강도 12점,-
石英股份,603688.SS,CN,미분류,44.44,2026-06-12,75,3.82,1.91,79.06,70.33,78.98,60.75,5.0,30.0,78.98,True,False,False,-43.79,-43.73,False,111.84,-60.3,50.3,False,19.0,38.0,15,False,- · 박스 5주 · 폭 30% · 주가강도 19점,-
和胜股份,002824.SZ,CN,미분류,25.23,2026-06-12,75,3.95,1.78,30.0,28.74,29.99,21.88,7.0,37.1,31.83,False,False,False,-15.9,-15.87,False,46.32,-45.5,39.8,False,42.0,34.0,15,False,- · 박스 7주 · 폭 37% · 주가강도 42점,-
"Zevra Therapeutics, Inc.  - Common Sto",ZVRA,US,미분류,11.3,2026-06-09,76,3.64,3.78,12.53,12.45,12.35,10.01,5.0,23.4,12.35,True,True,False,-9.82,-8.5,False,418.4,-97.3,24.8,False,35.0,57.0,15,False,- · 박스 5주 · 폭 23% · 완전돌파 · 주가강도 35점,-
SL Green Realty Corp Common Stock,SLG,US,미분류,49.32,2026-06-09,76,2.06,1.86,50.0,49.62,49.55,39.83,7.0,24.4,49.85,True,True,False,-1.36,-0.46,False,168.66,-70.8,19.1,False,32.0,48.0,15,False,- · 박스 7주 · 폭 24% · 완전돌파 · 주가강도 32점,-
Oil-Dri Corporation Of America Common ,ODC,US,미분류,89.68,2026-06-09,76,4.49,3.93,87.76,85.01,86.5,66.97,9.0,29.2,86.5,True,False,True,2.19,3.68,False,107.0,-16.2,16.2,False,63.0,47.0,15,False,- · 박스 9주 · 폭 29% · 주가강도 63점,-
Park Hotels & Resorts Inc. Common Stoc,PK,US,미분류,15.72,2026-06-09,76,2.34,1.7,14.45,13.86,14.4,10.14,26.0,42.0,14.4,True,False,True,8.79,9.2,False,34.27,-54.1,3.0,False,65.0,45.0,15,False,- · 박스 26주 · 폭 42% · 주가강도 65점,-
京基智农,000048.SZ,CN,미분류,17.92,2026-06-11,76,6.28,1.81,18.95,17.76,17.83,12.43,8.0,43.4,24.24,False,False,True,-5.44,0.5,False,34.27,-47.7,32.1,False,21.0,40.0,15,False,- · 박스 8주 · 폭 43% · 주가강도 21점,-
KLA Corporation  - Common Stock,KLAC,US,미분류,189.17,2026-06-09,76,2.94,1.67,217.0,199.55,215.67,167.68,5.0,28.6,215.67,True,False,False,-12.82,-12.29,False,307.37,-38.5,38.5,False,51.0,38.0,15,False,- · 박스 5주 · 폭 29% · 주가강도 51점,-
UBS Group AG Registered Ordinary Share,UBS,US,미분류,48.62,2026-06-09,76,2.52,1.58,48.48,47.1,48.45,38.8,9.0,24.9,49.36,False,False,True,0.29,0.35,False,66.26,-26.6,13.2,False,41.0,34.0,15,False,- · 박스 9주 · 폭 25% · 주가강도 41점,-
"Tango Therapeutics, Inc. - Common Stoc",TNGX,US,미분류,24.3,2026-06-08,77,48.39,7.53,30.0,26.08,27.12,19.34,6.0,40.2,28.41,True,False,False,-19.01,-10.4,False,34.39,-29.3,29.3,False,89.0,66.0,15,False,- · 박스 6주 · 폭 40% · 주가강도 상위 11%,-
华亚智能,003043.SZ,CN,미분류,59.42,2026-06-10,77,2.07,2.98,74.81,73.5,73.29,57.29,4.0,27.9,73.29,True,True,False,-20.57,-18.92,False,108.07,-45.0,45.0,False,20.0,53.0,15,False,- · 박스 4주 · 폭 28% · 완전돌파 · 주가강도 20점,-
XD东材科,601208.SS,CN,미분류,50.53,2026-06-10,77,4.95,2.01,62.57,61.1,60.5,43.8,4.0,38.1,60.5,True,True,False,-19.24,-16.48,False,80.46,-37.2,37.2,False,85.0,52.0,15,False,- · 박스 4주 · 폭 38% · 완전돌파 · 주가강도 상위 15%,-
天娱数科,002354.SZ,CN,미분류,7.24,2026-06-10,77,2.73,2.7,8.28,8.28,8.06,5.98,5.0,34.8,8.51,False,True,False,-12.56,-10.17,False,125.2,-94.2,30.0,False,23.0,49.0,15,False,- · 박스 5주 · 폭 35% · 완전돌파 · 주가강도 23점,-
宗申动力,001696.SZ,CN,미분류,15.33,2026-06-10,77,2.62,7.0,18.01,17.8,17.98,13.98,5.0,28.6,25.86,False,False,False,-14.88,-14.74,False,35.33,-56.6,41.4,False,5.0,48.0,15,False,- · 박스 5주 · 폭 29% · 주가강도 5점,-
TSE3046,3046.T,JP,미분류,5710.0,2026-06-08,77,6.08,2.17,8550.0,8410.0,8420.0,6490.0,5.0,29.7,8420.0,True,False,False,-33.22,-32.19,False,10330.0,-44.7,44.1,False,8.0,44.0,15,False,- · 박스 5주 · 폭 30% · 주가강도 8점,-
立昂微,605358.SS,CN,미분류,46.13,2026-06-10,77,3.98,2.57,74.0,70.2,71.17,49.58,4.0,43.5,71.17,True,False,False,-37.66,-35.18,False,127.07,-63.7,44.6,False,49.0,43.0,15,False,- · 박스 4주 · 폭 44% · 주가강도 49점,-
Sportradar Group AG - Class A Ordinary,SRAD,US,미분류,12.48,2026-06-08,77,5.9,1.72,14.72,14.57,14.58,11.66,6.0,25.0,24.17,False,False,False,-15.22,-14.4,False,32.22,-61.3,57.6,False,3.0,40.0,15,False,- · 박스 6주 · 폭 25% · 주가강도 3점,-
中科三环,000970.SZ,CN,미분류,10.99,2026-06-09,78,9.98,9.38,13.89,12.92,12.88,10.73,11.0,20.0,15.55,False,True,False,-20.88,-14.67,False,29.08,-62.2,35.8,False,7.0,74.0,15,False,- · 박스 11주 · 폭 20% · 완전돌파 · 주가강도 7점,-
Trulieve Cannabis Corp. Subordinate Vo,TRLV,US,미분류,12.34,2026-06-05,78,6.91,5.87,10.68,10.65,10.1,7.0,6.0,44.3,11.83,False,True,True,15.54,22.18,False,53.73,-77.0,7.1,False,88.0,68.0,15,False,- · 박스 6주 · 폭 44% · 완전돌파 · 주가강도 상위 12%,-
TSE1615,1615.T,JP,미분류,781.3,2026-06-05,78,2.26,3.08,700.0,692.3,695.1,544.0,20.0,27.8,695.1,True,False,True,11.61,12.4,False,795.9,-1.8,1.8,False,71.0,62.0,15,False,- · 박스 20주 · 폭 28% · 주가강도 71점,-
"G-III Apparel Group, LTD. - Common Sto",GIII,US,미분류,27.13,2026-06-05,78,11.86,3.84,35.84,32.79,33.16,25.74,11.0,28.8,34.83,True,False,False,-24.3,-18.18,False,73.93,-63.3,27.7,False,15.0,57.0,15,False,- · 박스 11주 · 폭 29% · 주가강도 15점,-
埃斯顿,002747.SZ,CN,미분류,28.16,2026-06-09,78,5.54,1.88,36.01,35.2,34.12,23.67,4.0,44.1,34.12,True,True,False,-21.8,-17.47,False,49.0,-42.5,42.5,False,33.0,54.0,15,False,- · 박스 4주 · 폭 44% · 완전돌파 · 주가강도 33점,-
"ServiceTitan, Inc. - Class A Common St",TTAN,US,미분류,59.92,2026-06-05,78,11.73,3.99,83.05,75.55,78.43,54.17,11.0,44.8,111.36,False,False,False,-27.85,-23.6,False,131.33,-54.4,46.2,False,5.0,53.0,15,False,- · 박스 11주 · 폭 45% · 주가강도 5점,-
ArcBest Corporation - Common Stock,ARCB,US,미분류,127.07,2026-06-05,78,2.68,1.63,150.0,149.99,146.31,105.55,8.0,38.6,146.31,True,True,False,-15.29,-13.15,False,176.69,-28.1,28.1,False,67.0,48.0,15,False,- · 박스 8주 · 폭 39% · 완전돌파 · 주가강도 67점,-
TSE5310,5310.T,JP,미분류,7480.0,2026-06-05,78,3.08,2.93,8360.0,8080.0,8350.0,5780.0,7.0,44.5,8350.0,True,False,False,-10.53,-10.42,False,13300.0,-43.8,16.8,False,71.0,43.0,15,False,- · 박스 7주 · 폭 44% · 주가강도 71점,-
Glass House Brands Inc. Subordinate Vo,GLAS,US,미분류,6.85,2026-06-05,78,2.5,1.56,11.9,11.6,11.73,8.12,7.0,44.5,11.73,True,False,False,-42.44,-41.6,False,13.99,-51.0,50.8,False,5.0,38.0,1,True,- · 박스 7주 · 폭 44% · 주가강도 5점,-
TSE2730,2730.T,JP,미분류,2426.0,2026-06-04,79,13.69,6.33,2699.0,2473.0,2402.0,1888.0,40.0,27.2,2402.0,True,True,True,-10.11,1.0,False,3000.0,-19.1,10.1,False,41.0,79.0,15,False,- · 박스 40주 · 폭 27% · 완전돌파 · 주가강도 41점,-
IDT Corporation Class B Common Stock,IDT,US,미분류,69.56,2026-06-04,79,5.48,3.28,56.99,52.01,56.15,45.72,33.0,22.8,56.15,True,False,True,22.06,23.88,False,77.28,-10.0,3.6,False,61.0,64.0,15,False,- · 박스 33주 · 폭 23% · 주가강도 61점,-
TSE9831,9831.T,JP,미분류,710.3,2026-06-04,79,6.52,3.29,653.7,624.2,649.6,504.2,21.0,28.8,649.6,True,False,True,8.66,9.34,False,1559.0,-54.4,7.5,False,62.0,60.0,15,False,- · 박스 21주 · 폭 29% · 주가강도 62점,-
TSE6340,6340.T,JP,미분류,5530.0,2026-06-03,80,2.76,2.24,4100.0,4100.0,4060.0,3130.0,27.0,29.7,4060.0,True,True,True,34.88,36.21,False,5650.0,-2.1,2.1,False,79.0,63.0,15,False,- · 박스 27주 · 폭 30% · 완전돌파 · 주가강도 79점,-
삼성화재,000810.KS,KR,미분류,653000.0,2026-06-04,80,5.62,2.6,677000.0,672000.0,649000.0,451000.0,7.0,43.9,649000.0,True,True,False,-3.55,0.62,False,757000.0,-13.7,13.7,False,62.0,59.0,15,False,- · 박스 7주 · 폭 44% · 완전돌파 · 주가강도 62점,-
미래에셋생명,085620.KS,KR,미분류,18910.0,2026-06-04,80,9.88,5.31,18900.0,17020.0,18730.0,13200.0,10.0,41.9,20900.0,False,False,True,0.05,0.96,False,37300.0,-49.3,49.3,False,78.0,58.0,15,False,- · 박스 10주 · 폭 42% · 주가강도 78점,-
TSE2243,2243.T,JP,미분류,4722.0,2026-06-03,80,5.61,2.23,5211.0,5188.0,4949.0,3889.0,4.0,27.3,4949.0,True,True,False,-9.38,-4.59,False,5590.0,-15.5,15.5,False,81.0,58.0,15,False,- · 박스 4주 · 폭 27% · 완전돌파 · 주가강도 상위 19%,-
TSE8035,8035.T,JP,미분류,11980.0,2026-06-03,80,5.59,1.78,11342.0,11278.0,10948.0,8724.0,6.0,25.5,10948.0,True,True,True,5.63,9.43,False,16252.0,-26.3,26.3,False,83.0,58.0,15,False,- · 박스 6주 · 폭 26% · 완전돌파 · 주가강도 상위 17%,-
振华科技,000733.SZ,CN,미분류,39.04,2026-06-05,80,2.92,3.97,61.04,55.95,59.87,41.88,40.0,43.0,59.87,True,False,False,-36.04,-34.79,False,142.83,-72.7,37.3,False,5.0,54.0,15,False,- · 박스 40주 · 폭 43% · 주가강도 5점,-
TSE2644,2644.T,JP,미분류,4191.0,2026-06-03,80,3.38,2.85,4255.0,4255.0,4240.0,3302.0,7.0,28.4,4240.0,True,True,False,-1.5,-1.16,False,5288.0,-20.7,20.7,False,73.0,53.0,15,False,- · 박스 7주 · 폭 28% · 완전돌파 · 주가강도 73점,-
TSE6971,6971.T,JP,미분류,3713.0,2026-06-03,80,2.43,1.99,3630.0,3617.0,3596.0,2500.0,7.0,43.8,3596.0,True,True,True,2.29,3.25,False,4019.0,-7.6,7.6,False,76.0,52.0,15,False,- · 박스 7주 · 폭 44% · 완전돌파 · 주가강도 76점,-
TSE2685,2685.T,JP,미분류,3050.0,2026-06-03,80,2.17,2.43,3300.0,3285.0,3285.0,2569.0,40.0,27.9,3285.0,True,False,False,-7.58,-7.15,False,5230.0,-41.7,16.1,False,23.0,45.0,15,False,- · 박스 40주 · 폭 28% · 주가강도 23점,-
TSE1365,1365.T,JP,미분류,4351.0,2026-06-03,80,3.12,2.25,4634.0,4585.0,4560.0,3564.0,4.0,27.9,90820.0,False,True,False,-6.11,-4.58,False,90820.0,-95.2,95.2,False,1.0,44.0,15,False,- · 박스 4주 · 폭 28% · 완전돌파 · 주가강도 1점,-
TSE9678,9678.T,JP,미분류,5270.0,2026-06-03,80,3.11,1.56,5300.0,5150.0,5270.0,4135.0,11.0,27.4,5270.0,True,False,False,-0.57,0.0,False,5760.0,-8.5,8.5,False,54.0,42.0,10,False,- · 박스 11주 · 폭 27% · 주가강도 54점,-
IPG Photonics Corporation - Common Sto,IPGP,US,미분류,77.23,2026-06-03,80,4.35,2.67,127.27,120.88,124.0,86.0,4.0,44.2,155.82,False,False,False,-39.32,-37.72,False,264.11,-70.8,50.4,False,7.0,39.0,15,False,- · 박스 4주 · 폭 44% · 주가강도 7점,-
Broadcom Inc. - Common Stock,AVGO,US,미분류,349.57,2026-06-03,80,2.74,2.31,494.78,472.64,488.82,376.32,7.0,29.9,488.82,True,False,False,-29.35,-28.49,False,495.0,-29.4,29.4,False,29.0,38.0,15,False,- · 박스 7주 · 폭 30% · 주가강도 29점,-
模塑科技,000700.SZ,CN,미분류,12.25,2026-06-05,80,2.64,2.31,18.27,16.9,18.24,12.98,4.0,40.5,18.24,True,False,False,-32.95,-32.84,False,18.66,-34.4,34.4,False,23.0,38.0,15,False,- · 박스 4주 · 폭 40% · 주가강도 23점,-
Victorias Secret & Co. Common Stock ,VSXY,US,미분류,88.29,2026-06-02,81,44.62,4.46,78.53,74.26,60.65,41.99,12.0,44.4,66.89,True,True,True,12.43,45.57,False,102.46,-13.8,13.8,False,93.0,83.0,15,False,- · 박스 12주 · 폭 44% · 완전돌파 · 주가강도 상위 7% (최상위권),-
"Marvell Technology, Inc. - Common Stoc",MRVL,US,미분류,251.9,2026-06-02,81,15.51,4.02,253.46,252.43,225.14,157.96,4.0,42.5,225.14,True,True,True,-0.62,11.89,False,329.88,-23.6,23.6,False,95.0,79.0,15,False,- · 박스 4주 · 폭 42% · 완전돌파 · 주가강도 상위 5% (최상위권),-
"Relay Therapeutics, Inc. - Common Stoc",RLAY,US,미분류,17.69,2026-06-02,81,16.76,3.06,16.65,15.69,15.45,11.62,5.0,33.0,17.32,False,True,True,6.25,14.5,False,64.37,-72.5,16.8,False,93.0,70.0,15,False,- · 박스 5주 · 폭 33% · 완전돌파 · 주가강도 상위 7% (최상위권),-
SK텔레콤,017670.KS,KR,미분류,86600.0,2026-06-02,81,19.43,7.41,134000.0,112100.0,120300.0,90000.0,7.0,33.7,120300.0,True,False,False,-35.37,-28.01,False,139500.0,-37.9,37.9,False,60.0,62.0,15,False,- · 박스 7주 · 폭 34% · 주가강도 60점,-
STMicroelectronics N.V. Common Stock,STM,US,미분류,52.74,2026-06-02,81,10.65,1.88,76.37,75.61,71.07,54.61,4.0,30.1,71.07,True,True,False,-30.94,-25.79,False,81.42,-35.2,35.2,False,74.0,58.0,15,False,- · 박스 4주 · 폭 30% · 완전돌파 · 주가강도 74점,-
"Celestica, Inc. Common Stock",CLS,US,미분류,356.53,2026-06-02,81,3.17,1.81,440.07,437.5,435.0,324.5,7.0,34.1,435.0,True,True,False,-18.98,-18.04,False,474.03,-24.8,24.8,False,53.0,48.0,15,False,- · 박스 7주 · 폭 34% · 완전돌파 · 주가강도 53점,-
International Business Machines Corpor,IBM,US,미분류,220.67,2026-06-01,82,8.31,4.52,322.55,308.0,301.0,212.34,16.0,41.8,319.9,True,True,False,-31.59,-26.69,False,332.46,-33.6,33.6,False,7.0,76.0,15,False,- · 박스 16주 · 폭 42% · 완전돌파 · 주가강도 7점,-
MGM Resorts International Common Stock,MGM,US,미분류,31.86,2026-06-01,82,10.97,5.79,48.46,48.3,44.28,35.2,11.0,25.8,44.28,True,True,False,-34.26,-28.05,False,100.5,-68.3,38.2,False,7.0,72.0,15,False,- · 박스 11주 · 폭 26% · 완전돌파 · 주가강도 7점,-
TSE4369,4369.T,JP,미분류,3075.0,2026-06-01,82,14.06,4.41,4300.0,4035.0,3910.0,3065.0,5.0,27.6,3910.0,True,True,False,-28.49,-21.36,False,5430.0,-43.4,31.0,False,32.0,72.0,1,True,- · 박스 5주 · 폭 28% · 완전돌파 · 주가강도 32점,-
로보스타,090360.KQ,KR,미분류,75900.0,2026-06-01,82,30.0,3.36,122200.0,115100.0,97900.0,68000.0,4.0,44.0,98000.0,True,True,False,-37.89,-22.47,False,171600.0,-55.8,55.8,False,55.0,67.0,15,False,- · 박스 4주 · 폭 44% · 완전돌파 · 주가강도 55점,-
"SK Telecom Co., Ltd. Common Stock",SKM,US,미분류,35.5,2026-06-01,82,8.73,3.86,40.6,39.49,40.49,34.92,7.0,16.0,40.49,True,False,False,-12.56,-12.32,False,86.7,-59.1,24.8,False,71.0,63.0,15,False,- · 박스 7주 · 폭 16% · 주가강도 71점,-
"Edgewise Therapeutics, Inc. - Common S",EWTX,US,미분류,39.79,2026-06-01,82,18.85,4.15,40.6,37.29,39.96,28.87,11.0,38.4,39.96,True,False,False,-2.0,-0.43,False,48.51,-18.0,18.0,False,78.0,62.0,15,False,- · 박스 11주 · 폭 38% · 주가강도 78점,-
LG디스플레이,034220.KS,KR,미분류,8390.0,2026-06-01,82,7.27,5.47,17260.0,15280.0,16800.0,11610.0,7.0,44.7,16800.0,True,False,False,-51.39,-50.06,False,54918.02,-84.7,53.3,False,4.0,58.0,15,False,- · 박스 7주 · 폭 45% · 주가강도 4점,-
NAVER,035420.KS,KR,미분류,195900.0,2026-06-01,82,7.26,15.39,251000.0,244500.0,247500.0,190800.0,12.0,29.7,292000.0,False,False,False,-21.95,-20.85,False,465000.0,-57.9,35.6,False,16.0,58.0,15,False,- · 박스 12주 · 폭 30% · 주가강도 16점,-
大有能源,600403.SS,CN,미분류,7.05,2026-06-03,82,9.97,4.43,6.73,6.28,6.37,4.9,9.0,30.0,9.2,False,False,True,4.75,10.68,False,19.46,-63.8,41.2,False,69.0,58.0,15,False,- · 박스 9주 · 폭 30% · 주가강도 69점,-
두산우,000155.KS,KR,미분류,471000.0,2026-06-01,82,27.47,3.11,840000.0,701000.0,742000.0,530000.0,6.0,40.0,742000.0,True,False,False,-43.93,-36.52,False,840000.0,-43.9,43.9,False,29.0,57.0,15,False,- · 박스 6주 · 폭 40% · 주가강도 29점,-
TSE7715,7715.T,JP,미분류,4300.0,2026-06-01,82,6.39,2.54,3495.0,3290.0,3395.0,2841.0,7.0,19.5,3395.0,True,False,True,23.03,26.66,False,4845.0,-11.2,11.2,False,77.0,55.0,15,False,- · 박스 7주 · 폭 20% · 주가강도 77점,-
"Asana, Inc. Class A Common Stock",ASAN,US,미분류,8.64,2026-06-01,82,9.35,2.48,8.42,8.42,7.95,5.64,6.0,41.0,15.28,False,True,True,2.61,8.68,False,145.79,-94.1,44.2,False,30.0,54.0,15,False,- · 박스 6주 · 폭 41% · 완전돌파 · 주가강도 30점,-
"Hinge Health, Inc. Class A Common Stoc",HNGE,US,미분류,92.45,2026-06-01,82,2.03,2.8,57.35,55.15,56.86,44.6,4.0,27.5,56.86,True,False,True,61.2,62.59,False,97.95,-5.6,4.4,True,90.0,54.0,15,False,- · 박스 4주 · 폭 28% · 주가강도 상위 10% (최상위권),-
TSE4028,4028.T,JP,미분류,2826.0,2026-06-01,82,5.11,4.0,3500.0,3270.0,3480.0,2505.0,11.0,38.9,4035.0,False,False,False,-19.26,-18.79,False,4035.0,-30.0,30.0,False,30.0,54.0,6,False,- · 박스 11주 · 폭 39% · 주가강도 30점,-
"Cadence Design Systems, Inc. - Common ",CDNS,US,미분류,326.7,2026-06-01,82,4.82,1.92,393.0,383.94,383.8,308.4,6.0,24.4,383.8,True,True,False,-16.87,-14.88,False,416.69,-21.6,21.6,False,24.0,48.0,15,False,- · 박스 6주 · 폭 24% · 완전돌파 · 주가강도 24점,-
Freshworks Inc. - Class A Common Stock,FRSH,US,미분류,12.53,2026-06-01,82,2.68,1.98,9.97,9.86,9.76,7.51,13.0,29.9,13.61,False,True,True,25.68,28.38,False,53.36,-76.5,10.4,False,55.0,48.0,15,False,- · 박스 13주 · 폭 30% · 완전돌파 · 주가강도 55점,-
TSE4194,4194.T,JP,미분류,8623.0,2026-06-01,82,3.18,1.6,8100.0,8081.0,8065.0,6280.0,13.0,28.4,11230.0,False,True,True,6.46,6.92,False,12460.0,-30.8,29.0,False,25.0,48.0,6,False,- · 박스 13주 · 폭 28% · 완전돌파 · 주가강도 25점,-
"Braze, Inc. - Class A Common Stock",BRZE,US,미분류,23.17,2026-06-01,82,4.08,1.83,26.67,26.25,25.98,18.6,9.0,39.7,37.33,False,True,False,-13.14,-10.82,False,98.78,-76.5,37.9,False,16.0,44.0,15,False,- · 박스 9주 · 폭 40% · 완전돌파 · 주가강도 16점,-
monday.com Ltd. - Ordinary Shares,MNDY,US,미분류,79.05,2026-06-01,82,8.28,2.2,90.54,87.33,88.48,62.17,6.0,42.3,164.49,False,False,False,-12.69,-10.66,False,450.0,-82.4,62.4,False,11.0,44.0,15,False,- · 박스 6주 · 폭 42% · 주가강도 11점,-
"Guidewire Software, Inc. Common Stock",GWRE,US,미분류,145.18,2026-06-01,82,4.09,1.97,158.92,156.63,152.93,122.5,6.0,24.8,229.85,False,True,False,-8.65,-5.07,False,272.6,-46.7,43.3,False,19.0,44.0,15,False,- · 박스 6주 · 폭 25% · 완전돌파 · 주가강도 19점,-
PAR Technology Corporation Common Stoc,PAR,US,미분류,13.64,2026-06-01,82,3.63,2.01,16.0,15.5,15.63,12.9,6.0,21.2,40.54,False,False,False,-14.75,-12.73,False,90.35,-84.9,66.4,False,3.0,40.0,15,False,- · 박스 6주 · 폭 21% · 주가강도 3점,-
NC,036570.KS,KR,미분류,212000.0,2026-06-01,82,4.32,1.53,302000.0,288000.0,296500.0,235500.0,6.0,25.9,296500.0,True,False,False,-29.8,-28.5,False,1048000.0,-79.8,38.3,False,17.0,38.0,15,False,- · 박스 6주 · 폭 26% · 주가강도 17점,-
"Tenable Holdings, Inc. - Common Stock",TENB,US,미분류,34.47,2026-06-01,82,2.83,1.65,29.03,28.45,28.54,20.06,4.0,42.3,28.54,True,False,True,18.74,20.78,False,63.61,-45.8,21.1,False,65.0,38.0,15,False,- · 박스 4주 · 폭 42% · 주가강도 65점,-
Compass Minerals Intl Inc Common Stock,CMP,US,미분류,22.39,2026-06-01,82,2.94,1.7,32.86,32.12,32.7,23.61,7.0,38.5,32.7,True,False,False,-31.86,-31.53,False,98.1,-77.2,35.1,False,19.0,38.0,15,False,- · 박스 7주 · 폭 38% · 주가강도 19점,-
Oracle Corporation Common Stock,ORCL,US,미분류,132.6,2026-06-01,82,2.09,1.89,230.5,224.6,226.29,160.33,6.0,41.1,226.29,True,False,False,-42.47,-41.4,False,345.72,-61.6,58.9,False,6.0,38.0,15,False,- · 박스 6주 · 폭 41% · 주가강도 6점,-
"NetApp, Inc. - Common Stock",NTAP,US,미분류,204.41,2026-05-29,83,24.08,6.23,176.69,172.09,143.65,100.11,6.0,43.5,143.65,True,True,True,15.69,42.3,False,210.04,-2.7,2.2,False,88.0,84.0,15,False,- · 박스 6주 · 폭 44% · 완전돌파 · 주가강도 상위 12%,-
Hewlett Packard Enterprise Company Com,HPE,US,미분류,62.63,2026-05-29,83,11.96,5.04,42.78,41.52,38.58,27.34,5.0,41.1,38.58,True,True,True,46.4,62.34,False,65.65,-4.6,4.6,False,96.0,83.0,15,False,- · 박스 5주 · 폭 41% · 완전돌파 · 주가강도 상위 4% (최상위권),-
TSE6962,6962.T,JP,미분류,853.0,2026-05-29,83,6.32,5.75,1010.0,1000.0,997.0,700.0,4.0,42.4,997.0,True,True,False,-15.54,-14.44,False,1790.0,-52.3,30.3,False,59.0,68.0,15,False,- · 박스 4주 · 폭 42% · 완전돌파 · 주가강도 59점,-
Logitech International S.A. - Register,LOGI,US,미분류,100.33,2026-05-29,83,5.14,3.41,117.5,117.5,113.04,87.38,14.0,29.4,120.88,False,True,False,-14.61,-11.24,False,140.17,-28.4,22.6,False,31.0,63.0,15,False,- · 박스 14주 · 폭 29% · 완전돌파 · 주가강도 31점,-
Chagee Holdings Limited - American Dep,CHA,US,미분류,11.45,2026-05-29,83,14.67,7.6,11.65,11.32,11.55,8.98,16.0,28.6,16.56,False,False,False,-1.72,-0.87,False,41.8,-72.6,35.2,True,20.0,62.0,15,False,- · 박스 16주 · 폭 29% · 주가강도 20점,-
晋控煤业,601001.SS,CN,미분류,17.0,2026-06-02,83,2.87,3.4,20.78,20.22,20.2,15.55,13.0,29.9,20.2,True,True,False,-18.19,-15.84,False,27.54,-38.3,28.9,False,40.0,61.0,15,False,- · 박스 13주 · 폭 30% · 완전돌파 · 주가강도 40점,-
"ServiceNow, Inc. Common Stock",NOW,US,미분류,131.45,2026-05-29,83,8.97,2.65,118.48,116.29,110.83,85.44,4.0,29.7,175.0,False,True,True,10.95,18.61,False,239.62,-45.1,31.9,False,39.0,59.0,15,False,- · 박스 4주 · 폭 30% · 완전돌파 · 주가강도 39점,-
TSE4078,4078.T,JP,미분류,3660.0,2026-05-29,83,3.3,6.85,4380.0,4310.0,4345.0,3005.0,24.0,44.6,4345.0,True,False,False,-16.44,-15.77,False,6580.0,-44.4,44.4,False,28.0,59.0,6,False,- · 박스 24주 · 폭 45% · 주가강도 28점,-
"MongoDB, Inc. - Class A Common Stock",MDB,US,미분류,334.68,2026-05-29,83,7.62,5.84,350.5,303.97,349.21,244.88,4.0,42.6,444.72,False,False,False,-4.51,-4.16,False,590.0,-43.3,29.3,False,33.0,54.0,15,False,- · 박스 4주 · 폭 43% · 주가강도 33점,-
HP Inc. Common Stock,HPQ,US,미분류,31.32,2026-05-29,83,6.76,3.08,26.7,26.5,26.65,19.27,6.0,38.3,26.65,True,False,True,17.3,17.52,False,41.47,-24.5,13.6,False,74.0,53.0,15,False,- · 박스 6주 · 폭 38% · 주가강도 74점,-
TSE3101,3101.T,JP,미분류,1656.0,2026-05-29,83,4.09,3.28,1782.0,1744.0,1735.0,1357.0,7.0,27.9,1857.0,False,True,False,-7.07,-4.55,False,4140.0,-60.0,14.9,False,53.0,53.0,15,False,- · 박스 7주 · 폭 28% · 완전돌파 · 주가강도 53점,-
TSE8050,8050.T,JP,미분류,10030.0,2026-05-29,83,2.89,1.8,7110.0,7040.0,6950.0,5470.0,11.0,27.1,7160.0,False,True,True,41.07,44.32,False,11920.0,-15.9,15.9,False,94.0,51.0,15,False,- · 박스 11주 · 폭 27% · 완전돌파 · 주가강도 상위 6% (최상위권),-
TSE6479,6479.T,JP,미분류,3696.0,2026-05-29,83,3.67,2.21,4433.0,4433.0,4393.0,3037.0,4.0,44.6,4393.0,True,True,False,-16.63,-15.87,False,5307.0,-30.4,30.4,False,38.0,48.0,15,False,- · 박스 4주 · 폭 45% · 완전돌파 · 주가강도 38점,-
TSE6905,6905.T,JP,미분류,1459.0,2026-05-29,83,2.11,2.22,1551.0,1547.0,1535.0,1224.0,6.0,25.4,1535.0,True,True,False,-5.93,-4.95,False,2810.0,-48.1,11.9,False,43.0,48.0,15,False,- · 박스 6주 · 폭 25% · 완전돌파 · 주가강도 43점,-
Enlight Renewable Energy Ltd. - Ordina,ENLT,US,미분류,68.75,2026-05-29,83,4.77,3.13,107.6,105.51,106.47,78.46,6.0,35.7,106.47,True,False,False,-36.11,-35.43,False,108.65,-36.7,36.7,False,67.0,47.0,15,False,- · 박스 6주 · 폭 36% · 주가강도 67점,-
TSE5233,5233.T,JP,미분류,4057.0,2026-05-29,83,4.34,2.02,4475.0,4475.0,4374.0,3486.0,7.0,25.5,4968.0,False,True,False,-9.34,-7.25,False,5940.0,-31.7,18.3,False,33.0,44.0,15,False,- · 박스 7주 · 폭 26% · 완전돌파 · 주가강도 33점,-
TD SYNNEX Corporation Common Stock,SNX,US,미분류,256.75,2026-05-29,83,2.25,2.11,251.76,250.88,250.96,195.05,7.0,28.7,250.96,True,False,True,1.98,2.31,False,298.77,-14.1,14.1,False,70.0,38.0,15,False,- · 박스 7주 · 폭 29% · 주가강도 70점,-
XD兖矿能,600188.SS,CN,미분류,19.26,2026-06-02,83,2.13,1.67,24.49,23.29,23.98,18.5,6.0,29.6,23.98,True,False,False,-21.36,-19.68,False,28.79,-33.1,30.7,False,53.0,38.0,15,False,- · 박스 6주 · 폭 30% · 주가강도 53점,-
"C3.ai, Inc. Class A Common Stock",AI,US,미분류,10.41,2026-05-29,83,2.3,2.34,10.45,10.26,10.33,8.32,6.0,24.2,16.4,False,False,True,-0.43,0.77,False,183.9,-94.3,48.5,False,27.0,34.0,15,False,- · 박스 6주 · 폭 24% · 주가강도 27점,-
"Lantronix, Inc. - Common Stock",LTRX,US,미분류,7.22,2026-05-28,84,16.69,6.5,8.46,8.03,7.4,5.38,7.0,37.5,8.24,True,True,False,-14.66,-2.43,False,74.25,-90.3,17.5,False,69.0,72.0,15,False,- · 박스 7주 · 폭 38% · 완전돌파 · 주가강도 69점,-
"Red Cat Holdings, Inc. - Common Stock",RCAT,US,미분류,6.5,2026-05-28,84,16.26,6.1,12.4,11.95,11.75,8.35,4.0,40.6,18.78,False,True,False,-47.6,-44.68,False,990000.0,-100.0,65.4,False,2.0,68.0,15,False,- · 박스 4주 · 폭 41% · 완전돌파 · 주가강도 2점,-
TSE6806,6806.T,JP,미분류,24870.0,2026-05-28,84,8.09,2.65,26735.0,25975.0,25475.0,19940.0,14.0,27.8,25475.0,True,True,False,-6.98,-2.37,False,32210.0,-22.8,22.8,False,43.0,67.0,15,False,- · 박스 14주 · 폭 28% · 완전돌파 · 주가강도 43점,-
삼성공조,006660.KS,KR,미분류,12830.0,2026-05-28,84,5.54,70.34,16380.0,15540.0,16190.0,11190.0,7.0,44.7,16190.0,True,False,False,-21.67,-20.75,False,29600.0,-56.7,35.9,False,43.0,58.0,15,False,- · 박스 7주 · 폭 45% · 주가강도 43점,-
Heico Corporation Common Stock,HEI,US,미분류,304.61,2026-05-28,84,12.06,2.32,346.71,335.66,330.01,256.11,12.0,28.9,361.69,False,True,False,-12.14,-7.7,False,376.86,-19.2,19.2,False,20.0,58.0,15,False,- · 박스 12주 · 폭 29% · 완전돌파 · 주가강도 20점,-
"Phreesia, Inc. Common Stock",PHR,US,미분류,10.1,2026-05-28,84,18.07,2.73,10.78,9.27,10.27,8.42,6.0,22.0,21.24,False,False,False,-6.31,-1.66,False,81.59,-87.6,58.3,False,6.0,55.0,15,False,- · 박스 6주 · 폭 22% · 주가강도 6점,-
"AeroVironment, Inc. - Common Stock",AVAV,US,미분류,147.23,2026-05-28,84,10.29,3.57,199.94,195.55,195.85,156.0,4.0,25.5,408.25,False,False,False,-26.36,-24.83,False,417.86,-64.8,64.8,False,4.0,53.0,15,False,- · 박스 4주 · 폭 26% · 주가강도 4점,-
粤电力Ａ,000539.SZ,CN,미분류,5.04,2026-06-01,84,10.02,2.99,9.77,8.5,8.88,6.22,5.0,42.8,8.88,True,False,False,-48.41,-43.24,False,16.62,-69.7,48.7,False,14.0,53.0,15,False,- · 박스 5주 · 폭 43% · 주가강도 14점,-
合锻智能,603011.SS,CN,미분류,24.59,2026-06-01,84,3.01,1.68,25.67,25.65,25.08,18.32,10.0,36.9,33.0,False,True,False,-4.21,-1.95,False,41.4,-40.6,40.6,False,34.0,44.0,15,False,- · 박스 10주 · 폭 37% · 완전돌파 · 주가강도 34점,-
SUNNY OPTICAL,2382.HK,HK,미분류,62.7,2026-06-01,84,3.58,2.18,86.8,81.55,85.2,61.05,7.0,39.6,85.2,True,False,False,-27.76,-26.41,False,259.4,-75.8,31.4,False,27.0,38.0,15,False,- · 박스 7주 · 폭 40% · 주가강도 27점,-
Q TECH,1478.HK,HK,미분류,5.07,2026-06-01,84,3.25,2.37,9.85,9.73,9.74,7.95,7.0,22.5,10.35,False,False,False,-48.53,-47.95,False,23.25,-78.2,70.2,False,2.0,34.0,15,False,- · 박스 7주 · 폭 22% · 주가강도 2점,-
"Dycom Industries, Inc. Common Stock",DY,US,미분류,266.79,2026-05-27,85,27.36,3.61,535.5,520.97,464.82,386.79,6.0,20.2,464.82,True,True,False,-50.18,-42.6,False,566.47,-52.9,52.9,False,4.0,73.0,15,False,- · 박스 6주 · 폭 20% · 완전돌파 · 주가강도 4점,-
Movado Group Inc. Common Stock,MOV,US,미분류,33.48,2026-05-27,85,6.04,4.25,31.62,30.4,29.82,23.21,9.0,28.5,29.82,True,True,True,5.88,12.27,False,53.73,-37.7,17.3,False,64.0,68.0,15,False,- · 박스 9주 · 폭 28% · 완전돌파 · 주가강도 64점,-
유니셈,036200.KQ,KR,미분류,10470.0,2026-05-27,85,16.45,7.19,14090.0,11910.0,14000.0,9900.0,5.0,41.4,14000.0,True,False,False,-25.69,-25.21,False,16250.0,-35.6,27.2,False,35.0,62.0,1,True,- · 박스 5주 · 폭 41% · 주가강도 35점,-
"Aethlon Medical, Inc. - Common Stock",AEMD,US,미분류,6.38,2026-05-27,85,15.51,60.37,14.15,13.25,13.6,9.55,10.0,42.4,24.75,False,False,False,-54.91,-53.09,False,27000000.0,-100.0,84.6,False,12.0,58.0,13,False,- · 박스 10주 · 폭 42% · 주가강도 12점,-
"Ooma, Inc. Common Stock",OOMA,US,미분류,21.18,2026-05-27,85,7.63,4.03,20.74,17.12,19.6,15.54,5.0,26.1,19.6,True,False,True,2.12,8.06,False,26.19,-19.1,19.1,False,77.0,58.0,15,False,- · 박스 5주 · 폭 26% · 주가강도 77점,-
TSE6525,6525.T,JP,미분류,9682.0,2026-05-27,85,10.0,2.33,7877.0,7698.0,7868.0,5727.0,6.0,37.4,7868.0,True,False,True,22.91,23.06,False,12220.0,-20.8,20.8,False,90.0,55.0,9,False,- · 박스 6주 · 폭 37% · 주가강도 상위 10% (최상위권),-
华微电子,600360.SS,CN,미분류,11.31,2026-05-29,85,3.01,5.3,12.65,11.98,12.6,8.72,8.0,44.5,12.6,True,False,False,-10.59,-10.24,False,18.46,-38.7,38.7,False,44.0,52.0,15,False,- · 박스 8주 · 폭 44% · 주가강도 44점,-
"ASE Technology Holding Co., Ltd. Ameri",ASX,US,미분류,43.79,2026-05-27,85,3.0,1.61,40.12,38.18,39.57,29.34,5.0,34.9,39.57,True,False,True,9.15,10.66,False,45.74,-4.3,3.8,False,96.0,49.0,15,False,- · 박스 5주 · 폭 35% · 주가강도 상위 4% (최상위권),-
삼현,437730.KQ,KR,미분류,47900.0,2026-05-27,85,2.5,4.17,61500.0,60000.0,61000.0,49600.0,5.0,23.0,76900.0,False,False,False,-22.11,-21.48,False,76900.0,-37.7,37.7,False,75.0,48.0,15,False,- · 박스 5주 · 폭 23% · 주가강도 75점,-
鸿远电子,603267.SS,CN,미분류,47.21,2026-05-29,85,4.22,3.54,73.02,68.87,70.06,49.4,6.0,41.8,70.06,True,False,False,-35.35,-32.61,False,191.09,-75.3,44.1,False,9.0,47.0,15,False,- · 박스 6주 · 폭 42% · 주가강도 9점,-
Alpha and Omega Semiconductor Limited ,AOSL,US,미분류,27.36,2026-05-27,85,6.14,1.85,50.83,46.0,49.97,35.0,5.0,42.8,49.97,True,False,False,-46.17,-45.25,False,69.99,-60.9,49.7,False,22.0,44.0,15,False,- · 박스 5주 · 폭 43% · 주가강도 22점,-
工业富联,601138.SS,CN,미분류,58.42,2026-05-29,85,5.0,1.74,78.75,73.1,76.28,59.87,5.0,27.4,76.28,True,False,False,-25.82,-23.41,False,84.95,-31.2,31.2,False,27.0,44.0,15,False,- · 박스 5주 · 폭 27% · 주가강도 27점,-
"Power Integrations, Inc. - Common Stoc",POWI,US,미분류,51.84,2026-05-27,85,4.85,2.49,88.17,80.56,84.9,62.53,5.0,35.8,84.9,True,False,False,-41.2,-38.94,False,110.66,-53.2,43.1,False,28.0,38.0,15,False,- · 박스 5주 · 폭 36% · 주가강도 28점,-
TSE8151,8151.T,JP,미분류,1847.0,2026-05-26,86,7.28,7.9,2049.0,2010.0,1998.0,1540.0,38.0,29.7,1998.0,True,True,False,-9.86,-7.56,False,3340.0,-44.7,17.2,False,31.0,75.0,15,False,- · 박스 38주 · 폭 30% · 완전돌파 · 주가강도 31점,-
Modine Manufacturing Company Common St,MOD,US,미분류,175.04,2026-05-26,86,17.83,3.64,306.97,294.3,294.06,227.38,6.0,29.3,294.06,True,True,False,-42.98,-40.47,False,323.25,-45.8,45.8,False,20.0,67.0,15,False,- · 박스 6주 · 폭 29% · 완전돌파 · 주가강도 20점,-
한켐,457370.KQ,KR,미분류,11400.0,2026-05-26,86,5.49,41.49,9990.0,9940.0,9890.0,7370.0,11.0,34.2,11570.0,False,True,True,14.11,15.27,False,33300.0,-65.8,33.1,False,63.0,64.0,15,False,- · 박스 11주 · 폭 34% · 완전돌파 · 주가강도 63점,-
지니언스,263860.KQ,KR,미분류,19100.0,2026-05-26,86,20.93,6.48,19700.0,17260.0,17600.0,14410.0,4.0,22.1,22700.0,False,False,True,-3.05,8.52,False,30000.0,-36.3,36.3,False,63.0,58.0,15,False,- · 박스 4주 · 폭 22% · 주가강도 63점,-
동진쎄미켐,005290.KQ,KR,미분류,47800.0,2026-05-26,86,5.78,1.59,65900.0,65700.0,64400.0,50500.0,5.0,27.5,64400.0,True,True,False,-27.47,-25.78,False,72200.0,-33.8,33.8,False,34.0,54.0,15,False,- · 박스 5주 · 폭 28% · 완전돌파 · 주가강도 34점,-
ON Semiconductor Corporation - Common ,ON,US,미분류,75.65,2026-05-26,86,5.68,1.84,122.8,121.06,119.1,92.44,4.0,28.8,119.1,True,True,False,-38.4,-36.48,False,134.92,-43.9,43.9,False,50.0,54.0,15,False,- · 박스 4주 · 폭 29% · 완전돌파 · 주가강도 50점,-
"Ambarella, Inc. - Ordinary Shares",AMBA,US,미분류,68.68,2026-05-26,86,5.76,2.38,92.59,89.45,89.4,62.18,4.0,43.8,92.79,False,True,False,-25.82,-23.18,False,227.59,-69.8,29.0,False,22.0,50.0,15,False,- · 박스 4주 · 폭 44% · 완전돌파 · 주가강도 22점,-
"Spire Global, Inc. Class A Common Stoc",SPIR,US,미분류,11.74,2026-05-26,86,5.98,1.86,22.42,22.19,21.68,15.15,5.0,43.1,23.59,False,True,False,-47.65,-45.85,False,156.0,-92.5,54.7,False,23.0,50.0,15,False,- · 박스 5주 · 폭 43% · 완전돌파 · 주가강도 23점,-
Knowles Corporation Common Stock,KN,US,미분류,37.24,2026-05-26,86,2.54,1.6,37.59,37.16,37.08,28.6,5.0,29.7,37.08,True,True,True,-0.93,0.43,False,42.93,-13.3,13.3,False,67.0,48.0,15,False,- · 박스 5주 · 폭 30% · 완전돌파 · 주가강도 67점,-
Applovin Corporation - Class A Common ,APP,US,미분류,308.24,2026-05-26,86,7.14,1.52,516.07,497.0,515.39,430.25,5.0,19.8,738.01,False,False,False,-40.27,-40.19,False,745.61,-58.7,58.7,False,2.0,46.0,15,False,- · 박스 5주 · 폭 20% · 주가강도 2점,-
JOLIMARK,2028.HK,HK,미분류,4.28,2026-05-27,87,14.29,111.39,0.15,0.15,0.14,0.1,16.0,35.9,0.14,True,True,True,2715.79,2957.14,False,6.12,-30.1,30.1,False,99.0,83.0,15,False,- · 박스 16주 · 폭 36% · 완전돌파 · 주가강도 상위 1% (최상위권),-
TSE4092,4092.T,JP,미분류,5800.0,2026-05-25,87,8.19,1.73,4225.0,4225.0,4010.0,3160.0,4.0,26.9,4055.0,True,True,True,37.28,44.64,False,6360.0,-8.8,8.8,False,90.0,69.0,6,False,- · 박스 4주 · 폭 27% · 완전돌파 · 주가강도 상위 10% (최상위권),-
Dell Technologies Inc. Class C Common ,DELL,US,미분류,543.43,2026-05-22,87,6.05,2.08,268.1,265.21,263.99,191.75,5.0,37.7,263.99,True,True,True,102.7,105.85,False,595.51,-8.7,8.7,False,98.0,65.0,15,False,- · 박스 5주 · 폭 38% · 완전돌파 · 주가강도 상위 2% (최상위권),-
LEGENDHOLDING,3396.HK,HK,미분류,25.32,2026-05-27,87,5.23,7.95,13.68,13.07,13.23,9.14,5.0,44.7,13.23,True,False,True,85.09,91.38,False,43.95,-42.4,3.4,False,97.0,65.0,15,False,- · 박스 5주 · 폭 45% · 주가강도 상위 3% (최상위권),-
Lionsgate Studios Corp Common Shares,LION,US,미분류,10.97,2026-05-22,87,5.03,3.51,13.56,13.56,13.03,10.55,6.0,23.5,13.03,True,True,False,-19.1,-15.81,False,16.7,-34.3,34.3,False,36.0,63.0,15,False,- · 박스 6주 · 폭 24% · 완전돌파 · 주가강도 36점,-
GlobalFoundries Inc. - Ordinary Share,GFS,US,미분류,47.78,2026-05-22,87,5.32,2.64,85.68,85.06,81.46,57.93,4.0,40.6,81.46,True,True,False,-44.23,-41.35,False,92.55,-48.4,48.4,False,28.0,59.0,15,False,- · 박스 4주 · 폭 41% · 완전돌파 · 주가강도 28점,-
"Rigetti Computing, Inc.  - Common stoc",RGTI,US,미분류,15.95,2026-05-22,87,4.17,6.59,22.96,22.66,22.1,15.3,5.0,44.4,30.2,False,True,False,-30.53,-27.83,False,58.15,-72.6,72.6,False,9.0,58.0,15,False,- · 박스 5주 · 폭 44% · 완전돌파 · 주가강도 9점,-
TSE8065,8065.T,JP,미분류,2910.0,2026-05-25,87,8.89,3.32,3370.0,3155.0,3285.0,2550.0,5.0,28.8,3285.0,True,False,False,-13.65,-11.42,False,4095.0,-28.9,28.9,False,60.0,57.0,15,False,- · 박스 5주 · 폭 29% · 주가강도 60점,-
昊华科技,600378.SS,CN,미분류,41.75,2026-05-27,87,4.13,3.97,40.87,39.71,39.25,30.31,8.0,29.5,40.33,True,True,True,2.15,6.37,False,88.1,-52.6,52.6,False,31.0,57.0,15,False,- · 박스 8주 · 폭 30% · 완전돌파 · 주가강도 31점,-
한올바이오파마,009420.KS,KR,미분류,42600.0,2026-05-22,87,5.7,4.66,53800.0,48850.0,53500.0,38400.0,6.0,39.3,66600.0,False,False,False,-20.82,-20.37,False,73000.0,-41.6,41.6,False,11.0,54.0,15,False,- · 박스 6주 · 폭 39% · 주가강도 11점,-
TSE6762,6762.T,JP,미분류,2999.5,2026-05-25,87,6.23,1.61,3580.0,3473.0,3383.0,2498.0,4.0,35.4,3383.0,True,True,False,-16.22,-11.34,False,4315.0,-30.5,30.5,False,52.0,54.0,15,False,- · 박스 4주 · 폭 35% · 완전돌파 · 주가강도 52점,-
TSE6817,6817.T,JP,미분류,1240.0,2026-05-25,87,4.35,1.58,1440.0,1440.0,1413.0,1178.0,6.0,19.9,1413.0,True,True,False,-13.89,-12.24,False,4600.0,-73.0,23.7,False,30.0,54.0,15,False,- · 박스 6주 · 폭 20% · 완전돌파 · 주가강도 30점,-
TSE3915,3915.T,JP,미분류,2204.0,2026-05-25,87,9.6,2.33,2169.0,2020.0,2080.0,1706.0,5.0,21.9,2338.0,False,False,True,1.61,5.96,False,5750.0,-61.7,40.7,False,39.0,50.0,6,False,- · 박스 5주 · 폭 22% · 주가강도 39점,-
더블유게임즈,192080.KS,KR,미분류,58600.0,2026-05-22,87,2.77,1.85,66800.0,66200.0,65400.0,50700.0,5.0,29.0,65400.0,True,True,False,-12.28,-10.4,False,76500.0,-23.4,23.4,False,31.0,48.0,15,False,- · 박스 5주 · 폭 29% · 완전돌파 · 주가강도 31점,-
TSE2760,2760.T,JP,미분류,4455.0,2026-05-25,87,6.15,1.92,4485.0,4160.0,4435.0,3060.0,6.0,44.9,4435.0,True,False,True,-0.67,0.45,False,8180.0,-45.5,5.8,False,67.0,44.0,15,False,- · 박스 6주 · 폭 45% · 주가강도 67점,-
新金路,000510.SZ,CN,미분류,17.27,2026-05-27,87,2.88,2.27,18.59,17.9,18.07,12.71,9.0,42.2,23.5,False,False,False,-7.1,-4.43,False,27.85,-38.0,38.0,False,81.0,38.0,15,False,- · 박스 9주 · 폭 42% · 주가강도 상위 19%,-
TSE3687,3687.T,JP,미분류,2214.0,2026-05-22,88,10.19,5.26,1730.0,1727.0,1710.0,1186.0,24.0,44.2,1915.0,False,True,True,27.98,29.47,False,3690.0,-40.0,40.0,False,59.0,75.0,15,False,- · 박스 24주 · 폭 44% · 완전돌파 · 주가강도 59점,-
SMIC,0981.HK,HK,미분류,61.05,2026-05-26,88,14.97,4.16,91.8,84.1,80.1,56.6,6.0,41.5,80.1,True,True,False,-33.5,-23.78,False,93.5,-34.7,34.7,False,15.0,72.0,15,False,- · 박스 6주 · 폭 42% · 완전돌파 · 주가강도 15점,-
华天科技,002185.SZ,CN,미분류,17.02,2026-05-26,88,10.02,3.85,18.67,18.16,16.97,11.92,6.0,42.4,16.97,True,True,False,-8.84,0.29,False,26.81,-36.5,36.5,False,59.0,67.0,15,False,- · 박스 6주 · 폭 42% · 완전돌파 · 주가강도 59점,-
DONGYUE GROUP,0189.HK,HK,미분류,11.12,2026-05-26,88,7.72,17.37,14.65,14.1,13.72,10.59,8.0,29.6,14.69,False,True,False,-24.1,-18.95,False,28.5,-61.0,53.2,False,10.0,64.0,15,False,- · 박스 8주 · 폭 30% · 완전돌파 · 주가강도 10점,-
意华股份,002897.SZ,CN,미분류,58.46,2026-05-26,88,5.99,2.71,84.08,80.33,79.33,55.67,13.0,42.5,79.33,True,True,False,-30.47,-26.31,False,104.0,-43.8,43.8,False,28.0,63.0,15,False,- · 박스 13주 · 폭 42% · 완전돌파 · 주가강도 28점,-
TSE6976,6976.T,JP,미분류,9629.0,2026-05-22,88,5.52,2.45,8595.0,8581.0,8420.0,5970.0,4.0,41.0,8420.0,True,True,True,12.03,14.36,False,24065.0,-60.0,60.0,False,93.0,61.0,15,False,- · 박스 4주 · 폭 41% · 완전돌파 · 주가강도 상위 7% (최상위권),-
TSE9984,9984.T,JP,미분류,6307.0,2026-05-22,88,10.95,1.62,6700.0,6614.0,6424.0,4556.0,4.0,41.0,6424.0,True,True,False,-5.87,-1.82,False,9074.0,-30.5,30.5,False,70.0,58.0,15,False,- · 박스 4주 · 폭 41% · 완전돌파 · 주가강도 70점,-
卧龙电驱,600580.SS,CN,미분류,25.96,2026-05-26,88,2.38,3.43,43.5,43.01,42.78,34.9,11.0,22.6,51.4,False,True,False,-40.32,-39.32,False,56.87,-54.4,54.4,False,3.0,53.0,15,False,- · 박스 11주 · 폭 23% · 완전돌파 · 주가강도 3점,-
KINGBOARD HLDG,0148.HK,HK,미분류,55.4,2026-05-26,88,3.26,2.1,60.2,59.0,58.8,43.56,4.0,35.0,58.8,True,True,False,-7.97,-5.78,False,151.8,-63.5,63.5,False,71.0,48.0,15,False,- · 박스 4주 · 폭 35% · 완전돌파 · 주가강도 71점,-
Star Bulk Carriers Corp. - Common Shar,SBLK,US,미분류,29.3,2026-05-21,88,4.83,2.72,27.98,26.61,27.69,21.48,16.0,28.9,27.69,True,False,True,4.72,5.81,False,1133.04,-97.4,10.9,False,69.0,47.0,15,False,- · 박스 16주 · 폭 29% · 주가강도 69점,-
顺络电子,002138.SZ,CN,미분류,48.88,2026-05-25,89,5.89,2.59,45.85,44.68,44.44,30.75,36.0,44.5,44.44,True,True,True,6.61,9.99,False,79.72,-38.7,38.7,False,46.0,66.0,15,False,- · 박스 36주 · 폭 44% · 완전돌파 · 주가강도 46점,-
Dorian LPG Ltd. Common Stock,LPG,US,미분류,54.36,2026-05-20,89,7.75,3.39,45.6,42.76,43.09,33.27,7.0,29.5,43.09,True,False,True,19.21,26.15,False,59.97,-9.4,9.4,False,91.0,64.0,15,False,- · 박스 7주 · 폭 30% · 주가강도 상위 9% (최상위권),-
博迁新材,605376.SS,CN,미분류,118.55,2026-05-25,89,10.0,2.75,168.63,163.67,153.3,108.59,4.0,41.2,153.3,True,True,False,-29.7,-22.67,False,296.3,-60.0,60.0,False,66.0,63.0,15,False,- · 박스 4주 · 폭 41% · 완전돌파 · 주가강도 66점,-
"Immunovant, Inc.  - Common Stock",IMVT,US,미분류,33.49,2026-05-20,89,15.79,13.43,30.44,30.1,30.16,23.24,8.0,29.8,30.16,True,False,True,10.02,11.04,False,53.75,-37.7,26.3,False,65.0,62.0,15,False,- · 박스 8주 · 폭 30% · 주가강도 65점,-
洁美科技,002859.SZ,CN,미분류,59.78,2026-05-25,89,6.43,2.69,63.91,62.26,60.05,41.9,5.0,43.3,60.05,True,True,False,-6.46,-0.45,False,115.91,-48.4,48.4,False,67.0,59.0,15,False,- · 박스 5주 · 폭 43% · 완전돌파 · 주가강도 67점,-
景旺电子,603228.SS,CN,미분류,100.53,2026-05-25,89,6.65,2.1,87.99,84.61,82.5,64.4,4.0,28.1,82.5,True,True,True,14.25,21.85,False,113.6,-11.5,11.5,False,84.0,58.0,15,False,- · 박스 4주 · 폭 28% · 완전돌파 · 주가강도 상위 16%,-
火炬电子,603678.SS,CN,미분류,43.76,2026-05-25,89,9.66,4.94,41.32,39.11,39.65,30.91,10.0,28.3,44.2,False,False,True,5.91,10.37,False,91.3,-52.1,52.1,False,23.0,58.0,15,False,- · 박스 10주 · 폭 28% · 주가강도 23점,-
光华科技,002741.SZ,CN,미분류,26.5,2026-05-25,89,5.48,2.04,26.75,26.68,25.36,19.88,4.0,27.6,26.05,True,True,True,-0.93,4.5,False,45.8,-42.1,37.1,False,38.0,54.0,15,False,- · 박스 4주 · 폭 28% · 완전돌파 · 주가강도 38점,-
三祥新材,603663.SS,CN,미분류,44.26,2026-05-25,89,4.97,3.35,37.86,36.51,36.06,27.96,9.0,29.0,40.64,False,True,True,16.91,22.73,False,75.61,-41.5,41.5,False,70.0,53.0,15,False,- · 박스 9주 · 폭 29% · 완전돌파 · 주가강도 70점,-
春秋电子,603890.SS,CN,미분류,14.91,2026-05-25,89,4.48,2.65,24.0,23.54,22.97,18.36,4.0,25.1,22.97,True,True,False,-37.88,-35.09,False,32.58,-54.2,54.2,False,13.0,53.0,15,False,- · 박스 4주 · 폭 25% · 완전돌파 · 주가강도 13점,-
洪田股份,603800.SS,CN,미분류,53.93,2026-05-25,89,9.26,2.37,68.42,62.2,62.88,45.0,5.0,39.7,62.88,True,False,False,-21.18,-14.23,False,92.23,-41.5,41.5,False,18.0,48.0,15,False,- · 박스 5주 · 폭 40% · 주가강도 18점,-
新安股份,600596.SS,CN,미분류,10.46,2026-05-25,89,3.09,3.1,13.67,12.98,13.26,10.4,9.0,27.5,14.04,False,False,False,-23.48,-21.12,False,33.93,-69.2,43.1,False,11.0,43.0,15,False,- · 박스 9주 · 폭 28% · 주가강도 11점,-
盈方微,000670.SZ,CN,미분류,7.6,2026-05-25,89,2.36,2.8,9.11,9.01,9.06,7.02,7.0,29.1,11.23,False,False,False,-16.58,-16.11,False,24.18,-68.6,32.3,False,22.0,39.0,15,False,- · 박스 7주 · 폭 29% · 주가강도 22점,-
"CleanSpark, Inc. - Common Stock",CLSK,US,미분류,13.34,2026-05-20,89,2.38,2.04,15.04,14.6,15.04,10.81,5.0,39.1,15.54,False,False,False,-11.3,-11.29,False,150.1,-91.1,43.5,False,46.0,34.0,15,False,- · 박스 5주 · 폭 39% · 주가강도 46점,-
